-- phpMyAdmin SQL Dump
-- version 3.4.11.1deb1
-- http://www.phpmyadmin.net
--
-- Host: localhost
-- Generation Time: Jan 21, 2013 at 09:51 AM
-- Server version: 5.5.28
-- PHP Version: 5.4.6-1ubuntu1.1

SET SQL_MODE="NO_AUTO_VALUE_ON_ZERO";
SET time_zone = "+00:00";


/*!40101 SET @OLD_CHARACTER_SET_CLIENT=@@CHARACTER_SET_CLIENT */;
/*!40101 SET @OLD_CHARACTER_SET_RESULTS=@@CHARACTER_SET_RESULTS */;
/*!40101 SET @OLD_COLLATION_CONNECTION=@@COLLATION_CONNECTION */;
/*!40101 SET NAMES utf8 */;

--
-- Database: `OAB_development`
--

-- --------------------------------------------------------

--
-- Table structure for table `appointments`
--

CREATE TABLE IF NOT EXISTS `appointments` (
  `id` int(11) NOT NULL AUTO_INCREMENT,
  `referral_name` varchar(255) COLLATE utf8_unicode_ci DEFAULT NULL,
  `org_code` varchar(255) COLLATE utf8_unicode_ci DEFAULT NULL,
  `org_location` varchar(255) COLLATE utf8_unicode_ci DEFAULT NULL,
  `registration_id` varchar(255) COLLATE utf8_unicode_ci DEFAULT NULL,
  `op_number` int(10) DEFAULT NULL,
  `mr_no` varchar(255) COLLATE utf8_unicode_ci DEFAULT NULL,
  `book_date` date NOT NULL,
  `case_type` varchar(250) COLLATE utf8_unicode_ci NOT NULL,
  `appt_type` varchar(255) COLLATE utf8_unicode_ci DEFAULT NULL,
  `appt_date` date NOT NULL,
  `appt_time` time NOT NULL,
  `department` varchar(255) COLLATE utf8_unicode_ci DEFAULT NULL,
  `consultant_id` varchar(255) COLLATE utf8_unicode_ci DEFAULT NULL,
  `consultant_fee` float DEFAULT NULL,
  `bill_no11` varchar(255) COLLATE utf8_unicode_ci DEFAULT NULL,
  `concession_authority` varchar(250) COLLATE utf8_unicode_ci DEFAULT NULL,
  `concession` decimal(10,0) NOT NULL DEFAULT '0',
  `paid_amount` decimal(10,0) NOT NULL DEFAULT '0',
  `user_id` varchar(255) COLLATE utf8_unicode_ci DEFAULT NULL,
  `patient_type` varchar(255) COLLATE utf8_unicode_ci NOT NULL,
  `status` varchar(250) COLLATE utf8_unicode_ci NOT NULL,
  `created_at` datetime DEFAULT NULL,
  `updated_at` datetime DEFAULT NULL,
  `reg_fee` float DEFAULT NULL,
  `date` date NOT NULL,
  `time` time NOT NULL,
  PRIMARY KEY (`id`)
) ENGINE=InnoDB  DEFAULT CHARSET=utf8 COLLATE=utf8_unicode_ci AUTO_INCREMENT=13 ;

--
-- Dumping data for table `appointments`
--

INSERT INTO `appointments` (`id`, `referral_name`, `org_code`, `org_location`, `registration_id`, `op_number`, `mr_no`, `book_date`, `case_type`, `appt_type`, `appt_date`, `appt_time`, `department`, `consultant_id`, `consultant_fee`, `bill_no11`, `concession_authority`, `concession`, `paid_amount`, `user_id`, `patient_type`, `status`, `created_at`, `updated_at`, `reg_fee`, `date`, `time`) VALUES
(1, '', 'Sample', 'Hyderabed', '2', 1, 'MR0000002', '2012-10-16', '1', 'OP', '2012-10-16', '11:15:00', '8', '38', NULL, '35', NULL, 0, 200, '28', 'New', 'Booked', '2012-10-16 05:12:59', '2012-10-16 05:12:59', NULL, '0000-00-00', '00:00:00'),
(2, '', 'Sample', 'Hyderabed', '3', 1, 'MR0000003', '2012-10-16', '1', 'OP', '2012-10-16', '12:15:00', '5', '32', NULL, '36', NULL, 0, 200, '28', 'New', 'Booked', '2012-10-16 05:14:30', '2012-10-16 05:14:30', NULL, '0000-00-00', '00:00:00'),
(3, '', 'Sample', 'Hyderabed', '5', 2, 'MR0000005', '2012-10-16', '1', 'OP', '2012-10-16', '12:00:00', '5', '32', NULL, '38', NULL, 0, 200, '28', 'New', 'Booked', '2012-10-16 05:20:22', '2012-10-16 05:20:22', NULL, '0000-00-00', '00:00:00'),
(4, '', 'Sample', 'Hyderabed', '6', 2, 'MR0000006', '2012-10-16', '1', 'OP', '2012-10-16', '12:15:00', '8', '38', NULL, '39', NULL, 0, 200, '28', 'New', 'Booked', '2012-10-16 05:24:03', '2012-10-16 05:24:03', NULL, '0000-00-00', '00:00:00'),
(5, '', 'Sample', 'Hyderabed', '7', 1, 'MR0000007', '2012-10-16', '1', 'OP', '2012-10-16', '13:00:00', '3', '28', NULL, '40', NULL, 0, 200, '28', 'New', 'Booked', '2012-10-16 05:28:02', '2012-10-16 05:28:02', NULL, '0000-00-00', '00:00:00'),
(6, '', 'Sample', 'Hyderabed', '11', 2, 'MR0000011', '2012-10-16', '1', 'OP', '2012-10-16', '12:15:00', '3', '28', NULL, '44', NULL, 0, 200, '28', 'New', 'Booked', '2012-10-16 05:41:25', '2012-10-16 05:41:25', NULL, '0000-00-00', '00:00:00'),
(7, '2', 'Sample', 'Hyderabed', '12', 3, 'MR0000012', '2012-10-16', '1', 'OP', '2012-10-16', '13:30:00', '3', '28', NULL, '45', NULL, 0, 200, '28', 'New', 'Booked', '2012-10-16 06:15:03', '2012-10-16 06:15:03', NULL, '0000-00-00', '00:00:00'),
(8, '', 'Sample', 'Hyderabed', '13', 1, 'MR0000013', '2012-10-16', '1', 'OP', '2012-10-16', '13:15:00', '7', '36', NULL, '46', NULL, 0, 200, '28', 'New', 'Booked', '2012-10-16 06:16:42', '2012-10-16 06:16:42', NULL, '0000-00-00', '00:00:00'),
(9, '', 'Sample', 'Hyderabed', '14', 1, 'MR0000014', '2012-10-16', '1', 'OP', '2012-10-16', '12:15:00', '10', '3', NULL, '47', NULL, 0, 200, '28', 'New', 'Booked', '2012-10-16 06:18:12', '2012-10-16 06:18:12', NULL, '0000-00-00', '00:00:00'),
(10, '', 'Sample', 'Hyderabed', '15', 1, 'MR0000015', '2012-10-16', '1', 'OP', '2012-10-16', '15:30:00', '11', '9', NULL, '48', NULL, 0, 200, '28', 'New', 'Booked', '2012-10-16 06:19:37', '2012-10-16 06:19:37', NULL, '0000-00-00', '00:00:00'),
(11, '', 'Sample', 'Hyderabed', '16', 1, 'MR0000016', '2012-10-16', '1', 'OP', '2012-10-16', '14:15:00', '1', '24', NULL, '49', NULL, 0, 200, '28', 'New', 'Booked', '2012-10-16 06:21:20', '2012-10-16 06:21:20', NULL, '0000-00-00', '00:00:00'),
(12, '1', 'Sample', 'Hyderabed', '17', 1, 'MR0000017', '2012-10-16', '1', 'OP', '2012-10-16', '13:30:00', '2', '26', NULL, '50', NULL, 0, 200, '28', 'New', 'Booked', '2012-10-16 06:23:22', '2012-10-16 06:23:22', NULL, '0000-00-00', '00:00:00');

-- --------------------------------------------------------

--
-- Table structure for table `aricles`
--

CREATE TABLE IF NOT EXISTS `aricles` (
  `id` int(11) NOT NULL AUTO_INCREMENT,
  `name` varchar(255) COLLATE utf8_unicode_ci DEFAULT NULL,
  `comment` text COLLATE utf8_unicode_ci,
  `created_at` datetime NOT NULL,
  `updated_at` datetime NOT NULL,
  PRIMARY KEY (`id`)
) ENGINE=InnoDB DEFAULT CHARSET=utf8 COLLATE=utf8_unicode_ci AUTO_INCREMENT=1 ;

-- --------------------------------------------------------

--
-- Table structure for table `bookappointments`
--

CREATE TABLE IF NOT EXISTS `bookappointments` (
  `id` int(11) NOT NULL AUTO_INCREMENT,
  `clinic_id` int(11) DEFAULT NULL,
  `consultant_master_id` int(11) DEFAULT NULL,
  `name` varchar(255) DEFAULT NULL,
  `gender` varchar(255) DEFAULT NULL,
  `age` int(11) DEFAULT NULL,
  `address` text,
  `phonenum` int(11) DEFAULT NULL,
  `email` varchar(255) DEFAULT NULL,
  `created_at` datetime NOT NULL,
  `updated_at` datetime NOT NULL,
  PRIMARY KEY (`id`)
) ENGINE=InnoDB  DEFAULT CHARSET=latin1 AUTO_INCREMENT=13 ;

--
-- Dumping data for table `bookappointments`
--

INSERT INTO `bookappointments` (`id`, `clinic_id`, `consultant_master_id`, `name`, `gender`, `age`, `address`, `phonenum`, `email`, `created_at`, `updated_at`) VALUES
(8, NULL, NULL, 'Ramesh', 'Male', 23, 'Ameerpet,Hyderabad', 2147483647, 'harijobmail@gmail.com', '2013-01-05 05:38:54', '2013-01-05 05:38:54'),
(10, 1, 1, 'hari', 'Male', 24, 'hyderabad,borabanda', 2147483647, 'hari@gmail.com', '2013-01-11 11:51:10', '2013-01-11 11:51:10'),
(11, 1, 1, 'hari', 'Male', 24, 'hyderabad', 2147483647, 'hari@gmail.com', '2013-01-11 11:56:18', '2013-01-11 11:56:18'),
(12, 1, 1, 'hari krishna', 'Male', 23, 'fsdafhk', 2147483647, 'billalavanya91@gmail.com', '2013-01-16 07:59:13', '2013-01-16 07:59:13');

-- --------------------------------------------------------

--
-- Table structure for table `charge_masters`
--

CREATE TABLE IF NOT EXISTS `charge_masters` (
  `id` int(11) NOT NULL AUTO_INCREMENT,
  `branch_code` varchar(255) COLLATE utf8_unicode_ci DEFAULT NULL,
  `branch_location` varchar(255) COLLATE utf8_unicode_ci DEFAULT NULL,
  `test_group_id` int(11) DEFAULT NULL,
  `test_sub_group_id` int(11) DEFAULT NULL,
  `test_master_id` int(11) DEFAULT NULL,
  `price` float NOT NULL DEFAULT '0',
  `collection_center_type` varchar(255) COLLATE utf8_unicode_ci DEFAULT NULL,
  `centers_price` float NOT NULL DEFAULT '0',
  `centers_discount_per` float NOT NULL DEFAULT '0',
  `centers_discount_amt` float NOT NULL DEFAULT '0',
  `centers_cost` float NOT NULL DEFAULT '0',
  `referral_type` varchar(250) COLLATE utf8_unicode_ci DEFAULT NULL,
  `referrals_price` float NOT NULL DEFAULT '0',
  `referrals_commission_per` float NOT NULL DEFAULT '0',
  `referrals_commission_amt` float NOT NULL DEFAULT '0',
  `referrals_cost` float NOT NULL DEFAULT '0',
  `created_at` datetime DEFAULT NULL,
  `updated_at` datetime DEFAULT NULL,
  PRIMARY KEY (`id`)
) ENGINE=InnoDB  DEFAULT CHARSET=utf8 COLLATE=utf8_unicode_ci AUTO_INCREMENT=849 ;

--
-- Dumping data for table `charge_masters`
--

INSERT INTO `charge_masters` (`id`, `branch_code`, `branch_location`, `test_group_id`, `test_sub_group_id`, `test_master_id`, `price`, `collection_center_type`, `centers_price`, `centers_discount_per`, `centers_discount_amt`, `centers_cost`, `referral_type`, `referrals_price`, `referrals_commission_per`, `referrals_commission_amt`, `referrals_cost`, `created_at`, `updated_at`) VALUES
(1, 'Nandi Diagnostics', 'Pune', 1, 1, 16, 3000, '', 3000, 46.67, 1400, 1600, '', 3000, 0, 0, 0, '2012-11-07 14:12:56', '2012-11-19 12:24:42'),
(2, 'Nandi Diagnostics', 'Pune', 1, 1, 17, 2400, '', 2400, 50, 1200, 1200, '', 2400, 0, 0, 0, '2012-11-07 14:13:13', '2012-11-19 12:26:20'),
(3, 'Nandi Diagnostics', 'Pune', 1, 1, 18, 1100, '', 1100, 31.82, 350, 750, '', 1100, 0, 0, 0, '2012-11-07 14:13:31', '2012-11-19 12:27:23'),
(4, 'Nandi Diagnostics', 'Pune', 1, 1, 19, 600, '', 600, 41.67, 250, 350, '', 600, 0, 0, 0, '2012-11-07 14:13:47', '2012-11-19 12:27:55'),
(5, 'Nandi Diagnostics', 'Pune', 28, 15, 0, 1500, '', 1500, 46.67, 700, 800, '', 1500, 0, 0, 0, '2012-11-07 14:14:07', '2013-01-16 15:26:53'),
(6, 'Nandi Diagnostics', 'Pune', 1, 1, 21, 1400, '', 1400, 46.43, 650, 750, '', 1400, 0, 0, 0, '2012-11-07 14:14:22', '2012-11-19 12:29:07'),
(7, 'Nandi Diagnostics', 'Pune', 1, 1, 22, 100, '', 100, 50, 50, 50, '', 100, 0, 0, 0, '2012-11-07 14:14:40', '2012-11-19 12:31:34'),
(8, 'Nandi Diagnostics', 'Pune', 1, 1, 23, 100, '', 100, 50, 50, 50, '', 100, 0, 0, 0, '2012-11-07 14:15:05', '2012-11-19 12:31:58'),
(9, 'Nandi Diagnostics', 'Pune', 1, 1, 24, 100, '', 100, 50, 50, 50, '', 100, 0, 0, 0, '2012-11-07 14:19:14', '2012-11-19 12:32:17'),
(10, 'Nandi Diagnostics', 'Pune', 1, 1, 25, 7400, '', 7400, 32.43, 2400, 5000, '', 7400, 0, 0, 0, '2012-11-07 14:19:34', '2012-11-19 12:33:22'),
(11, 'Nandi Diagnostics', 'Pune', 1, 1, 26, 4000, '', 4000, 37.5, 1500, 2500, '', 4000, 0, 0, 0, '2012-11-07 14:19:51', '2012-11-19 12:44:35'),
(12, 'Nandi Diagnostics', 'Pune', 1, 1, 27, 4800, '', 4800, 33.33, 1600, 3200, '', 4800, 0, 0, 0, '2012-11-07 14:20:08', '2012-11-19 12:43:44'),
(13, 'Nandi Diagnostics', 'Pune', 1, 1, 28, 2000, '', 2000, 50, 1000, 1000, '', 2000, 0, 0, 0, '2012-11-07 14:20:25', '2012-11-19 12:44:59'),
(14, 'Nandi Diagnostics', 'Pune', 1, 1, 29, 750, '', 750, 40, 300, 450, '', 750, 0, 0, 0, '2012-11-07 14:20:42', '2012-11-19 12:45:22'),
(15, 'Nandi Diagnostics', 'Pune', 1, 1, 30, 350, '', 350, 50, 175, 175, '', 350, 0, 0, 0, '2012-11-07 14:21:01', '2012-11-19 12:51:02'),
(16, 'Nandi Diagnostics', 'Pune', 1, 1, 31, 300, '', 300, 41.67, 125, 175, '', 300, 0, 0, 0, '2012-11-07 14:21:21', '2012-11-19 12:48:33'),
(17, 'Nandi Diagnostics', 'Pune', 1, 1, 32, 4200, '', 4200, 57.14, 2400, 1800, '', 4200, 0, 0, 0, '2012-11-07 14:21:39', '2012-11-19 12:48:58'),
(18, 'Nandi Diagnostics', 'Pune', 1, 1, 33, 350, '', 350, 57.14, 200, 150, '', 350, 0, 0, 0, '2012-11-07 14:22:00', '2012-11-19 12:50:36'),
(19, 'Nandi Diagnostics', 'Pune', 1, 1, 34, 350, '', 350, 57.14, 200, 150, '', 350, 0, 0, 0, '2012-11-07 14:22:16', '2012-11-19 12:51:36'),
(20, 'Nandi Diagnostics', 'Pune', 1, 1, 35, 350, '', 350, 57.14, 200, 150, '', 350, 0, 0, 0, '2012-11-07 14:22:26', '2012-11-19 12:52:08'),
(21, 'Nandi Diagnostics', 'Pune', 1, 1, 36, 350, '', 350, 57.14, 200, 150, '', 350, 0, 0, 0, '2012-11-07 14:22:36', '2012-11-19 12:52:26'),
(22, 'Nandi Diagnostics', 'Pune', 1, 1, 37, 350, '', 350, 57.14, 200, 150, '', 350, 0, 0, 0, '2012-11-07 14:22:48', '2012-11-19 12:52:49'),
(23, 'Nandi Diagnostics', 'Pune', 1, 1, 38, 350, '', 350, 57.14, 200, 150, '', 350, 0, 0, 0, '2012-11-07 14:23:02', '2012-11-19 12:53:11'),
(24, 'Nandi Diagnostics', 'Pune', 1, 1, 39, 1250, '', 1250, 32, 400, 850, '', 1250, 0, 0, 0, '2012-11-07 14:23:19', '2012-11-19 12:53:34'),
(25, 'Nandi Diagnostics', 'Pune', 1, 1, 40, 850, '', 850, 41.18, 350, 500, '', 850, 0, 0, 0, '2012-11-07 14:23:40', '2012-11-19 13:00:06'),
(26, 'Nandi Diagnostics', 'Pune', 1, 1, 41, 650, '', 650, 46.15, 300, 350, '', 650, 0, 0, 0, '2012-11-07 14:23:54', '2012-11-19 13:00:57'),
(27, 'Nandi Diagnostics', 'Pune', 1, 1, 42, 150, '', 150, 50, 75, 75, '', 150, 0, 0, 0, '2012-11-07 14:24:12', '2012-11-19 13:01:29'),
(28, 'Nandi Diagnostics', 'Pune', 1, 1, 43, 100, '', 100, 50, 50, 50, '', 100, 0, 0, 0, '2012-11-07 14:24:33', '2012-11-19 13:02:04'),
(29, 'Nandi Diagnostics', 'Pune', 1, 1, 44, 300, '', 300, 50, 150, 150, '', 300, 0, 0, 0, '2012-11-07 14:24:48', '2012-11-19 13:03:26'),
(30, 'Nandi Diagnostics', 'Pune', 1, 1, 45, 1500, '', 1500, 33.33, 500, 1000, '', 1500, 0, 0, 0, '2012-11-07 14:25:11', '2012-11-19 13:04:10'),
(31, 'Nandi Diagnostics', 'Pune', 1, 1, 46, 1500, '', 1500, 33.33, 500, 1000, '', 1500, 0, 0, 0, '2012-11-07 14:25:24', '2012-11-19 13:04:31'),
(32, 'Nandi Diagnostics', 'Pune', 1, 1, 47, 800, '', 800, 43.75, 350, 450, '', 800, 0, 0, 0, '2012-11-07 14:25:38', '2012-11-19 13:05:01'),
(33, 'Nandi Diagnostics', 'Pune', 1, 1, 48, 2000, '', 2000, 40, 800, 1200, '', 2000, 0, 0, 0, '2012-11-07 14:25:52', '2012-11-19 13:05:43'),
(34, 'Nandi Diagnostics', 'Pune', 1, 1, 49, 150, '', 150, 50, 75, 75, '', 150, 0, 0, 0, '2012-11-07 14:26:17', '2012-11-19 13:06:18'),
(35, 'Nandi Diagnostics', 'Pune', 1, 1, 50, 7000, '', 7000, 28.57, 2000, 5000, '', 7000, 0, 0, 0, '2012-11-07 14:27:01', '2012-11-19 13:06:46'),
(36, 'Nandi Diagnostics', 'Pune', 1, 1, 51, 7000, '', 7000, 28.57, 2000, 5000, '', 7000, 0, 0, 0, '2012-11-07 14:28:00', '2012-11-19 13:07:18'),
(37, 'Nandi Diagnostics', 'Pune', 1, 1, 52, 4000, '', 4000, 55, 2200, 1800, '', 4000, 0, 0, 0, '2012-11-07 14:28:25', '2012-11-19 13:07:41'),
(38, 'Nandi Diagnostics', 'Pune', 1, 1, 53, 1800, '', 1800, 0, 0, 0, '', 1800, 0, 0, 0, '2012-11-07 14:28:43', '2012-11-07 14:28:43'),
(39, 'Nandi Diagnostics', 'Pune', 1, 1, 54, 600, '', 600, 53.33, 320, 280, '', 600, 0, 0, 0, '2012-11-07 14:28:57', '2012-11-19 13:08:15'),
(40, 'Nandi Diagnostics', 'Pune', 1, 1, 55, 600, '', 600, 53.33, 320, 280, '', 600, 0, 0, 0, '2012-11-07 14:29:17', '2012-11-19 13:08:38'),
(41, 'Nandi Diagnostics', 'Pune', 1, 1, 56, 1800, '', 1800, 41.67, 750, 1050, '', 1800, 0, 0, 0, '2012-11-07 14:29:31', '2012-11-19 13:09:19'),
(42, 'Nandi Diagnostics', 'Pune', 1, 1, 57, 1500, '', 1500, 30, 450, 1050, '', 1500, 0, 0, 0, '2012-11-07 14:29:48', '2012-11-19 13:09:54'),
(43, 'Nandi Diagnostics', 'Pune', 1, 1, 58, 200, '', 200, 50, 100, 100, '', 200, 0, 0, 0, '2012-11-07 14:30:02', '2012-11-19 13:11:01'),
(44, 'Nandi Diagnostics', 'Pune', 1, 1, 59, 2000, '', 2000, 55, 1100, 900, '', 2000, 0, 0, 0, '2012-11-07 14:30:18', '2012-11-19 13:11:20'),
(45, 'Nandi Diagnostics', 'Pune', 1, 1, 60, 1000, '', 1000, 35, 350, 650, '', 1000, 0, 0, 0, '2012-11-07 14:30:33', '2012-11-19 13:11:44'),
(46, 'Nandi Diagnostics', 'Pune', 1, 1, 61, 700, '', 700, 57.14, 400, 300, '', 700, 0, 0, 0, '2012-11-07 14:30:53', '2012-11-19 13:12:04'),
(47, 'Nandi Diagnostics', 'Pune', 1, 1, 62, 300, '', 300, 41.67, 125, 175, '', 300, 0, 0, 0, '2012-11-07 14:31:38', '2012-11-19 13:12:30'),
(48, 'Nandi Diagnostics', 'Pune', 1, 1, 63, 300, '', 300, 41.67, 125, 175, '', 300, 0, 0, 0, '2012-11-07 14:31:51', '2012-11-19 13:12:54'),
(49, 'Nandi Diagnostics', 'Pune', 1, 1, 64, 300, '', 300, 41.67, 125, 175, '', 300, 0, 0, 0, '2012-11-07 14:32:02', '2012-11-19 13:13:22'),
(50, 'Nandi Diagnostics', 'Pune', 1, 1, 65, 900, '', 900, 50, 450, 450, '', 900, 0, 0, 0, '2012-11-07 14:32:18', '2012-11-19 13:13:49'),
(51, 'Nandi Diagnostics', 'Pune', 1, 1, 66, 900, '', 900, 33.33, 300, 600, '', 900, 0, 0, 0, '2012-11-07 14:32:32', '2012-11-19 13:14:16'),
(52, 'Nandi Diagnostics', 'Pune', 1, 1, 67, 900, '', 900, 50, 450, 450, '', 900, 0, 0, 0, '2012-11-07 14:32:52', '2012-11-19 13:14:52'),
(53, 'Nandi Diagnostics', 'Pune', 1, 1, 68, 900, '', 900, 0, 0, 0, '', 900, 0, 0, 0, '2012-11-07 14:33:05', '2012-11-07 14:33:05'),
(54, 'Nandi Diagnostics', 'Pune', 1, 1, 69, 800, '', 800, 37.5, 300, 500, '', 800, 0, 0, 0, '2012-11-07 14:33:24', '2012-11-19 13:17:01'),
(55, 'Nandi Diagnostics', 'Pune', 1, 1, 70, 800, '', 800, 37.5, 300, 500, '', 800, 0, 0, 0, '2012-11-07 14:33:38', '2012-11-19 13:18:06'),
(56, 'Nandi Diagnostics', 'Pune', 1, 1, 71, 1300, '', 1300, 50, 650, 650, '', 1300, 0, 0, 0, '2012-11-07 14:33:56', '2012-11-19 13:18:54'),
(57, 'Nandi Diagnostics', 'Pune', 1, 1, 72, 850, '', 850, 35.29, 300, 550, '', 850, 0, 0, 0, '2012-11-07 14:34:12', '2012-11-19 13:20:33'),
(58, 'Nandi Diagnostics', 'Pune', 1, 1, 73, 1250, '', 1250, 36, 450, 800, '', 1250, 0, 0, 0, '2012-11-07 14:34:28', '2012-11-19 13:21:53'),
(59, 'Nandi Diagnostics', 'Pune', 1, 1, 74, 1200, '', 1200, 33.33, 400, 800, '', 1200, 0, 0, 0, '2012-11-07 14:34:42', '2012-11-19 13:22:37'),
(60, 'Nandi Diagnostics', 'Pune', 1, 1, 75, 2500, '', 2500, 44, 1100, 1400, '', 2500, 0, 0, 0, '2012-11-07 14:35:08', '2012-11-19 13:27:03'),
(61, 'Nandi Diagnostics', 'Pune', 1, 1, 76, 500, '', 500, 50, 250, 250, '', 500, 0, 0, 0, '2012-11-07 14:35:25', '2012-11-19 13:28:22'),
(62, 'Nandi Diagnostics', 'Pune', 1, 1, 77, 500, '', 500, 50, 250, 250, '', 500, 0, 0, 0, '2012-11-07 14:35:45', '2012-11-19 13:30:13'),
(63, 'Nandi Diagnostics', 'Pune', 1, 1, 78, 800, '', 800, 50, 400, 400, '', 800, 0, 0, 0, '2012-11-07 14:35:58', '2012-11-19 13:32:24'),
(64, 'Nandi Diagnostics', 'Pune', 1, 1, 79, 1000, '', 1000, 30, 300, 700, '', 1000, 0, 0, 0, '2012-11-07 14:36:13', '2012-11-19 13:33:27'),
(65, 'Nandi Diagnostics', 'Pune', 1, 1, 80, 1500, '', 1500, 33.33, 500, 1000, '', 1500, 0, 0, 0, '2012-11-07 14:36:25', '2012-11-19 13:34:09'),
(66, 'Nandi Diagnostics', 'Pune', 1, 1, 81, 2400, '', 2400, 33.33, 800, 1600, '', 2400, 0, 0, 0, '2012-11-07 14:37:08', '2012-11-19 13:35:14'),
(67, 'Nandi Diagnostics', 'Pune', 1, 1, 82, 1800, '', 1800, 50, 900, 900, '', 1800, 0, 0, 0, '2012-11-07 14:37:25', '2012-11-19 13:36:43'),
(68, 'Nandi Diagnostics', 'Pune', 1, 1, 83, 1800, '', 1800, 0, 0, 0, '', 1800, 0, 0, 0, '2012-11-07 14:40:03', '2012-11-07 14:40:03'),
(69, 'Nandi Diagnostics', 'Pune', 1, 1, 84, 1800, '', 1800, 0, 0, 0, '', 1800, 0, 0, 0, '2012-11-07 14:40:17', '2012-11-07 14:40:17'),
(70, 'Nandi Diagnostics', 'Pune', 1, 1, 85, 1200, '', 1200, 0, 0, 0, '', 1200, 0, 0, 0, '2012-11-07 14:40:41', '2012-11-07 14:40:41'),
(71, 'Nandi Diagnostics', 'Pune', 1, 1, 86, 3500, '', 3500, 0, 0, 0, '', 3500, 0, 0, 0, '2012-11-07 14:40:58', '2012-11-07 14:40:58'),
(72, 'Nandi Diagnostics', 'Pune', 1, 1, 87, 600, '', 600, 0, 0, 0, '', 600, 0, 0, 0, '2012-11-07 14:41:11', '2012-11-07 14:41:11'),
(73, 'Nandi Diagnostics', 'Pune', 1, 1, 88, 1200, '', 1200, 0, 0, 0, '', 1200, 0, 0, 0, '2012-11-07 14:41:30', '2012-11-07 14:41:30'),
(74, 'Nandi Diagnostics', 'Pune', 1, 1, 89, 1400, '', 1400, 0, 0, 0, '', 1400, 0, 0, 0, '2012-11-07 14:41:51', '2012-11-07 14:41:51'),
(75, 'Nandi Diagnostics', 'Pune', 1, 1, 90, 700, '', 700, 0, 0, 0, '', 700, 0, 0, 0, '2012-11-07 14:42:11', '2012-11-07 14:42:11'),
(76, 'Nandi Diagnostics', 'Pune', 1, 1, 91, 700, '', 700, 0, 0, 0, '', 700, 0, 0, 0, '2012-11-07 14:42:30', '2012-11-07 14:42:30'),
(77, 'Nandi Diagnostics', 'Pune', 1, 1, 92, 1600, '', 1600, 0, 0, 0, '', 1600, 0, 0, 0, '2012-11-07 14:42:50', '2012-11-07 14:42:50'),
(78, 'Nandi Diagnostics', 'Pune', 1, 1, 93, 3500, '', 3500, 0, 0, 0, '', 3500, 0, 0, 0, '2012-11-07 14:43:06', '2012-11-07 14:43:06'),
(79, 'Nandi Diagnostics', 'Pune', 1, 1, 94, 1600, '', 1600, 0, 0, 0, '', 1600, 0, 0, 0, '2012-11-07 14:43:25', '2012-11-07 14:43:25'),
(80, 'Nandi Diagnostics', 'Pune', 1, 1, 95, 1000, '', 1000, 0, 0, 0, '', 1000, 0, 0, 0, '2012-11-07 14:43:41', '2012-11-07 14:43:41'),
(81, 'Nandi Diagnostics', 'Pune', 1, 1, 96, 3000, '', 3000, 0, 0, 0, '', 3000, 0, 0, 0, '2012-11-07 14:43:56', '2012-11-07 14:43:56'),
(82, 'Nandi Diagnostics', 'Pune', 1, 1, 97, 1800, '', 1800, 0, 0, 0, '', 1800, 0, 0, 0, '2012-11-07 14:44:27', '2012-11-07 14:44:27'),
(83, 'Nandi Diagnostics', 'Pune', 1, 1, 98, 500, '', 500, 0, 0, 0, '', 500, 0, 0, 0, '2012-11-07 14:44:56', '2012-11-07 14:44:56'),
(84, 'Nandi Diagnostics', 'Pune', 1, 1, 99, 500, '', 500, 0, 0, 0, '', 500, 0, 0, 0, '2012-11-07 14:45:11', '2012-11-07 14:45:11'),
(85, 'Nandi Diagnostics', 'Pune', 1, 1, 100, 2500, '', 2500, 0, 0, 0, '', 2500, 0, 0, 0, '2012-11-07 14:45:32', '2012-11-07 14:45:32'),
(86, 'Nandi Diagnostics', 'Pune', 1, 1, 101, 2500, '', 2500, 0, 0, 0, '', 2500, 0, 0, 0, '2012-11-08 06:04:16', '2012-11-08 06:04:16'),
(87, 'Nandi Diagnostics', 'Pune', 1, 1, 102, 300, '', 300, 0, 0, 0, '', 300, 0, 0, 0, '2012-11-08 06:04:32', '2012-11-08 06:04:32'),
(88, 'Nandi Diagnostics', 'Pune', 1, 1, 103, 150, '', 150, 0, 0, 0, '', 150, 0, 0, 0, '2012-11-08 06:04:56', '2012-11-08 06:04:56'),
(89, 'Nandi Diagnostics', 'Pune', 1, 1, 104, 600, '', 600, 0, 0, 0, '', 600, 0, 0, 0, '2012-11-08 06:05:10', '2012-11-08 06:05:10'),
(90, 'Nandi Diagnostics', 'Pune', 1, 1, 105, 3500, '', 3500, 0, 0, 0, '', 3500, 0, 0, 0, '2012-11-08 06:05:27', '2012-11-08 06:05:27'),
(91, 'Nandi Diagnostics', 'Pune', 1, 1, 106, 1200, '', 1200, 0, 0, 0, '', 1200, 0, 0, 0, '2012-11-08 06:05:53', '2012-11-08 06:05:53'),
(92, 'Nandi Diagnostics', 'Pune', 1, 1, 107, 500, '', 500, 0, 0, 0, '', 500, 0, 0, 0, '2012-11-08 06:06:19', '2012-11-08 06:06:19'),
(93, 'Nandi Diagnostics', 'Pune', 1, 1, 108, 1100, '', 1100, 0, 0, 0, '', 1100, 0, 0, 0, '2012-11-08 06:06:40', '2012-11-08 06:06:40'),
(94, 'Nandi Diagnostics', 'Pune', 1, 1, 109, 600, '', 600, 0, 0, 0, '', 600, 0, 0, 0, '2012-11-08 06:06:58', '2012-11-08 06:06:58'),
(95, 'Nandi Diagnostics', 'Pune', 28, 15, 0, 600, '', 600, 58.33, 350, 250, '', 600, 0, 0, 0, '2012-11-08 06:07:12', '2013-01-11 09:16:50'),
(96, 'Nandi Diagnostics', 'Pune', 28, 15, 0, 750, '', 750, 46.67, 350, 400, '', 750, 0, 0, 0, '2012-11-08 06:07:43', '2013-01-11 09:14:10'),
(97, 'Nandi Diagnostics', 'Pune', 1, 1, 112, 1450, '', 1450, 0, 0, 0, '', 1450, 0, 0, 0, '2012-11-08 06:08:20', '2012-11-08 06:08:20'),
(98, 'Nandi Diagnostics', 'Pune', 1, 1, 113, 250, '', 250, 0, 0, 0, '', 250, 0, 0, 0, '2012-11-08 06:08:42', '2012-11-08 06:08:42'),
(99, 'Nandi Diagnostics', 'Pune', 1, 1, 114, 200, '', 200, 0, 0, 0, '', 200, 0, 0, 0, '2012-11-08 06:08:57', '2012-11-08 06:08:57'),
(100, 'Nandi Diagnostics', 'Pune', 1, 1, 115, 100, '', 100, 0, 0, 0, '', 100, 0, 0, 0, '2012-11-08 06:09:19', '2012-11-08 06:09:19'),
(101, 'Nandi Diagnostics', 'Pune', 1, 1, 116, 100, '', 100, 0, 0, 0, '', 100, 0, 0, 0, '2012-11-08 12:37:26', '2012-11-08 12:37:26'),
(102, 'Nandi Diagnostics', 'Pune', 1, 1, 117, 900, '', 900, 0, 0, 0, '', 900, 0, 0, 0, '2012-11-08 12:37:47', '2012-11-08 12:37:47'),
(103, 'Nandi Diagnostics', 'Pune', 1, 1, 118, 900, '', 900, 0, 0, 0, '', 900, 0, 0, 0, '2012-11-08 12:38:16', '2012-11-08 12:38:16'),
(104, 'Nandi Diagnostics', 'Pune', 1, 1, 119, 700, '', 700, 0, 0, 0, '', 700, 0, 0, 0, '2012-11-08 12:38:29', '2012-11-08 12:38:29'),
(105, 'Nandi Diagnostics', 'Pune', 1, 1, 120, 400, '', 400, 0, 0, 0, '', 400, 0, 0, 0, '2012-11-08 12:38:43', '2012-11-08 12:38:43'),
(106, 'Nandi Diagnostics', 'Pune', 1, 1, 121, 850, '', 850, 0, 0, 0, '', 850, 0, 0, 0, '2012-11-08 12:39:12', '2012-11-08 12:39:12'),
(107, 'Nandi Diagnostics', 'Pune', 1, 1, 122, 650, '', 650, 0, 0, 0, '', 650, 0, 0, 0, '2012-11-08 12:39:35', '2012-11-08 12:39:35'),
(108, 'Nandi Diagnostics', 'Pune', 1, 1, 123, 500, '', 500, 0, 0, 0, '', 500, 0, 0, 0, '2012-11-08 12:40:27', '2012-11-08 12:40:27'),
(109, 'Nandi Diagnostics', 'Pune', 1, 1, 124, 50, '', 50, 0, 0, 0, '', 50, 0, 0, 0, '2012-11-08 12:40:48', '2012-11-08 12:40:48'),
(110, 'Nandi Diagnostics', 'Pune', 1, 1, 125, 500, '', 500, 0, 0, 0, '', 500, 0, 0, 0, '2012-11-08 12:41:25', '2012-11-08 12:41:25'),
(111, 'Nandi Diagnostics', 'Pune', 1, 1, 126, 1000, '', 1000, 0, 0, 0, '', 1000, 0, 0, 0, '2012-11-08 12:41:45', '2012-11-08 12:41:45'),
(112, 'Nandi Diagnostics', 'Pune', 1, 1, 127, 100, '', 100, 0, 0, 0, '', 100, 0, 0, 0, '2012-11-08 12:42:19', '2012-11-08 12:42:19'),
(113, 'Nandi Diagnostics', 'Pune', 1, 1, 128, 150, '', 150, 0, 0, 0, '', 150, 0, 0, 0, '2012-11-08 12:42:47', '2012-11-08 12:42:47'),
(114, 'Nandi Diagnostics', 'Pune', 1, 1, 129, 150, '', 150, 0, 0, 0, '', 150, 0, 0, 0, '2012-11-08 12:43:12', '2012-11-08 12:43:12'),
(115, 'Nandi Diagnostics', 'Pune', 1, 1, 130, 1000, '', 1000, 0, 0, 0, '', 1000, 0, 0, 0, '2012-11-08 12:43:48', '2012-11-08 12:43:48'),
(116, 'Nandi Diagnostics', 'Pune', 1, 1, 131, 750, '', 750, 0, 0, 0, '', 750, 0, 0, 0, '2012-11-08 12:45:05', '2012-11-08 12:45:05'),
(117, 'Nandi Diagnostics', 'Pune', 1, 1, 132, 2000, '', 2000, 0, 0, 0, '', 2000, 0, 0, 0, '2012-11-08 12:45:25', '2012-11-08 12:45:25'),
(118, 'Nandi Diagnostics', 'Pune', 1, 1, 133, 1000, '', 1000, 0, 0, 0, '', 1000, 0, 0, 0, '2012-11-08 12:45:53', '2012-11-08 12:45:53'),
(119, 'Nandi Diagnostics', 'Pune', 1, 1, 134, 1000, '', 1000, 0, 0, 0, '', 1000, 0, 0, 0, '2012-11-08 12:46:13', '2012-11-08 12:46:13'),
(120, 'Nandi Diagnostics', 'Pune', 1, 1, 135, 3600, '', 3600, 0, 0, 0, '', 3600, 0, 0, 0, '2012-11-08 12:46:33', '2012-11-08 12:46:33'),
(121, 'Nandi Diagnostics', 'Pune', 1, 1, 136, 1000, '', 1000, 0, 0, 0, '', 1000, 0, 0, 0, '2012-11-08 12:46:48', '2012-11-08 12:46:48'),
(122, 'Nandi Diagnostics', 'Pune', 1, 1, 137, 800, '', 800, 0, 0, 0, '', 800, 0, 0, 0, '2012-11-08 12:47:05', '2012-11-08 12:47:05'),
(123, 'Nandi Diagnostics', 'Pune', 1, 1, 138, 850, '', 850, 0, 0, 0, '', 850, 0, 0, 0, '2012-11-08 12:47:28', '2012-11-08 12:47:28'),
(124, 'Nandi Diagnostics', 'Pune', 1, 1, 139, 850, '', 850, 0, 0, 0, '', 850, 0, 0, 0, '2012-11-08 12:48:25', '2012-11-08 12:48:25'),
(125, 'Nandi Diagnostics', 'Pune', 1, 1, 140, 1500, '', 1500, 0, 0, 0, '', 1500, 0, 0, 0, '2012-11-08 12:48:46', '2012-11-08 12:48:46'),
(126, 'Nandi Diagnostics', 'Pune', 1, 1, 141, 1500, '', 1500, 0, 0, 0, '', 1500, 0, 0, 0, '2012-11-08 12:49:15', '2012-11-08 12:49:15'),
(127, 'Nandi Diagnostics', 'Pune', 1, 1, 142, 1550, '', 1550, 0, 0, 0, '', 1550, 0, 0, 0, '2012-11-08 12:49:37', '2012-11-08 12:49:37'),
(128, 'Nandi Diagnostics', 'Pune', 1, 1, 143, 150, '', 150, 0, 0, 0, '', 150, 0, 0, 0, '2012-11-08 12:49:51', '2012-11-08 12:49:51'),
(129, 'Nandi Diagnostics', 'Pune', 1, 1, 144, 150, '', 150, 0, 0, 0, '', 150, 0, 0, 0, '2012-11-08 12:50:10', '2012-11-08 12:50:10'),
(130, 'Nandi Diagnostics', 'Pune', 1, 1, 145, 550, '', 550, 0, 0, 0, '', 550, 0, 0, 0, '2012-11-08 12:50:23', '2012-11-08 12:50:23'),
(131, 'Nandi Diagnostics', 'Pune', 1, 1, 146, 600, '', 600, 0, 0, 0, '', 600, 0, 0, 0, '2012-11-08 12:50:37', '2012-11-08 12:50:37'),
(132, 'Nandi Diagnostics', 'Pune', 1, 1, 147, 500, '', 500, 0, 0, 0, '', 500, 0, 0, 0, '2012-11-08 12:50:53', '2012-11-08 12:50:53'),
(133, 'Nandi Diagnostics', 'Pune', 1, 1, 148, 500, '', 500, 0, 0, 0, '', 500, 0, 0, 0, '2012-11-08 12:51:08', '2012-11-08 12:51:08'),
(134, 'Nandi Diagnostics', 'Pune', 1, 1, 149, 500, '', 500, 0, 0, 0, '', 500, 0, 0, 0, '2012-11-08 12:51:32', '2012-11-08 12:51:32'),
(135, 'Nandi Diagnostics', 'Pune', 1, 1, 150, 1800, '', 1800, 0, 0, 0, '', 1800, 0, 0, 0, '2012-11-08 12:52:12', '2012-11-08 12:52:12'),
(136, 'Nandi Diagnostics', 'Pune', 1, 1, 151, 2300, '', 2300, 0, 0, 0, '', 2300, 0, 0, 0, '2012-11-08 12:52:30', '2012-11-08 12:52:30'),
(137, 'Nandi Diagnostics', 'Pune', 1, 1, 152, 1000, '', 1000, 0, 0, 0, '', 1000, 0, 0, 0, '2012-11-08 12:52:47', '2012-11-08 12:52:47'),
(138, 'Nandi Diagnostics', 'Pune', 1, 1, 153, 1200, '', 1200, 0, 0, 0, '', 1200, 0, 0, 0, '2012-11-08 12:53:11', '2012-11-08 12:53:11'),
(139, 'Nandi Diagnostics', 'Pune', 1, 1, 154, 1000, '', 1000, 0, 0, 0, '', 1000, 0, 0, 0, '2012-11-08 12:53:32', '2012-11-08 12:53:32'),
(140, 'Nandi Diagnostics', 'Pune', 1, 1, 155, 800, '', 800, 0, 0, 0, '', 800, 0, 0, 0, '2012-11-08 12:53:48', '2012-11-08 12:53:48'),
(141, 'Nandi Diagnostics', 'Pune', 1, 1, 156, 150, '', 150, 0, 0, 0, '', 150, 0, 0, 0, '2012-11-08 12:54:02', '2012-11-08 12:54:02'),
(142, 'Nandi Diagnostics', 'Pune', 1, 1, 157, 150, '', 150, 0, 0, 0, '', 150, 0, 0, 0, '2012-11-08 12:54:27', '2012-11-08 12:54:27'),
(143, 'Nandi Diagnostics', 'Pune', 1, 1, 158, 150, '', 150, 0, 0, 0, '', 150, 0, 0, 0, '2012-11-08 12:54:40', '2012-11-08 12:54:40'),
(144, 'Nandi Diagnostics', 'Pune', 1, 1, 159, 150, '', 150, 0, 0, 0, '', 150, 0, 0, 0, '2012-11-08 12:55:10', '2012-11-08 12:55:10'),
(145, 'Nandi Diagnostics', 'Pune', 1, 1, 160, 150, '', 150, 0, 0, 0, '', 150, 0, 0, 0, '2012-11-08 12:55:33', '2012-11-08 12:55:33'),
(146, 'Nandi Diagnostics', 'Pune', 1, 1, 161, 150, '', 150, 0, 0, 0, '', 150, 0, 0, 0, '2012-11-08 12:55:51', '2012-11-08 12:55:51'),
(147, 'Nandi Diagnostics', 'Pune', 1, 1, 162, 600, '', 600, 0, 0, 0, '', 600, 0, 0, 0, '2012-11-08 12:56:05', '2012-11-08 12:56:05'),
(148, 'Nandi Diagnostics', 'Pune', 1, 1, 163, 1500, '', 1500, 0, 0, 0, '', 1500, 0, 0, 0, '2012-11-08 12:56:30', '2012-11-08 12:56:30'),
(149, 'Nandi Diagnostics', 'Pune', 1, 1, 164, 1500, '', 1500, 0, 0, 0, '', 1500, 0, 0, 0, '2012-11-08 12:56:44', '2012-11-08 12:56:44'),
(150, 'Nandi Diagnostics', 'Pune', 1, 1, 165, 1500, '', 1500, 0, 0, 0, '', 1500, 0, 0, 0, '2012-11-08 12:56:55', '2012-11-08 12:56:55'),
(151, 'Nandi Diagnostics', 'Pune', 1, 1, 166, 3000, '', 3000, 0, 0, 0, '', 3000, 0, 0, 0, '2012-11-08 13:17:22', '2012-11-08 13:17:22'),
(152, 'Nandi Diagnostics', 'Pune', 1, 1, 167, 3000, '', 3000, 0, 0, 0, '', 3000, 0, 0, 0, '2012-11-08 13:17:44', '2012-11-08 13:17:44'),
(153, 'Nandi Diagnostics', 'Pune', 1, 1, 168, 6000, '', 6000, 0, 0, 0, '', 6000, 0, 0, 0, '2012-11-08 13:18:02', '2012-11-08 13:18:02'),
(154, 'Nandi Diagnostics', 'Pune', 1, 1, 169, 500, '', 500, 0, 0, 0, '', 500, 0, 0, 0, '2012-11-08 13:18:27', '2012-11-08 13:18:27'),
(155, 'Nandi Diagnostics', 'Pune', 1, 1, 170, 600, '', 600, 0, 0, 0, '', 600, 0, 0, 0, '2012-11-08 13:18:58', '2012-11-08 13:18:58'),
(156, 'Nandi Diagnostics', 'Pune', 1, 1, 171, 4000, '', 4000, 0, 0, 0, '', 4000, 0, 0, 0, '2012-11-08 13:19:21', '2012-11-08 13:19:21'),
(157, 'Nandi Diagnostics', 'Pune', 1, 1, 172, 1500, '', 1500, 0, 0, 0, '', 1500, 0, 0, 0, '2012-11-08 13:19:39', '2012-11-08 13:19:39'),
(158, 'Nandi Diagnostics', 'Pune', 1, 1, 173, 1500, '', 1500, 0, 0, 0, '', 1500, 0, 0, 0, '2012-11-08 13:20:17', '2012-11-08 13:20:17'),
(159, 'Nandi Diagnostics', 'Pune', 1, 1, 174, 1800, '', 1800, 0, 0, 0, '', 1800, 0, 0, 0, '2012-11-08 13:20:37', '2012-11-08 13:20:37'),
(160, 'Nandi Diagnostics', 'Pune', 1, 1, 175, 50, '', 50, 0, 0, 0, '', 50, 0, 0, 0, '2012-11-08 13:20:57', '2012-11-08 13:20:57'),
(161, 'Nandi Diagnostics', 'Pune', 1, 1, 176, 720, '', 720, 0, 0, 0, '', 720, 0, 0, 0, '2012-11-09 10:49:20', '2012-11-09 10:49:20'),
(162, 'Nandi Diagnostics', 'Pune', 1, 1, 177, 500, '', 500, 0, 0, 0, '', 500, 0, 0, 0, '2012-11-09 10:49:53', '2012-11-09 10:49:53'),
(163, 'Nandi Diagnostics', 'Pune', 1, 1, 178, 500, '', 500, 0, 0, 0, '', 500, 0, 0, 0, '2012-11-09 10:50:09', '2012-11-09 10:50:09'),
(164, 'Nandi Diagnostics', 'Pune', 1, 1, 179, 150, '', 150, 0, 0, 0, '', 150, 0, 0, 0, '2012-11-09 10:50:27', '2012-11-09 10:50:27'),
(165, 'Nandi Diagnostics', 'Pune', 1, 1, 180, 100, '', 100, 0, 0, 0, '', 100, 0, 0, 0, '2012-11-09 10:50:44', '2012-11-09 10:50:44'),
(166, 'Nandi Diagnostics', 'Pune', 1, 1, 181, 350, '', 350, 0, 0, 0, '', 350, 0, 0, 0, '2012-11-09 10:51:04', '2012-11-09 10:51:04'),
(167, 'Nandi Diagnostics', 'Pune', 1, 1, 182, 500, '', 500, 0, 0, 0, '', 500, 0, 0, 0, '2012-11-09 10:52:00', '2012-11-09 10:52:00'),
(168, 'Nandi Diagnostics', 'Pune', 1, 1, 183, 600, '', 600, 0, 0, 0, '', 600, 0, 0, 0, '2012-11-09 10:52:42', '2012-11-09 10:52:42'),
(169, 'Nandi Diagnostics', 'Pune', 1, 1, 184, 600, '', 600, 0, 0, 0, '', 600, 0, 0, 0, '2012-11-09 10:52:57', '2012-11-09 10:52:57'),
(170, 'Nandi Diagnostics', 'Pune', 1, 1, 185, 500, '', 500, 0, 0, 0, '', 500, 0, 0, 0, '2012-11-09 10:53:54', '2012-11-09 10:53:54'),
(171, 'Nandi Diagnostics', 'Pune', 1, 1, 186, 500, '', 500, 0, 0, 0, '', 500, 0, 0, 0, '2012-11-09 10:54:10', '2012-11-09 10:54:10'),
(172, 'Nandi Diagnostics', 'Pune', 1, 1, 187, 500, '', 500, 0, 0, 0, '', 500, 0, 0, 0, '2012-11-09 10:54:27', '2012-11-09 10:54:27'),
(173, 'Nandi Diagnostics', 'Pune', 1, 1, 188, 800, '', 800, 0, 0, 0, '', 800, 0, 0, 0, '2012-11-09 10:54:45', '2012-11-09 10:54:45'),
(174, 'Nandi Diagnostics', 'Pune', 1, 1, 189, 300, '', 300, 0, 0, 0, '', 300, 0, 0, 0, '2012-11-09 10:55:31', '2012-11-09 10:55:31'),
(175, 'Nandi Diagnostics', 'Pune', 1, 1, 190, 350, '', 350, 0, 0, 0, '', 350, 0, 0, 0, '2012-11-09 10:55:47', '2012-11-09 10:55:47'),
(176, 'Nandi Diagnostics', 'Pune', 1, 1, 191, 100, '', 100, 0, 0, 0, '', 100, 0, 0, 0, '2012-11-09 10:56:06', '2012-11-09 10:56:06'),
(177, 'Nandi Diagnostics', 'Pune', 1, 1, 192, 100, 'Client', 100, 0, 0, 0, '', 100, 0, 0, 0, '2012-11-09 10:58:09', '2012-11-09 10:58:09'),
(178, 'Nandi Diagnostics', 'Pune', 1, 1, 193, 350, '', 350, 0, 0, 0, '', 350, 0, 0, 0, '2012-11-09 10:58:58', '2012-11-09 10:58:58'),
(179, 'Nandi Diagnostics', 'Pune', 1, 1, 194, 300, '', 300, 0, 0, 0, '', 300, 0, 0, 0, '2012-11-09 10:59:31', '2012-11-09 10:59:31'),
(180, 'Nandi Diagnostics', 'Pune', 1, 1, 195, 1700, '', 1700, 0, 0, 0, '', 1700, 0, 0, 0, '2012-11-09 11:00:22', '2012-11-09 11:00:22'),
(181, 'Nandi Diagnostics', 'Pune', 1, 1, 196, 250, '', 250, 0, 0, 0, '', 250, 0, 0, 0, '2012-11-09 11:01:10', '2012-11-09 11:01:10'),
(182, 'Nandi Diagnostics', 'Pune', 1, 1, 197, 250, '', 250, 0, 0, 0, '', 250, 0, 0, 0, '2012-11-09 11:01:31', '2012-11-09 11:01:31'),
(183, 'Nandi Diagnostics', 'Pune', 1, 1, 198, 300, '', 300, 0, 0, 0, '', 300, 0, 0, 0, '2012-11-09 11:01:49', '2012-11-09 11:01:49'),
(184, 'Nandi Diagnostics', 'Pune', 1, 1, 199, 500, '', 500, 0, 0, 0, '', 500, 0, 0, 0, '2012-11-09 11:02:20', '2012-11-09 11:02:20'),
(185, 'Nandi Diagnostics', 'Pune', 1, 1, 200, 250, '', 250, 0, 0, 0, '', 250, 0, 0, 0, '2012-11-09 11:02:41', '2012-11-09 11:02:41'),
(186, 'Nandi Diagnostics', 'Pune', 1, 1, 201, 250, '', 250, 0, 0, 0, '', 250, 0, 0, 0, '2012-11-09 11:03:11', '2012-11-09 11:03:11'),
(187, 'Nandi Diagnostics', 'Pune', 1, 1, 202, 250, '', 250, 0, 0, 0, '', 250, 0, 0, 0, '2012-11-09 11:03:31', '2012-11-09 11:03:31'),
(188, 'Nandi Diagnostics', 'Pune', 1, 1, 203, 300, '', 300, 0, 0, 0, '', 300, 0, 0, 0, '2012-11-09 11:04:00', '2012-11-09 11:04:00'),
(189, 'Nandi Diagnostics', 'Pune', 1, 1, 204, 300, '', 300, 0, 0, 0, '', 300, 0, 0, 0, '2012-11-09 11:04:24', '2012-11-09 11:04:24'),
(190, 'Nandi Diagnostics', 'Pune', 1, 1, 205, 300, '', 300, 0, 0, 0, '', 300, 0, 0, 0, '2012-11-09 11:05:05', '2012-11-09 11:05:05'),
(191, 'Nandi Diagnostics', 'Pune', 1, 1, 207, 300, '', 300, 0, 0, 0, '', 300, 0, 0, 0, '2012-11-09 11:05:30', '2012-11-09 11:05:30'),
(192, 'Nandi Diagnostics', 'Pune', 1, 1, 206, 300, '', 300, 0, 0, 0, '', 300, 0, 0, 0, '2012-11-09 11:08:29', '2012-11-09 11:08:29'),
(193, 'Nandi Diagnostics', 'Pune', 1, 1, 208, 300, '', 300, 0, 0, 0, '', 300, 0, 0, 0, '2012-11-09 11:08:48', '2012-11-09 11:08:48'),
(194, 'Nandi Diagnostics', 'Pune', 1, 1, 209, 300, '', 300, 0, 0, 0, '', 300, 0, 0, 0, '2012-11-09 11:09:49', '2012-11-09 11:09:49'),
(195, 'Nandi Diagnostics', 'Pune', 1, 1, 210, 300, '', 300, 0, 0, 0, '', 300, 0, 0, 0, '2012-11-09 11:10:08', '2012-11-09 11:10:08'),
(196, 'Nandi Diagnostics', 'Pune', 5, 2, 0, 0, '', 0, 0, 0, 0, '', 0, 0, 0, 0, '2012-11-09 11:10:35', '2013-01-16 11:44:51'),
(197, 'Nandi Diagnostics', 'Pune', 1, 1, 212, 300, '', 300, 0, 0, 0, '', 300, 0, 0, 0, '2012-11-09 11:10:54', '2012-11-09 11:10:54'),
(198, 'Nandi Diagnostics', 'Pune', 1, 1, 213, 300, '', 300, 0, 0, 0, '', 300, 0, 0, 0, '2012-11-09 11:11:32', '2012-11-09 11:11:32'),
(199, 'Nandi Diagnostics', 'Pune', 1, 1, 214, 300, '', 300, 0, 0, 0, '', 300, 0, 0, 0, '2012-11-09 11:11:45', '2012-11-09 11:11:45'),
(200, 'Nandi Diagnostics', 'Pune', 1, 1, 215, 400, '', 400, 0, 0, 0, '', 400, 0, 0, 0, '2012-11-09 11:12:44', '2012-11-09 11:12:44'),
(201, 'Nandi Diagnostics', 'Pune', 1, 1, 216, 400, '', 400, 0, 0, 0, '', 400, 0, 0, 0, '2012-11-09 11:12:55', '2012-11-09 11:12:55'),
(202, 'Nandi Diagnostics', 'Pune', 1, 1, 217, 400, '', 400, 0, 0, 0, '', 400, 0, 0, 0, '2012-11-09 11:13:08', '2012-11-09 11:13:08'),
(203, 'Nandi Diagnostics', 'Pune', 1, 1, 218, 400, '', 400, 0, 0, 0, '', 400, 0, 0, 0, '2012-11-09 11:13:25', '2012-11-09 11:13:25'),
(204, 'Nandi Diagnostics', 'Pune', 1, 1, 219, 3500, '', 3500, 0, 0, 0, '', 3500, 0, 0, 0, '2012-11-09 11:14:06', '2012-11-09 11:14:06'),
(205, 'Nandi Diagnostics', 'Pune', 1, 1, 220, 1200, '', 1200, 0, 0, 0, '', 1200, 0, 0, 0, '2012-11-09 11:14:27', '2012-11-09 11:14:27'),
(206, 'Nandi Diagnostics', 'Pune', 1, 1, 221, 1700, '', 1700, 0, 0, 0, '', 1700, 0, 0, 0, '2012-11-09 11:15:31', '2012-11-09 11:15:31'),
(207, 'Nandi Diagnostics', 'Pune', 1, 1, 222, 600, '', 600, 0, 0, 0, '', 600, 0, 0, 0, '2012-11-09 11:15:49', '2012-11-09 11:15:49'),
(208, 'Nandi Diagnostics', 'Pune', 1, 1, 223, 500, '', 500, 0, 0, 0, '', 500, 0, 0, 0, '2012-11-09 11:16:06', '2012-11-09 11:16:06'),
(209, 'Nandi Diagnostics', 'Pune', 1, 1, 224, 500, '', 500, 0, 0, 0, '', 500, 0, 0, 0, '2012-11-09 11:16:29', '2012-11-09 11:16:29'),
(210, 'Nandi Diagnostics', 'Pune', 1, 1, 225, 3500, '', 3500, 0, 0, 0, '', 3500, 0, 0, 0, '2012-11-09 11:16:43', '2012-11-09 11:16:43'),
(211, 'Nandi Diagnostics', 'Pune', 1, 1, 226, 100, '', 100, 0, 0, 0, '', 100, 0, 0, 0, '2012-11-10 06:52:05', '2012-11-10 06:52:05'),
(212, 'Nandi Diagnostics', 'Pune', 1, 1, 227, 750, '', 750, 0, 0, 0, '', 750, 0, 0, 0, '2012-11-10 06:52:36', '2012-11-10 06:52:36'),
(213, 'Nandi Diagnostics', 'Pune', 1, 1, 228, 1500, '', 1500, 0, 0, 0, '', 1500, 0, 0, 0, '2012-11-10 06:52:53', '2012-11-10 06:52:53'),
(214, 'Nandi Diagnostics', 'Pune', 1, 1, 229, 1100, '', 1100, 0, 0, 0, '', 1100, 0, 0, 0, '2012-11-10 06:53:39', '2012-11-10 06:53:39'),
(215, 'Nandi Diagnostics', 'Pune', 1, 1, 230, 1100, '', 1100, 0, 0, 0, '', 1100, 0, 0, 0, '2012-11-10 06:54:11', '2012-11-10 06:54:11'),
(216, 'Nandi Diagnostics', 'Pune', 1, 1, 231, 1100, '', 1100, 0, 0, 0, '', 1100, 0, 0, 0, '2012-11-10 06:54:27', '2012-11-10 06:54:27'),
(217, 'Nandi Diagnostics', 'Pune', 1, 1, 232, 1100, '', 1100, 0, 0, 0, '', 1100, 0, 0, 0, '2012-11-10 06:54:48', '2012-11-10 06:54:48'),
(218, 'Nandi Diagnostics', 'Pune', 1, 1, 233, 1700, '', 1700, 0, 0, 0, '', 1700, 0, 0, 0, '2012-11-10 06:55:06', '2012-11-10 06:55:06'),
(219, 'Nandi Diagnostics', 'Pune', 1, 1, 234, 1700, '', 1700, 0, 0, 0, '', 1700, 0, 0, 0, '2012-11-10 06:55:24', '2012-11-10 06:55:24'),
(220, 'Nandi Diagnostics', 'Pune', 1, 1, 235, 100, '', 100, 0, 0, 0, '', 100, 0, 0, 0, '2012-11-10 06:55:45', '2012-11-10 06:55:45'),
(221, 'Nandi Diagnostics', 'Pune', 1, 1, 236, 100, '', 100, 0, 0, 0, '', 100, 0, 0, 0, '2012-11-10 06:55:56', '2012-11-10 06:55:56'),
(222, 'Nandi Diagnostics', 'Pune', 1, 1, 237, 1500, '', 1500, 0, 0, 0, '', 1500, 0, 0, 0, '2012-11-10 06:56:20', '2012-11-10 06:56:20'),
(223, 'Nandi Diagnostics', 'Pune', 1, 1, 238, 500, '', 500, 0, 0, 0, '', 500, 0, 0, 0, '2012-11-10 06:56:33', '2012-11-10 06:56:33'),
(224, 'Nandi Diagnostics', 'Pune', 1, 1, 239, 700, '', 700, 0, 0, 0, '', 700, 0, 0, 0, '2012-11-10 06:56:45', '2012-11-10 06:56:45'),
(225, 'Nandi Diagnostics', 'Pune', 1, 1, 240, 2200, '', 2200, 0, 0, 0, '', 2200, 0, 0, 0, '2012-11-10 06:57:06', '2012-11-10 06:57:06'),
(226, 'Nandi Diagnostics', 'Pune', 1, 1, 241, 350, '', 350, 0, 0, 0, '', 350, 0, 0, 0, '2012-11-10 06:57:25', '2012-11-10 06:57:25'),
(227, 'Nandi Diagnostics', 'Pune', 1, 1, 242, 350, '', 350, 0, 0, 0, '', 350, 0, 0, 0, '2012-11-10 06:57:37', '2012-11-10 06:57:37'),
(228, 'Nandi Diagnostics', 'Pune', 1, 1, 243, 1400, '', 1400, 0, 0, 0, '', 1400, 0, 0, 0, '2012-11-10 06:57:55', '2012-11-10 06:57:55'),
(229, 'Nandi Diagnostics', 'Pune', 1, 1, 244, 500, '', 500, 0, 0, 0, '', 500, 0, 0, 0, '2012-11-10 06:58:15', '2012-11-10 06:58:15'),
(230, 'Nandi Diagnostics', 'Pune', 1, 1, 245, 1500, '', 1500, 0, 0, 0, '', 1500, 0, 0, 0, '2012-11-10 06:58:29', '2012-11-10 06:58:29'),
(231, 'Nandi Diagnostics', 'Pune', 1, 1, 246, 1500, '', 1500, 0, 0, 0, '', 1500, 0, 0, 0, '2012-11-10 06:58:50', '2012-11-10 06:58:50'),
(232, 'Nandi Diagnostics', 'Pune', 1, 1, 247, 1600, '', 1600, 0, 0, 0, '', 1600, 0, 0, 0, '2012-11-10 06:59:12', '2012-11-10 06:59:12'),
(233, 'Nandi Diagnostics', 'Pune', 1, 1, 248, 4200, '', 4200, 0, 0, 0, '', 4200, 0, 0, 0, '2012-11-10 07:00:46', '2012-11-10 07:00:46'),
(234, 'Nandi Diagnostics', 'Pune', 1, 1, 249, 600, '', 600, 0, 0, 0, '', 600, 0, 0, 0, '2012-11-10 07:01:01', '2012-11-10 07:01:01'),
(235, 'Nandi Diagnostics', 'Pune', 1, 1, 250, 800, '', 800, 0, 0, 0, '', 800, 0, 0, 0, '2012-11-10 07:01:22', '2012-11-10 07:01:22'),
(236, 'Nandi Diagnostics', 'Pune', 1, 1, 251, 150, '', 150, 0, 0, 0, '', 150, 0, 0, 0, '2012-11-10 07:01:38', '2012-11-10 07:01:38'),
(237, 'Nandi Diagnostics', 'Pune', 1, 1, 252, 800, '', 800, 0, 0, 0, '', 800, 0, 0, 0, '2012-11-10 07:02:04', '2012-11-10 07:02:04'),
(238, 'Nandi Diagnostics', 'Pune', 1, 1, 253, 300, '', 300, 0, 0, 0, '', 300, 0, 0, 0, '2012-11-10 07:02:20', '2012-11-10 07:02:20'),
(239, 'Nandi Diagnostics', 'Pune', 1, 1, 254, 300, '', 300, 0, 0, 0, '', 300, 0, 0, 0, '2012-11-10 07:03:07', '2012-11-10 07:03:07'),
(240, 'Nandi Diagnostics', 'Pune', 1, 1, 255, 300, '', 300, 0, 0, 0, '', 300, 0, 0, 0, '2012-11-10 07:03:25', '2012-11-10 07:03:25'),
(241, 'Nandi Diagnostics', 'Pune', 1, 1, 256, 300, '', 300, 0, 0, 0, '', 300, 0, 0, 0, '2012-11-10 07:03:40', '2012-11-10 07:03:40'),
(242, 'Nandi Diagnostics', 'Pune', 1, 1, 257, 300, '', 300, 0, 0, 0, '', 300, 0, 0, 0, '2012-11-10 07:03:55', '2012-11-10 07:03:55'),
(243, 'Nandi Diagnostics', 'Pune', 1, 1, 258, 600, '', 600, 0, 0, 0, '', 600, 0, 0, 0, '2012-11-10 07:04:16', '2012-11-10 07:04:16'),
(244, 'Nandi Diagnostics', 'Pune', 28, 15, 0, 500, 'Client', 500, 75, 375, 125, '', 500, 0, 0, 0, '2012-11-10 07:04:37', '2013-01-11 08:52:07'),
(245, 'Nandi Diagnostics', 'Pune', 1, 1, 260, 400, '', 400, 0, 0, 0, '', 400, 0, 0, 0, '2012-11-10 07:05:01', '2012-11-10 07:05:01'),
(246, 'Nandi Diagnostics', 'Pune', 1, 1, 261, 200, '', 200, 0, 0, 0, '', 200, 0, 0, 0, '2012-11-10 07:05:27', '2012-11-10 07:05:27'),
(247, 'Nandi Diagnostics', 'Pune', 1, 1, 262, 300, '', 300, 0, 0, 0, '', 300, 0, 0, 0, '2012-11-10 07:05:44', '2012-11-10 07:05:44'),
(248, 'Nandi Diagnostics', 'Pune', 1, 1, 263, 350, '', 350, 0, 0, 0, '', 350, 0, 0, 0, '2012-11-10 07:06:01', '2012-11-10 07:06:01'),
(249, 'Nandi Diagnostics', 'Pune', 1, 1, 264, 100, '', 100, 0, 0, 0, '', 100, 0, 0, 0, '2012-11-10 07:06:19', '2012-11-10 07:06:19'),
(250, 'Nandi Diagnostics', 'Pune', 1, 1, 265, 200, '', 200, 0, 0, 0, '', 200, 0, 0, 0, '2012-11-10 07:06:42', '2012-11-10 07:06:42'),
(251, 'Nandi Diagnostics', 'Pune', 1, 1, 266, 50, '', 50, 0, 0, 0, '', 50, 0, 0, 0, '2012-11-10 07:06:56', '2012-11-10 07:06:56'),
(252, 'Nandi Diagnostics', 'Pune', 1, 1, 267, 50, '', 50, 0, 0, 0, '', 50, 0, 0, 0, '2012-11-10 07:07:14', '2012-11-10 07:07:14'),
(253, 'Nandi Diagnostics', 'Pune', 1, 1, 268, 50, '', 50, 0, 0, 0, '', 50, 0, 0, 0, '2012-11-10 07:07:26', '2012-11-10 07:07:26'),
(254, 'Nandi Diagnostics', 'Pune', 1, 1, 269, 750, '', 750, 0, 0, 0, '', 750, 0, 0, 0, '2012-11-10 07:07:45', '2012-11-10 07:07:45'),
(255, 'Nandi Diagnostics', 'Pune', 1, 1, 270, 100, '', 100, 0, 0, 0, '', 100, 0, 0, 0, '2012-11-10 07:08:09', '2012-11-10 07:08:09'),
(256, 'Nandi Diagnostics', 'Pune', 1, 1, 271, 450, '', 450, 0, 0, 0, '', 450, 0, 0, 0, '2012-11-10 07:09:41', '2012-11-10 07:09:41'),
(257, 'Nandi Diagnostics', 'Pune', 1, 1, 272, 1400, '', 1400, 0, 0, 0, '', 1400, 0, 0, 0, '2012-11-10 07:10:01', '2012-11-10 07:10:01'),
(258, 'Nandi Diagnostics', 'Pune', 1, 1, 273, 1400, '', 1400, 0, 0, 0, '', 1400, 0, 0, 0, '2012-11-10 07:11:00', '2012-11-10 07:11:00'),
(259, 'Nandi Diagnostics', 'Pune', 1, 1, 274, 750, '', 750, 0, 0, 0, '', 750, 0, 0, 0, '2012-11-10 07:11:33', '2012-11-10 07:11:33'),
(260, 'Nandi Diagnostics', 'Pune', 1, 1, 275, 1700, '', 1700, 0, 0, 0, '', 1700, 0, 0, 0, '2012-11-10 07:11:50', '2012-11-10 07:11:50'),
(261, 'Nandi Diagnostics', 'Pune', 1, 1, 276, 100, '', 100, 0, 0, 0, '', 100, 0, 0, 0, '2012-11-10 07:12:07', '2012-11-10 07:12:07'),
(262, 'Nandi Diagnostics', 'Pune', 1, 1, 277, 750, '', 750, 0, 0, 0, '', 750, 0, 0, 0, '2012-11-10 07:12:24', '2012-11-10 07:12:24'),
(263, 'Nandi Diagnostics', 'Pune', 1, 1, 278, 1700, '', 1700, 0, 0, 0, '', 1700, 0, 0, 0, '2012-11-10 07:12:47', '2012-11-10 07:12:47'),
(264, 'Nandi Diagnostics', 'Pune', 1, 1, 279, 1200, '', 1200, 0, 0, 0, '', 1200, 0, 0, 0, '2012-11-10 07:13:06', '2012-11-10 07:13:06'),
(265, 'Nandi Diagnostics', 'Pune', 1, 1, 280, 1200, '', 1200, 0, 0, 0, '', 1200, 0, 0, 0, '2012-11-10 07:13:27', '2012-11-10 07:13:27'),
(266, 'Nandi Diagnostics', 'Pune', 1, 1, 281, 50, '', 50, 0, 0, 0, '', 50, 0, 0, 0, '2012-11-10 07:13:45', '2012-11-10 07:13:45'),
(267, 'Nandi Diagnostics', 'Pune', 1, 1, 282, 800, '', 800, 0, 0, 0, '', 800, 0, 0, 0, '2012-11-10 07:14:01', '2012-11-10 07:14:01'),
(268, 'Nandi Diagnostics', 'Pune', 1, 1, 283, 850, '', 850, 0, 0, 0, '', 850, 0, 0, 0, '2012-11-10 07:14:43', '2012-11-10 07:14:43'),
(269, 'Nandi Diagnostics', 'Pune', 1, 1, 284, 850, '', 850, 0, 0, 0, '', 850, 0, 0, 0, '2012-11-10 07:14:57', '2012-11-10 07:14:57'),
(270, 'Nandi Diagnostics', 'Pune', 1, 1, 285, 800, '', 800, 0, 0, 0, '', 800, 0, 0, 0, '2012-11-10 07:15:22', '2012-11-10 07:15:22'),
(271, 'Nandi Diagnostics', 'Pune', 1, 1, 286, 800, '', 800, 0, 0, 0, '', 800, 0, 0, 0, '2012-11-10 07:15:36', '2012-11-10 07:15:36'),
(272, 'Nandi Diagnostics', 'Pune', 1, 1, 287, 800, '', 800, 0, 0, 0, '', 800, 0, 0, 0, '2012-11-10 07:16:11', '2012-11-10 07:16:11'),
(273, 'Nandi Diagnostics', 'Pune', 1, 1, 288, 250, '', 250, 0, 0, 0, '', 250, 0, 0, 0, '2012-11-10 07:16:30', '2012-11-10 07:16:30'),
(274, 'Nandi Diagnostics', 'Pune', 1, 1, 289, 5300, '', 5300, 0, 0, 0, '', 5300, 0, 0, 0, '2012-11-10 07:16:57', '2012-11-10 07:16:57'),
(275, 'Nandi Diagnostics', 'Pune', 1, 1, 290, 3500, '', 3500, 0, 0, 0, '', 3500, 0, 0, 0, '2012-11-10 07:17:58', '2012-11-10 07:17:58'),
(276, 'Nandi Diagnostics', 'Pune', 1, 1, 291, 3500, '', 3500, 0, 0, 0, '', 3500, 0, 0, 0, '2012-11-10 07:18:15', '2012-11-10 07:18:15'),
(277, 'Nandi Diagnostics', 'Pune', 1, 1, 292, 5300, '', 5300, 0, 0, 0, '', 5300, 0, 0, 0, '2012-11-10 07:18:33', '2012-11-10 07:18:33'),
(278, 'Nandi Diagnostics', 'Pune', 1, 1, 293, 9500, '', 9500, 0, 0, 0, '', 9500, 0, 0, 0, '2012-11-10 07:19:04', '2012-11-10 07:19:04'),
(279, 'Nandi Diagnostics', 'Pune', 1, 1, 294, 800, '', 800, 0, 0, 0, '', 800, 0, 0, 0, '2012-11-10 07:19:25', '2012-11-10 07:19:25'),
(280, 'Nandi Diagnostics', 'Pune', 1, 1, 295, 800, '', 800, 0, 0, 0, '', 800, 0, 0, 0, '2012-11-10 07:20:05', '2012-11-10 07:20:05'),
(281, 'Nandi Diagnostics', 'Pune', 1, 1, 296, 800, '', 800, 0, 0, 0, '', 800, 0, 0, 0, '2012-11-10 07:20:29', '2012-11-10 07:20:29'),
(282, 'Nandi Diagnostics', 'Pune', 1, 1, 297, 1000, '', 1000, 0, 0, 0, '', 1000, 0, 0, 0, '2012-11-10 07:20:57', '2012-11-10 07:20:57'),
(283, 'Nandi Diagnostics', 'Pune', 1, 1, 298, 750, '', 750, 0, 0, 0, '', 750, 0, 0, 0, '2012-11-10 07:21:47', '2012-11-10 07:21:47'),
(284, 'Nandi Diagnostics', 'Pune', 1, 1, 299, 750, '', 750, 0, 0, 0, '', 750, 0, 0, 0, '2012-11-10 07:22:14', '2012-11-10 07:22:14'),
(285, 'Nandi Diagnostics', 'Pune', 1, 1, 300, 360, '', 360, 0, 0, 0, '', 360, 0, 0, 0, '2012-11-10 07:22:38', '2012-11-10 07:22:38'),
(286, 'Nandi Diagnostics', 'Pune', 1, 1, 301, 360, '', 360, 0, 0, 0, '', 360, 0, 0, 0, '2012-11-10 07:23:08', '2012-11-10 07:23:08'),
(287, 'Nandi Diagnostics', 'Pune', 1, 1, 302, 360, '', 360, 0, 0, 0, '', 360, 0, 0, 0, '2012-11-10 07:23:23', '2012-11-10 07:23:23'),
(288, 'Nandi Diagnostics', 'Pune', 1, 1, 303, 360, '', 360, 0, 0, 0, '', 360, 0, 0, 0, '2012-11-10 07:23:35', '2012-11-10 07:23:35'),
(289, 'Nandi Diagnostics', 'Pune', 1, 1, 304, 3000, '', 3000, 0, 0, 0, '', 3000, 0, 0, 0, '2012-11-10 07:23:53', '2012-11-10 07:23:53'),
(290, 'Nandi Diagnostics', 'Pune', 1, 1, 305, 400, '', 400, 0, 0, 0, '', 400, 0, 0, 0, '2012-11-10 07:24:13', '2012-11-10 07:24:13'),
(291, 'Nandi Diagnostics', 'Pune', 1, 1, 306, 4000, '', 4000, 0, 0, 0, '', 4000, 0, 0, 0, '2012-11-10 07:24:30', '2012-11-10 07:24:30'),
(292, 'Nandi Diagnostics', 'Pune', 1, 1, 307, 400, '', 400, 0, 0, 0, '', 400, 0, 0, 0, '2012-11-10 07:24:47', '2012-11-10 07:24:47'),
(293, 'Nandi Diagnostics', 'Pune', 1, 1, 308, 1800, '', 1800, 0, 0, 0, '', 1800, 0, 0, 0, '2012-11-10 07:25:07', '2012-11-10 07:25:07'),
(294, 'Nandi Diagnostics', 'Pune', 1, 1, 309, 2500, '', 2500, 0, 0, 0, '', 2500, 0, 0, 0, '2012-11-10 07:25:31', '2012-11-10 07:25:31'),
(295, 'Nandi Diagnostics', 'Pune', 1, 1, 310, 3000, '', 3000, 0, 0, 0, '', 3000, 0, 0, 0, '2012-11-10 07:26:08', '2012-11-10 07:26:08'),
(296, 'Nandi Diagnostics', 'Pune', 1, 1, 311, 15000, '', 15000, 0, 0, 0, '', 15000, 0, 0, 0, '2012-11-10 07:26:34', '2012-11-10 07:26:34'),
(297, 'Nandi Diagnostics', 'Pune', 1, 1, 312, 7000, '', 7000, 0, 0, 0, '', 7000, 0, 0, 0, '2012-11-10 07:26:49', '2012-11-10 07:26:49'),
(298, 'Nandi Diagnostics', 'Pune', 1, 1, 313, 1300, '', 1300, 0, 0, 0, '', 1300, 0, 0, 0, '2012-11-10 07:27:08', '2012-11-10 07:27:08'),
(299, 'Nandi Diagnostics', 'Pune', 1, 1, 314, 1500, '', 1500, 0, 0, 0, '', 1500, 0, 0, 0, '2012-11-10 07:27:40', '2012-11-10 07:27:40'),
(300, 'Nandi Diagnostics', 'Pune', 1, 1, 315, 5400, '', 5400, 0, 0, 0, '', 5400, 0, 0, 0, '2012-11-10 07:27:56', '2012-11-10 07:27:56'),
(301, 'Nandi Diagnostics', 'Pune', 1, 1, 316, 550, '', 550, 0, 0, 0, '', 550, 0, 0, 0, '2012-11-10 08:01:04', '2012-11-10 08:01:04'),
(302, 'Nandi Diagnostics', 'Pune', 1, 1, 317, 550, '', 550, 0, 0, 0, '', 550, 0, 0, 0, '2012-11-10 08:01:18', '2012-11-10 08:01:18'),
(303, 'Nandi Diagnostics', 'Pune', 3, 3, 0, 550, '', 550, 0, 0, 0, '', 550, 0, 0, 0, '2012-11-10 08:01:39', '2013-01-16 09:04:11'),
(304, 'Nandi Diagnostics', 'Pune', 1, 1, 319, 500, '', 500, 0, 0, 0, '', 500, 0, 0, 0, '2012-11-10 08:02:03', '2012-11-10 08:02:03'),
(305, 'Nandi Diagnostics', 'Pune', 1, 1, 320, 600, '', 600, 0, 0, 0, '', 600, 0, 0, 0, '2012-11-10 08:02:18', '2012-11-10 08:02:18'),
(306, 'Nandi Diagnostics', 'Pune', 1, 1, 321, 600, '', 600, 0, 0, 0, '', 600, 0, 0, 0, '2012-11-10 08:02:34', '2012-11-10 08:02:34'),
(307, 'Nandi Diagnostics', 'Pune', 1, 1, 322, 4200, '', 4200, 0, 0, 0, '', 4200, 0, 0, 0, '2012-11-10 08:02:55', '2012-11-10 08:02:55'),
(308, 'Nandi Diagnostics', 'Pune', 1, 1, 323, 850, '', 850, 0, 0, 0, '', 850, 0, 0, 0, '2012-11-10 08:03:09', '2012-11-10 08:03:09'),
(309, 'Nandi Diagnostics', 'Pune', 1, 1, 324, 300, '', 300, 0, 0, 0, '', 300, 0, 0, 0, '2012-11-10 08:03:26', '2012-11-10 08:03:26'),
(310, 'Nandi Diagnostics', 'Pune', 1, 1, 325, 300, '', 300, 0, 0, 0, '', 300, 0, 0, 0, '2012-11-10 08:03:37', '2012-11-10 08:03:37'),
(311, 'Nandi Diagnostics', 'Pune', 1, 1, 326, 600, '', 600, 0, 0, 0, '', 600, 0, 0, 0, '2012-11-10 08:03:55', '2012-11-10 08:03:55'),
(312, 'Nandi Diagnostics', 'Pune', 1, 1, 327, 2200, '', 2200, 0, 0, 0, '', 2200, 0, 0, 0, '2012-11-10 08:04:20', '2012-11-10 08:04:20'),
(313, 'Nandi Diagnostics', 'Pune', 1, 1, 328, 1800, '', 1800, 0, 0, 0, '', 1800, 0, 0, 0, '2012-11-10 08:04:41', '2012-11-10 08:04:41'),
(314, 'Nandi Diagnostics', 'Pune', 1, 1, 329, 1800, '', 1800, 0, 0, 0, '', 1800, 0, 0, 0, '2012-11-10 08:05:02', '2012-11-10 08:05:02'),
(315, 'Nandi Diagnostics', 'Pune', 1, 1, 330, 1800, '', 1800, 0, 0, 0, '', 1800, 0, 0, 0, '2012-11-10 08:05:25', '2012-11-10 08:05:25'),
(316, 'Nandi Diagnostics', 'Pune', 1, 1, 331, 1800, '', 1800, 0, 0, 0, '', 1800, 0, 0, 0, '2012-11-10 08:05:38', '2012-11-10 08:05:38'),
(317, 'Nandi Diagnostics', 'Pune', 1, 1, 332, 1800, '', 1800, 0, 0, 0, '', 1800, 0, 0, 0, '2012-11-10 08:05:51', '2012-11-10 08:05:51'),
(318, 'Nandi Diagnostics', 'Pune', 1, 1, 333, 1800, '', 1800, 0, 0, 0, '', 1800, 0, 0, 0, '2012-11-10 08:06:05', '2012-11-10 08:06:05'),
(319, 'Nandi Diagnostics', 'Pune', 1, 1, 334, 1800, '', 1800, 0, 0, 0, '', 1800, 0, 0, 0, '2012-11-10 08:06:34', '2012-11-10 08:06:34'),
(320, 'Nandi Diagnostics', 'Pune', 1, 1, 335, 1800, '', 1800, 0, 0, 0, '', 1800, 0, 0, 0, '2012-11-10 08:06:49', '2012-11-10 08:06:49'),
(321, 'Nandi Diagnostics', 'Pune', 1, 1, 337, 1800, '', 1800, 0, 0, 0, '', 1800, 0, 0, 0, '2012-11-10 13:32:33', '2012-11-10 13:32:33'),
(322, 'Nandi Diagnostics', 'Pune', 1, 1, 336, 1800, '', 1800, 0, 0, 0, '', 1800, 0, 0, 0, '2012-11-10 13:33:52', '2012-11-10 13:33:52'),
(323, 'Nandi Diagnostics', 'Pune', 1, 1, 338, 1800, '', 1800, 0, 0, 0, '', 1800, 0, 0, 0, '2012-11-10 13:34:52', '2012-11-10 13:34:52'),
(324, 'Nandi Diagnostics', 'Pune', 1, 1, 339, 1800, '', 1800, 0, 0, 0, '', 1800, 0, 0, 0, '2012-11-10 13:35:06', '2012-11-10 13:35:06'),
(325, 'Nandi Diagnostics', 'Pune', 1, 1, 340, 1800, '', 1800, 0, 0, 0, '', 1800, 0, 0, 0, '2012-11-10 13:35:19', '2012-11-10 13:35:19'),
(326, 'Nandi Diagnostics', 'Pune', 1, 1, 341, 1800, '', 1800, 0, 0, 0, '', 1800, 0, 0, 0, '2012-11-10 13:35:37', '2012-11-10 13:35:37'),
(327, 'Nandi Diagnostics', 'Pune', 1, 1, 342, 1800, '', 1800, 0, 0, 0, '', 1800, 0, 0, 0, '2012-11-10 13:35:51', '2012-11-10 13:35:51'),
(328, 'Nandi Diagnostics', 'Pune', 1, 1, 343, 1800, '', 1800, 0, 0, 0, '', 1800, 0, 0, 0, '2012-11-10 13:38:27', '2012-11-10 13:38:27'),
(329, 'Nandi Diagnostics', 'Pune', 1, 1, 344, 1800, '', 1800, 0, 0, 0, '', 1800, 0, 0, 0, '2012-11-10 13:38:42', '2012-11-10 13:38:42'),
(330, 'Nandi Diagnostics', 'Pune', 1, 1, 345, 1800, '', 1800, 0, 0, 0, '', 1800, 0, 0, 0, '2012-11-10 13:38:59', '2012-11-10 13:38:59'),
(331, 'Nandi Diagnostics', 'Pune', 1, 1, 346, 1800, '', 1800, 0, 0, 0, '', 1800, 0, 0, 0, '2012-11-10 13:39:12', '2012-11-10 13:39:12'),
(332, 'Nandi Diagnostics', 'Pune', 1, 1, 347, 1800, '', 1800, 0, 0, 0, '', 1800, 0, 0, 0, '2012-11-10 13:39:29', '2012-11-10 13:39:29'),
(333, 'Nandi Diagnostics', 'Pune', 1, 1, 348, 1800, '', 1800, 0, 0, 0, '', 1800, 0, 0, 0, '2012-11-10 13:39:45', '2012-11-10 13:39:45'),
(334, 'Nandi Diagnostics', 'Pune', 1, 1, 349, 1800, '', 1800, 0, 0, 0, '', 1800, 0, 0, 0, '2012-11-10 13:40:16', '2012-11-10 13:40:16'),
(335, 'Nandi Diagnostics', 'Pune', 1, 1, 350, 1800, '', 1800, 0, 0, 0, '', 1800, 0, 0, 0, '2012-11-10 13:47:43', '2012-11-10 13:47:43'),
(336, 'Nandi Diagnostics', 'Pune', 1, 1, 351, 1800, '', 1800, 0, 0, 0, '', 1800, 0, 0, 0, '2012-11-12 07:05:55', '2012-11-12 07:05:55'),
(337, 'Nandi Diagnostics', 'Pune', 1, 1, 352, 1800, '', 1800, 0, 0, 0, '', 1800, 0, 0, 0, '2012-11-12 07:06:25', '2012-11-12 07:06:25'),
(338, 'Nandi Diagnostics', 'Pune', 1, 1, 353, 1800, '', 1800, 0, 0, 0, '', 1800, 0, 0, 0, '2012-11-12 07:06:38', '2012-11-12 07:06:38'),
(339, 'Nandi Diagnostics', 'Pune', 1, 1, 354, 1800, '', 1800, 0, 0, 0, '', 1800, 0, 0, 0, '2012-11-12 07:06:54', '2012-11-12 07:06:54'),
(340, 'Nandi Diagnostics', 'Pune', 1, 1, 355, 1800, '', 1800, 0, 0, 0, '', 1800, 0, 0, 0, '2012-11-12 07:07:06', '2012-11-12 07:07:06'),
(341, 'Nandi Diagnostics', 'Pune', 1, 1, 356, 1800, '', 1800, 0, 0, 0, '', 1800, 0, 0, 0, '2012-11-12 07:07:18', '2012-11-12 07:07:18'),
(342, 'Nandi Diagnostics', 'Pune', 1, 1, 357, 1800, '', 1800, 0, 0, 0, '', 1800, 0, 0, 0, '2012-11-12 07:07:40', '2012-11-12 07:07:40'),
(343, 'Nandi Diagnostics', 'Pune', 1, 1, 358, 1800, '', 1800, 0, 0, 0, '', 1800, 0, 0, 0, '2012-11-12 07:07:57', '2012-11-12 07:07:57'),
(344, 'Nandi Diagnostics', 'Pune', 1, 1, 359, 1800, '', 1800, 0, 0, 0, '', 1800, 0, 0, 0, '2012-11-12 07:08:09', '2012-11-12 07:08:09'),
(345, 'Nandi Diagnostics', 'Pune', 1, 1, 360, 1800, '', 1800, 0, 0, 0, '', 1800, 0, 0, 0, '2012-11-12 07:08:28', '2012-11-12 07:08:28'),
(346, 'Nandi Diagnostics', 'Pune', 1, 1, 361, 1800, '', 1800, 0, 0, 0, '', 1800, 0, 0, 0, '2012-11-12 07:08:55', '2012-11-12 07:08:55'),
(347, 'Nandi Diagnostics', 'Pune', 1, 1, 362, 1800, '', 1800, 0, 0, 0, '', 1800, 0, 0, 0, '2012-11-12 07:09:10', '2012-11-12 07:09:10'),
(348, 'Nandi Diagnostics', 'Pune', 1, 1, 363, 1800, '', 1800, 0, 0, 0, '', 1800, 0, 0, 0, '2012-11-12 07:09:23', '2012-11-12 07:09:23'),
(349, 'Nandi Diagnostics', 'Pune', 1, 1, 364, 1800, '', 1800, 0, 0, 0, '', 1800, 0, 0, 0, '2012-11-12 07:09:42', '2012-11-12 07:09:42'),
(350, 'Nandi Diagnostics', 'Pune', 1, 1, 365, 1800, '', 1800, 0, 0, 0, '', 1800, 0, 0, 0, '2012-11-12 07:09:55', '2012-11-12 07:09:55'),
(351, 'Nandi Diagnostics', 'Pune', 1, 1, 366, 1800, '', 1800, 0, 0, 0, '', 1800, 0, 0, 0, '2012-11-12 07:10:11', '2012-11-12 07:10:11'),
(352, 'Nandi Diagnostics', 'Pune', 1, 1, 367, 1800, '', 1800, 0, 0, 0, '', 1800, 0, 0, 0, '2012-11-12 07:10:24', '2012-11-12 07:10:24'),
(353, 'Nandi Diagnostics', 'Pune', 1, 1, 368, 120, '', 120, 0, 0, 0, '', 120, 0, 0, 0, '2012-11-12 07:10:38', '2012-11-12 07:10:38'),
(354, 'Nandi Diagnostics', 'Pune', 1, 1, 369, 700, '', 700, 0, 0, 0, '', 700, 0, 0, 0, '2012-11-12 07:10:55', '2012-11-12 07:10:55'),
(355, 'Nandi Diagnostics', 'Pune', 1, 1, 370, 700, '', 700, 0, 0, 0, '', 700, 0, 0, 0, '2012-11-12 07:11:09', '2012-11-12 07:11:09'),
(356, 'Nandi Diagnostics', 'Pune', 1, 1, 371, 350, '', 350, 0, 0, 0, '', 350, 0, 0, 0, '2012-11-12 07:11:24', '2012-11-12 07:11:24'),
(357, 'Nandi Diagnostics', 'Pune', 1, 1, 372, 350, '', 350, 0, 0, 0, '', 350, 0, 0, 0, '2012-11-12 07:11:43', '2012-11-12 07:11:43'),
(358, 'Nandi Diagnostics', 'Pune', 1, 1, 373, 350, '', 350, 0, 0, 0, '', 350, 0, 0, 0, '2012-11-12 07:46:05', '2012-11-12 07:46:05'),
(359, 'Nandi Diagnostics', 'Pune', 1, 1, 374, 350, '', 350, 0, 0, 0, '', 350, 0, 0, 0, '2012-11-12 07:47:41', '2012-11-12 07:47:41'),
(360, 'Nandi Diagnostics', 'Pune', 1, 1, 375, 250, '', 250, 0, 0, 0, '', 250, 0, 0, 0, '2012-11-12 07:48:14', '2012-11-12 07:48:14'),
(361, 'Nandi Diagnostics', 'Pune', 1, 1, 376, 1500, '', 1500, 0, 0, 0, '', 1500, 0, 0, 0, '2012-11-12 07:48:32', '2012-11-12 07:48:32'),
(362, 'Nandi Diagnostics', 'Pune', 1, 1, 377, 1500, '', 1500, 0, 0, 0, '', 1500, 0, 0, 0, '2012-11-12 07:48:51', '2012-11-12 07:48:51'),
(363, 'Nandi Diagnostics', 'Pune', 1, 1, 378, 1000, '', 1000, 0, 0, 0, '', 1000, 0, 0, 0, '2012-11-12 07:49:09', '2012-11-12 07:49:09'),
(364, 'Nandi Diagnostics', 'Pune', 1, 1, 379, 1000, '', 1000, 0, 0, 0, '', 1000, 0, 0, 0, '2012-11-12 07:49:24', '2012-11-12 07:49:24'),
(365, 'Nandi Diagnostics', 'Pune', 1, 1, 380, 500, '', 500, 0, 0, 0, '', 500, 0, 0, 0, '2012-11-12 07:49:40', '2012-11-12 07:49:40'),
(366, 'Nandi Diagnostics', 'Pune', 1, 1, 381, 4000, '', 4000, 0, 0, 0, '', 4000, 0, 0, 0, '2012-11-12 07:49:59', '2012-11-12 07:49:59'),
(367, 'Nandi Diagnostics', 'Pune', 1, 1, 382, 500, '', 500, 0, 0, 0, '', 500, 0, 0, 0, '2012-11-12 07:50:16', '2012-11-12 07:50:16'),
(368, 'Nandi Diagnostics', 'Pune', 1, 1, 383, 600, '', 600, 0, 0, 0, '', 600, 0, 0, 0, '2012-11-12 07:50:43', '2012-11-12 07:50:43'),
(369, 'Nandi Diagnostics', 'Pune', 1, 1, 384, 500, '', 500, 0, 0, 0, '', 500, 0, 0, 0, '2012-11-12 07:51:04', '2012-11-12 07:51:04'),
(370, 'Nandi Diagnostics', 'Pune', 1, 1, 385, 1500, '', 1500, 0, 0, 0, '', 1500, 0, 0, 0, '2012-11-12 07:51:24', '2012-11-12 07:51:24');
INSERT INTO `charge_masters` (`id`, `branch_code`, `branch_location`, `test_group_id`, `test_sub_group_id`, `test_master_id`, `price`, `collection_center_type`, `centers_price`, `centers_discount_per`, `centers_discount_amt`, `centers_cost`, `referral_type`, `referrals_price`, `referrals_commission_per`, `referrals_commission_amt`, `referrals_cost`, `created_at`, `updated_at`) VALUES
(371, 'Nandi Diagnostics', 'Pune', 28, 15, 0, 500, 'Client', 500, 76, 380, 120, '', 500, 0, 0, 0, '2012-11-12 07:52:16', '2013-01-11 08:53:23'),
(372, 'Nandi Diagnostics', 'Pune', 1, 1, 387, 1600, '', 1600, 0, 0, 0, '', 1600, 0, 0, 0, '2012-11-12 07:52:40', '2012-11-12 07:52:40'),
(373, 'Nandi Diagnostics', 'Pune', 1, 1, 388, 300, '', 300, 0, 0, 0, '', 300, 0, 0, 0, '2012-11-12 07:53:00', '2012-11-12 07:53:00'),
(374, 'Nandi Diagnostics', 'Pune', 1, 1, 389, 400, '', 400, 0, 0, 0, '', 400, 0, 0, 0, '2012-11-12 07:53:16', '2012-11-12 07:53:16'),
(375, 'Nandi Diagnostics', 'Pune', 1, 1, 390, 100, '', 100, 0, 0, 0, '', 100, 0, 0, 0, '2012-11-12 07:53:53', '2012-11-12 07:53:53'),
(376, 'Nandi Diagnostics', 'Pune', 1, 1, 391, 600, '', 600, 0, 0, 0, '', 600, 0, 0, 0, '2012-11-12 07:54:13', '2012-11-12 07:54:13'),
(377, 'Nandi Diagnostics', 'Pune', 1, 1, 392, 750, '', 750, 0, 0, 0, '', 750, 0, 0, 0, '2012-11-12 07:56:10', '2012-11-12 07:56:10'),
(378, 'Nandi Diagnostics', 'Pune', 1, 1, 393, 100, '', 100, 0, 0, 0, '', 100, 0, 0, 0, '2012-11-12 07:56:28', '2012-11-12 07:56:28'),
(379, 'Nandi Diagnostics', 'Pune', 1, 1, 394, 100, '', 100, 0, 0, 0, '', 100, 0, 0, 0, '2012-11-12 07:56:49', '2012-11-12 07:56:49'),
(380, 'Nandi Diagnostics', 'Pune', 1, 1, 395, 100, '', 100, 0, 0, 0, '', 100, 0, 0, 0, '2012-11-12 07:57:09', '2012-11-12 07:57:09'),
(381, 'Nandi Diagnostics', 'Pune', 1, 1, 396, 100, '', 100, 0, 0, 0, '', 100, 0, 0, 0, '2012-11-12 07:57:25', '2012-11-12 07:57:25'),
(382, 'Nandi Diagnostics', 'Pune', 1, 1, 397, 1500, '', 1500, 0, 0, 0, '', 1500, 0, 0, 0, '2012-11-12 07:57:42', '2012-11-12 07:57:42'),
(383, 'Nandi Diagnostics', 'Pune', 1, 1, 398, 1500, '', 1500, 0, 0, 0, '', 1500, 0, 0, 0, '2012-11-12 07:58:08', '2012-11-12 07:58:08'),
(384, 'Nandi Diagnostics', 'Pune', 1, 1, 399, 1500, '', 1500, 0, 0, 0, '', 1500, 0, 0, 0, '2012-11-12 07:58:21', '2012-11-12 07:58:21'),
(385, 'Nandi Diagnostics', 'Pune', 1, 1, 400, 1500, '', 1500, 0, 0, 0, '', 1500, 0, 0, 0, '2012-11-12 07:58:39', '2012-11-12 07:58:39'),
(386, 'Nandi Diagnostics', 'Pune', 1, 1, 401, 1500, '', 1500, 0, 0, 0, '', 1500, 0, 0, 0, '2012-11-12 07:58:58', '2012-11-12 07:58:58'),
(387, 'Nandi Diagnostics', 'Pune', 1, 1, 402, 750, '', 750, 0, 0, 0, '', 750, 0, 0, 0, '2012-11-12 07:59:17', '2012-11-12 07:59:17'),
(388, 'Nandi Diagnostics', 'Pune', 1, 1, 403, 1400, '', 1400, 0, 0, 0, '', 1400, 0, 0, 0, '2012-11-12 07:59:40', '2012-11-12 07:59:40'),
(389, 'Nandi Diagnostics', 'Pune', 1, 1, 404, 1400, '', 1400, 0, 0, 0, '', 1400, 0, 0, 0, '2012-11-12 08:00:09', '2012-11-12 08:00:09'),
(390, 'Nandi Diagnostics', 'Pune', 1, 1, 405, 4000, '', 4000, 0, 0, 0, '', 4000, 0, 0, 0, '2012-11-12 08:00:31', '2012-11-12 08:00:31'),
(391, 'Nandi Diagnostics', 'Pune', 1, 1, 406, 300, '', 300, 0, 0, 0, '', 300, 0, 0, 0, '2012-11-12 08:00:51', '2012-11-12 08:00:51'),
(392, 'Nandi Diagnostics', 'Pune', 1, 1, 407, 900, '', 900, 0, 0, 0, '', 900, 0, 0, 0, '2012-11-12 08:01:09', '2012-11-12 08:01:09'),
(393, 'Nandi Diagnostics', 'Pune', 1, 1, 408, 250, '', 250, 0, 0, 0, '', 250, 0, 0, 0, '2012-11-12 08:03:21', '2012-11-12 08:03:21'),
(394, 'Nandi Diagnostics', 'Pune', 1, 1, 409, 150, '', 150, 0, 0, 0, '', 150, 0, 0, 0, '2012-11-12 08:06:36', '2012-11-12 08:06:36'),
(395, 'Nandi Diagnostics', 'Pune', 1, 1, 410, 2000, '', 2000, 0, 0, 0, '', 2000, 0, 0, 0, '2012-11-12 08:07:14', '2012-11-12 08:07:14'),
(396, 'Nandi Diagnostics', 'Pune', 1, 1, 411, 2000, '', 2000, 0, 0, 0, '', 2000, 0, 0, 0, '2012-11-12 08:07:34', '2012-11-12 08:07:34'),
(397, 'Nandi Diagnostics', 'Pune', 1, 1, 412, 2000, '', 2000, 0, 0, 0, '', 2000, 0, 0, 0, '2012-11-12 08:07:46', '2012-11-12 08:07:46'),
(398, 'Nandi Diagnostics', 'Pune', 1, 1, 413, 2000, '', 2000, 0, 0, 0, '', 2000, 0, 0, 0, '2012-11-12 08:08:00', '2012-11-12 08:08:00'),
(399, 'Nandi Diagnostics', 'Pune', 1, 1, 414, 2000, '', 2000, 0, 0, 0, '', 2000, 0, 0, 0, '2012-11-12 08:08:13', '2012-11-12 08:08:13'),
(400, 'Nandi Diagnostics', 'Pune', 1, 1, 415, 2000, '', 2000, 0, 0, 0, '', 2000, 0, 0, 0, '2012-11-12 08:08:27', '2012-11-12 08:08:27'),
(401, 'Nandi Diagnostics', 'Pune', 1, 1, 416, 2000, '', 2000, 0, 0, 0, '', 2000, 0, 0, 0, '2012-11-12 08:08:39', '2012-11-12 08:08:39'),
(402, 'Nandi Diagnostics', 'Pune', 1, 1, 417, 2000, '', 2000, 0, 0, 0, '', 2000, 0, 0, 0, '2012-11-12 08:08:52', '2012-11-12 08:08:52'),
(403, 'Nandi Diagnostics', 'Pune', 1, 1, 418, 2000, '', 2000, 0, 0, 0, '', 2000, 0, 0, 0, '2012-11-12 08:09:06', '2012-11-12 08:09:06'),
(404, 'Nandi Diagnostics', 'Pune', 1, 1, 419, 2000, '', 2000, 0, 0, 0, '', 2000, 0, 0, 0, '2012-11-12 08:09:19', '2012-11-12 08:09:19'),
(405, 'Nandi Diagnostics', 'Pune', 1, 1, 420, 2000, '', 2000, 0, 0, 0, '', 2000, 0, 0, 0, '2012-11-12 08:09:32', '2012-11-12 08:09:32'),
(406, 'Nandi Diagnostics', 'Pune', 1, 1, 421, 1000, '', 1000, 0, 0, 0, '', 1000, 0, 0, 0, '2012-11-12 08:10:50', '2012-11-12 08:10:50'),
(407, 'Nandi Diagnostics', 'Pune', 1, 1, 422, 1000, '', 1000, 0, 0, 0, '', 1000, 0, 0, 0, '2012-11-12 08:11:04', '2012-11-12 08:11:04'),
(408, 'Nandi Diagnostics', 'Pune', 1, 1, 423, 1400, '', 1400, 0, 0, 0, '', 1400, 0, 0, 0, '2012-11-12 08:11:28', '2012-11-12 08:11:28'),
(409, 'Nandi Diagnostics', 'Pune', 1, 1, 424, 1400, '', 1400, 0, 0, 0, '', 1400, 0, 0, 0, '2012-11-12 08:11:47', '2012-11-12 08:11:47'),
(410, 'Nandi Diagnostics', 'Pune', 1, 1, 425, 4000, '', 4000, 0, 0, 0, '', 4000, 0, 0, 0, '2012-11-12 08:12:23', '2012-11-12 08:12:23'),
(411, 'Nandi Diagnostics', 'Pune', 1, 1, 426, 300, '', 300, 0, 0, 0, '', 300, 0, 0, 0, '2012-11-12 08:12:39', '2012-11-12 08:12:39'),
(412, 'Nandi Diagnostics', 'Pune', 1, 1, 427, 300, '', 300, 0, 0, 0, '', 300, 0, 0, 0, '2012-11-12 08:13:05', '2012-11-12 08:13:05'),
(413, 'Nandi Diagnostics', 'Pune', 1, 1, 428, 700, '', 700, 0, 0, 0, '', 700, 0, 0, 0, '2012-11-12 08:13:19', '2012-11-12 08:13:19'),
(414, 'Nandi Diagnostics', 'Pune', 1, 1, 429, 500, '', 500, 0, 0, 0, '', 500, 0, 0, 0, '2012-11-12 08:13:36', '2012-11-12 08:13:36'),
(415, 'Nandi Diagnostics', 'Pune', 1, 1, 430, 600, '', 600, 0, 0, 0, '', 600, 0, 0, 0, '2012-11-12 08:13:56', '2012-11-12 08:13:56'),
(416, 'Nandi Diagnostics', 'Pune', 1, 1, 431, 600, '', 600, 0, 0, 0, '', 600, 0, 0, 0, '2012-11-12 08:14:10', '2012-11-12 08:14:10'),
(417, 'Nandi Diagnostics', 'Pune', 1, 1, 432, 600, '', 600, 0, 0, 0, '', 600, 0, 0, 0, '2012-11-12 08:14:22', '2012-11-12 08:14:22'),
(418, 'Nandi Diagnostics', 'Pune', 1, 1, 433, 250, '', 250, 0, 0, 0, '', 250, 0, 0, 0, '2012-11-12 08:14:45', '2012-11-12 08:14:45'),
(419, 'Nandi Diagnostics', 'Pune', 1, 1, 434, 1600, '', 1600, 0, 0, 0, '', 1600, 0, 0, 0, '2012-11-12 08:15:06', '2012-11-12 08:15:06'),
(420, 'Nandi Diagnostics', 'Pune', 1, 1, 435, 1400, '', 1400, 0, 0, 0, '', 1400, 0, 0, 0, '2012-11-12 08:15:26', '2012-11-12 08:15:26'),
(421, 'Nandi Diagnostics', 'Pune', 1, 1, 436, 100, '', 100, 0, 0, 0, '', 100, 0, 0, 0, '2012-11-12 08:15:45', '2012-11-12 08:15:45'),
(422, 'Nandi Diagnostics', 'Pune', 1, 1, 437, 1100, '', 1100, 0, 0, 0, '', 1100, 0, 0, 0, '2012-11-12 08:16:07', '2012-11-12 08:16:07'),
(423, 'Nandi Diagnostics', 'Pune', 1, 1, 438, 600, '', 600, 0, 0, 0, '', 600, 0, 0, 0, '2012-11-12 08:16:24', '2012-11-12 08:16:24'),
(424, 'Nandi Diagnostics', 'Pune', 1, 1, 439, 3000, '', 3000, 0, 0, 0, '', 3000, 0, 0, 0, '2012-11-12 08:16:45', '2012-11-12 08:16:45'),
(425, 'Nandi Diagnostics', 'Pune', 1, 1, 440, 250, '', 250, 0, 0, 0, '', 250, 0, 0, 0, '2012-11-12 08:17:05', '2012-11-12 08:17:05'),
(426, 'Nandi Diagnostics', 'Pune', 1, 1, 441, 250, '', 250, 0, 0, 0, '', 250, 0, 0, 0, '2012-11-12 08:17:18', '2012-11-12 08:17:18'),
(427, 'Nandi Diagnostics', 'Pune', 1, 1, 442, 100, '', 100, 0, 0, 0, '', 100, 0, 0, 0, '2012-11-12 08:17:36', '2012-11-12 08:17:36'),
(428, 'Nandi Diagnostics', 'Pune', 1, 1, 443, 600, '', 600, 0, 0, 0, '', 600, 0, 0, 0, '2012-11-12 08:17:53', '2012-11-12 08:17:53'),
(429, 'Nandi Diagnostics', 'Pune', 1, 1, 444, 200, '', 200, 0, 0, 0, '', 200, 0, 0, 0, '2012-11-12 08:18:06', '2012-11-12 08:18:06'),
(430, 'Nandi Diagnostics', 'Pune', 1, 1, 445, 200, '', 200, 0, 0, 0, '', 200, 0, 0, 0, '2012-11-12 08:18:39', '2012-11-12 08:18:39'),
(431, 'Nandi Diagnostics', 'Pune', 1, 1, 446, 120, '', 120, 0, 0, 0, '', 120, 0, 0, 0, '2012-11-12 08:18:55', '2012-11-12 08:18:55'),
(432, 'Nandi Diagnostics', 'Pune', 1, 1, 447, 500, '', 500, 0, 0, 0, '', 500, 0, 0, 0, '2012-11-12 08:19:22', '2012-11-12 08:19:22'),
(433, 'Nandi Diagnostics', 'Pune', 28, 15, 0, 500, 'Client', 500, 76, 380, 120, '', 500, 0, 0, 0, '2012-11-12 08:23:43', '2013-01-11 08:56:55'),
(434, 'Nandi Diagnostics', 'Pune', 1, 1, 449, 1800, '', 1800, 0, 0, 0, '', 1800, 0, 0, 0, '2012-11-12 08:24:34', '2012-11-12 08:24:34'),
(435, 'Nandi Diagnostics', 'Pune', 1, 1, 450, 800, '', 800, 0, 0, 0, '', 800, 0, 0, 0, '2012-11-12 08:24:54', '2012-11-12 08:24:54'),
(436, 'Nandi Diagnostics', 'Pune', 28, 15, 0, 500, '', 500, 50, 250, 250, '', 500, 0, 0, 0, '2012-11-12 08:25:12', '2013-01-12 14:56:54'),
(437, 'Nandi Diagnostics', 'Pune', 28, 15, 0, 250, '', 250, 60, 150, 100, '', 250, 0, 0, 0, '2012-11-12 08:25:31', '2013-01-17 09:19:42'),
(438, 'Nandi Diagnostics', 'Pune', 1, 1, 453, 200, '', 200, 0, 0, 0, '', 200, 0, 0, 0, '2012-11-12 08:25:51', '2012-11-12 08:25:51'),
(439, 'Nandi Diagnostics', 'Pune', 1, 1, 454, 200, '', 200, 0, 0, 0, '', 200, 0, 0, 0, '2012-11-12 08:26:07', '2012-11-12 08:26:07'),
(440, 'Nandi Diagnostics', 'Pune', 1, 1, 455, 3000, '', 3000, 0, 0, 0, '', 3000, 0, 0, 0, '2012-11-12 08:26:26', '2012-11-12 08:26:26'),
(441, 'Nandi Diagnostics', 'Pune', 1, 1, 456, 600, '', 600, 0, 0, 0, '', 600, 0, 0, 0, '2012-11-12 08:26:47', '2012-11-12 08:26:47'),
(442, 'Nandi Diagnostics', 'Pune', 1, 1, 457, 4800, '', 4800, 0, 0, 0, '', 4800, 0, 0, 0, '2012-11-12 08:27:09', '2012-11-12 08:27:09'),
(443, 'Nandi Diagnostics', 'Pune', 1, 1, 458, 600, '', 600, 0, 0, 0, '', 600, 0, 0, 0, '2012-11-12 09:14:27', '2012-11-12 09:14:27'),
(444, 'Nandi Diagnostics', 'Pune', 1, 1, 459, 3000, '', 3000, 0, 0, 0, '', 3000, 0, 0, 0, '2012-11-12 09:14:49', '2012-11-12 09:14:49'),
(445, 'Nandi Diagnostics', 'Pune', 1, 1, 460, 100, '', 100, 0, 0, 0, '', 100, 0, 0, 0, '2012-11-12 09:15:05', '2012-11-12 09:15:05'),
(446, 'Nandi Diagnostics', 'Pune', 1, 1, 461, 200, '', 200, 0, 0, 0, '', 200, 0, 0, 0, '2012-11-12 09:15:38', '2012-11-12 09:15:38'),
(447, 'Nandi Diagnostics', 'Pune', 28, 15, 0, 300, '', 300, 50, 150, 150, '', 300, 0, 0, 0, '2012-11-12 09:15:53', '2013-01-11 08:56:07'),
(448, 'Nandi Diagnostics', 'Pune', 1, 1, 463, 200, '', 200, 37.5, 75, 125, '', 200, 0, 0, 0, '2012-11-12 09:16:15', '2013-01-11 08:49:47'),
(449, 'Nandi Diagnostics', 'Pune', 1, 1, 464, 1900, '', 1900, 0, 0, 0, '', 1900, 0, 0, 0, '2012-11-12 09:16:43', '2012-11-12 09:16:43'),
(450, 'Nandi Diagnostics', 'Pune', 1, 1, 465, 250, '', 250, 0, 0, 0, '', 250, 0, 0, 0, '2012-11-12 09:17:08', '2012-11-12 09:17:08'),
(451, 'Nandi Diagnostics', 'Pune', 1, 1, 466, 1600, '', 1600, 0, 0, 0, '', 1600, 0, 0, 0, '2012-11-12 09:17:30', '2012-11-12 09:17:30'),
(452, 'Nandi Diagnostics', 'Pune', 1, 1, 467, 200, '', 200, 0, 0, 0, '', 200, 0, 0, 0, '2012-11-12 09:17:51', '2012-11-12 09:17:51'),
(453, 'Nandi Diagnostics', 'Pune', 1, 1, 468, 2500, '', 2500, 0, 0, 0, '', 2500, 0, 0, 0, '2012-11-12 09:18:28', '2012-11-12 09:18:28'),
(454, 'Nandi Diagnostics', 'Pune', 1, 1, 469, 650, '', 650, 0, 0, 0, '', 650, 0, 0, 0, '2012-11-12 09:18:46', '2012-11-12 09:18:46'),
(455, 'Nandi Diagnostics', 'Pune', 1, 1, 470, 650, '', 650, 0, 0, 0, '', 650, 0, 0, 0, '2012-11-12 09:19:39', '2012-11-12 09:19:39'),
(456, 'Nandi Diagnostics', 'Pune', 1, 1, 471, 650, '', 650, 0, 0, 0, '', 650, 0, 0, 0, '2012-11-12 09:19:59', '2012-11-12 09:19:59'),
(457, 'Nandi Diagnostics', 'Pune', 1, 1, 472, 300, '', 300, 0, 0, 0, '', 300, 0, 0, 0, '2012-11-12 09:21:18', '2012-11-12 09:21:18'),
(458, 'Nandi Diagnostics', 'Pune', 1, 1, 473, 800, '', 800, 0, 0, 0, '', 800, 0, 0, 0, '2012-11-12 09:21:39', '2012-11-12 09:21:39'),
(459, 'Nandi Diagnostics', 'Pune', 1, 1, 474, 500, '', 500, 0, 0, 0, '', 500, 0, 0, 0, '2012-11-12 09:22:13', '2012-11-12 09:22:13'),
(460, 'Nandi Diagnostics', 'Pune', 1, 1, 475, 500, '', 500, 0, 0, 0, '', 500, 0, 0, 0, '2012-11-12 09:22:27', '2012-11-12 09:22:27'),
(461, 'Nandi Diagnostics', 'Pune', 1, 1, 476, 3000, '', 3000, 0, 0, 0, '', 3000, 0, 0, 0, '2012-11-12 09:22:43', '2012-11-12 09:22:43'),
(462, 'Nandi Diagnostics', 'Pune', 1, 1, 477, 1400, '', 1400, 0, 0, 0, '', 1400, 0, 0, 0, '2012-11-12 09:23:02', '2012-11-12 09:23:02'),
(463, 'Nandi Diagnostics', 'Pune', 1, 1, 478, 1400, '', 1400, 0, 0, 0, '', 1400, 0, 0, 0, '2012-11-12 09:23:21', '2012-11-12 09:23:21'),
(464, 'Nandi Diagnostics', 'Pune', 1, 1, 479, 250, '', 250, 0, 0, 0, '', 250, 0, 0, 0, '2012-11-12 09:27:01', '2012-11-12 09:27:01'),
(465, 'Nandi Diagnostics', 'Pune', 1, 1, 480, 700, '', 700, 0, 0, 0, '', 700, 0, 0, 0, '2012-11-12 09:27:40', '2012-11-12 09:27:40'),
(466, 'Nandi Diagnostics', 'Pune', 1, 1, 481, 250, '', 250, 0, 0, 0, '', 250, 0, 0, 0, '2012-11-12 09:28:05', '2012-11-12 09:28:05'),
(467, 'Nandi Diagnostics', 'Pune', 1, 1, 482, 700, '', 700, 0, 0, 0, '', 700, 0, 0, 0, '2012-11-12 09:28:30', '2012-11-12 09:28:30'),
(468, 'Nandi Diagnostics', 'Pune', 1, 1, 483, 300, '', 300, 0, 0, 0, '', 300, 0, 0, 0, '2012-11-12 09:29:02', '2012-11-12 09:29:02'),
(469, 'Nandi Diagnostics', 'Pune', 1, 1, 484, 300, '', 300, 0, 0, 0, '', 300, 0, 0, 0, '2012-11-12 09:29:19', '2012-11-12 09:29:19'),
(470, 'Nandi Diagnostics', 'Pune', 1, 1, 485, 200, '', 200, 0, 0, 0, '', 200, 0, 0, 0, '2012-11-12 09:29:38', '2012-11-12 09:29:38'),
(471, 'Nandi Diagnostics', 'Pune', 1, 1, 486, 300, '', 300, 0, 0, 0, '', 300, 0, 0, 0, '2012-11-12 09:29:56', '2012-11-12 09:29:56'),
(472, 'Nandi Diagnostics', 'Pune', 1, 1, 487, 300, '', 300, 0, 0, 0, '', 300, 0, 0, 0, '2012-11-12 09:30:12', '2012-11-12 09:30:12'),
(473, 'Nandi Diagnostics', 'Pune', 1, 1, 488, 600, '', 600, 0, 0, 0, '', 600, 0, 0, 0, '2012-11-12 09:30:48', '2012-11-12 09:30:48'),
(474, 'Nandi Diagnostics', 'Pune', 1, 1, 489, 100, '', 100, 0, 0, 0, '', 100, 0, 0, 0, '2012-11-12 09:31:27', '2012-11-12 09:31:27'),
(475, 'Nandi Diagnostics', 'Pune', 1, 1, 490, 150, '', 150, 0, 0, 0, '', 150, 0, 0, 0, '2012-11-12 09:31:45', '2012-11-12 09:31:45'),
(476, 'Nandi Diagnostics', 'Pune', 1, 1, 491, 250, '', 250, 0, 0, 0, '', 250, 0, 0, 0, '2012-11-12 09:32:00', '2012-11-12 09:32:00'),
(477, 'Nandi Diagnostics', 'Pune', 1, 1, 492, 3000, '', 3000, 0, 0, 0, '', 3000, 0, 0, 0, '2012-11-12 09:32:26', '2012-11-12 09:32:26'),
(478, 'Nandi Diagnostics', 'Pune', 28, 15, 0, 800, '', 800, 43.75, 350, 450, '', 800, 0, 0, 0, '2012-11-12 09:32:52', '2013-01-10 15:40:49'),
(479, 'Nandi Diagnostics', 'Pune', 28, 15, 493, 500, '', 500, 60, 300, 200, '', 500, 0, 0, 0, '2012-11-12 09:33:10', '2013-01-10 15:48:14'),
(480, 'Nandi Diagnostics', 'Pune', 1, 1, 495, 300, '', 300, 0, 0, 0, '', 300, 0, 0, 0, '2012-11-12 09:33:27', '2012-11-12 09:33:27'),
(481, 'Nandi Diagnostics', 'Pune', 1, 1, 496, 700, '', 700, 0, 0, 0, '', 700, 0, 0, 0, '2012-11-12 09:33:59', '2012-11-12 09:33:59'),
(482, 'Nandi Diagnostics', 'Pune', 28, 15, 0, 200, '', 200, 62.5, 125, 75, '', 200, 0, 0, 0, '2012-11-12 09:35:08', '2012-12-24 14:36:03'),
(483, 'Nandi Diagnostics', 'Pune', 28, 15, 513, 250, 'Client', 250, 60, 150, 100, '', 250, 0, 0, 0, '2012-11-12 09:35:23', '2013-01-15 13:10:45'),
(484, 'Nandi Diagnostics', 'Pune', 1, 1, 499, 250, '', 250, 0, 0, 0, '', 250, 0, 0, 0, '2012-11-12 09:36:55', '2012-11-12 09:36:55'),
(485, 'Nandi Diagnostics', 'Pune', 1, 1, 500, 1400, '', 1400, 0, 0, 0, '', 1400, 0, 0, 0, '2012-11-12 09:37:14', '2012-11-12 09:37:14'),
(486, 'Nandi Diagnostics', 'Pune', 1, 1, 501, 1000, '', 1000, 0, 0, 0, '', 1000, 0, 0, 0, '2012-11-12 09:37:35', '2012-11-12 09:37:35'),
(487, 'Nandi Diagnostics', 'Pune', 1, 1, 502, 1000, '', 1000, 0, 0, 0, '', 1000, 0, 0, 0, '2012-11-12 09:37:52', '2012-11-12 09:37:52'),
(488, 'Nandi Diagnostics', 'Pune', 1, 1, 503, 1000, '', 1000, 0, 0, 0, '', 1000, 0, 0, 0, '2012-11-12 09:38:07', '2012-11-12 09:38:07'),
(489, 'Nandi Diagnostics', 'Pune', 1, 1, 504, 200, '', 200, 0, 0, 0, '', 200, 0, 0, 0, '2012-11-12 09:38:30', '2012-11-12 09:38:30'),
(490, 'Nandi Diagnostics', 'Pune', 1, 1, 505, 150, '', 150, 0, 0, 0, '', 150, 0, 0, 0, '2012-11-12 09:38:46', '2012-11-12 09:38:46'),
(491, 'Nandi Diagnostics', 'Pune', 1, 1, 506, 600, '', 600, 0, 0, 0, '', 600, 0, 0, 0, '2012-11-12 09:39:04', '2012-11-12 09:39:04'),
(492, 'Nandi Diagnostics', 'Pune', 1, 1, 507, 500, '', 500, 0, 0, 0, '', 500, 0, 0, 0, '2012-11-12 09:39:19', '2012-11-12 09:39:19'),
(493, 'Nandi Diagnostics', 'Pune', 1, 1, 508, 500, '', 500, 0, 0, 0, '', 500, 0, 0, 0, '2012-11-12 09:39:37', '2012-11-12 09:39:37'),
(494, 'Nandi Diagnostics', 'Pune', 1, 1, 509, 3000, '', 3000, 0, 0, 0, '', 3000, 0, 0, 0, '2012-11-12 09:51:00', '2012-11-12 09:51:00'),
(495, 'Nandi Diagnostics', 'Pune', 1, 1, 510, 1000, '', 1000, 0, 0, 0, '', 1000, 0, 0, 0, '2012-11-12 09:51:21', '2012-11-12 09:51:21'),
(496, 'Nandi Diagnostics', 'Pune', 1, 1, 511, 600, '', 600, 0, 0, 0, '', 600, 0, 0, 0, '2012-11-12 09:51:39', '2012-11-12 09:51:39'),
(497, 'Nandi Diagnostics', 'Pune', 1, 1, 512, 150, '', 150, 0, 0, 0, '', 150, 0, 0, 0, '2012-11-12 09:52:03', '2012-11-12 09:52:03'),
(498, 'Nandi Diagnostics', 'Pune', 28, 15, 0, 250, 'Client', 250, 60, 150, 100, '', 250, 0, 0, 0, '2012-11-12 09:52:24', '2013-01-15 13:00:19'),
(499, 'Nandi Diagnostics', 'Pune', 1, 1, 514, 200, '', 200, 0, 0, 0, '', 200, 0, 0, 0, '2012-11-12 09:52:43', '2012-11-12 09:52:43'),
(500, 'Nandi Diagnostics', 'Pune', 1, 1, 515, 1500, '', 1500, 0, 0, 0, '', 1500, 0, 0, 0, '2012-11-12 09:53:10', '2012-11-12 09:53:10'),
(501, 'Nandi Diagnostics', 'Pune', 1, 1, 516, 1500, '', 1500, 0, 0, 0, '', 1500, 0, 0, 0, '2012-11-12 09:53:32', '2012-11-12 09:53:32'),
(502, 'Nandi Diagnostics', 'Pune', 1, 1, 517, 500, '', 500, 0, 0, 0, '', 500, 0, 0, 0, '2012-11-12 09:54:03', '2012-11-12 09:54:03'),
(503, 'Nandi Diagnostics', 'Pune', 3, 3, 0, 0, '', 0, 0, 0, 0, '', 0, 0, 0, 0, '2012-11-12 10:37:17', '2013-01-16 09:09:12'),
(504, 'Nandi Diagnostics', 'Pune', 3, 3, 0, 500, '', 500, 0, 0, 0, '', 500, 0, 0, 0, '2012-11-12 10:38:04', '2013-01-16 09:03:19'),
(505, 'Nandi Diagnostics', 'Pune', 1, 1, 520, 100, '', 100, 0, 0, 0, '', 100, 0, 0, 0, '2012-11-12 10:39:05', '2012-11-12 10:39:05'),
(506, 'Nandi Diagnostics', 'Pune', 1, 1, 521, 100, '', 100, 0, 0, 0, '', 100, 0, 0, 0, '2012-11-12 10:39:21', '2012-11-12 10:39:21'),
(507, 'Nandi Diagnostics', 'Pune', 1, 1, 522, 200, '', 200, 0, 0, 0, '', 200, 0, 0, 0, '2012-11-12 10:39:44', '2012-11-12 10:39:44'),
(508, 'Nandi Diagnostics', 'Pune', 1, 1, 523, 200, '', 200, 0, 0, 0, '', 200, 0, 0, 0, '2012-11-12 10:40:03', '2012-11-12 10:40:03'),
(509, 'Nandi Diagnostics', 'Pune', 1, 1, 524, 350, '', 350, 0, 0, 0, '', 350, 0, 0, 0, '2012-11-12 10:40:19', '2012-11-12 10:40:19'),
(510, 'Nandi Diagnostics', 'Pune', 1, 1, 525, 600, '', 600, 0, 0, 0, '', 600, 0, 0, 0, '2012-11-12 10:40:36', '2012-11-12 10:40:36'),
(511, 'Nandi Diagnostics', 'Pune', 28, 15, 20, 1500, '', 1500, 33.33, 500, 1000, '', 1500, 0, 0, 0, '2012-11-12 10:40:54', '2013-01-16 15:59:36'),
(512, 'Nandi Diagnostics', 'Pune', 1, 1, 527, 1600, '', 1600, 0, 0, 0, '', 1600, 0, 0, 0, '2012-11-12 10:41:11', '2012-11-12 10:41:11'),
(513, 'Nandi Diagnostics', 'Pune', 1, 1, 528, 1600, '', 1600, 0, 0, 0, '', 1600, 0, 0, 0, '2012-11-12 10:41:26', '2012-11-12 10:41:26'),
(514, 'Nandi Diagnostics', 'Pune', 28, 15, 0, 600, 'Client', 600, 53.33, 320, 280, '', 600, 0, 0, 0, '2012-11-12 10:41:42', '2013-01-16 15:25:11'),
(515, 'Nandi Diagnostics', 'Pune', 1, 1, 530, 3000, '', 3000, 0, 0, 0, '', 3000, 0, 0, 0, '2012-11-12 10:42:01', '2012-11-12 10:42:01'),
(516, 'Nandi Diagnostics', 'Pune', 1, 1, 531, 2500, '', 2500, 0, 0, 0, '', 2500, 0, 0, 0, '2012-11-12 10:42:17', '2012-11-12 10:42:17'),
(517, 'Nandi Diagnostics', 'Pune', 1, 1, 532, 1500, '', 1500, 0, 0, 0, '', 1500, 0, 0, 0, '2012-11-12 10:42:33', '2012-11-12 10:42:33'),
(518, 'Nandi Diagnostics', 'Pune', 28, 15, 0, 500, 'Client', 500, 70, 350, 150, '', 500, 0, 0, 0, '2012-11-12 10:42:51', '2013-01-15 08:31:20'),
(519, 'Nandi Diagnostics', 'Pune', 1, 1, 534, 100, '', 100, 0, 0, 0, '', 100, 0, 0, 0, '2012-11-12 10:43:04', '2012-11-12 10:43:04'),
(520, 'Nandi Diagnostics', 'Pune', 1, 1, 535, 1200, '', 1200, 0, 0, 0, '', 1200, 0, 0, 0, '2012-11-12 10:43:26', '2012-11-12 10:43:26'),
(521, 'Nandi Diagnostics', 'Pune', 1, 1, 536, 200, '', 200, 0, 0, 0, '', 200, 0, 0, 0, '2012-11-12 10:43:42', '2012-11-12 10:43:42'),
(522, 'Nandi Diagnostics', 'Pune', 1, 1, 537, 250, '', 250, 0, 0, 0, '', 250, 0, 0, 0, '2012-11-12 10:44:32', '2012-11-12 10:44:32'),
(523, 'Nandi Diagnostics', 'Pune', 1, 1, 538, 150, '', 150, 0, 0, 0, '', 150, 0, 0, 0, '2012-11-12 10:44:48', '2012-11-12 10:44:48'),
(524, 'Nandi Diagnostics', 'Pune', 1, 1, 539, 1500, '', 1500, 0, 0, 0, '', 1500, 0, 0, 0, '2012-11-12 10:45:04', '2012-11-12 10:45:04'),
(525, 'Nandi Diagnostics', 'Pune', 1, 1, 540, 1500, '', 1500, 0, 0, 0, '', 1500, 0, 0, 0, '2012-11-12 10:45:17', '2012-11-12 10:45:17'),
(526, 'Nandi Diagnostics', 'Pune', 1, 1, 541, 700, '', 700, 0, 0, 0, '', 700, 0, 0, 0, '2012-11-12 10:45:30', '2012-11-12 10:45:30'),
(527, 'Nandi Diagnostics', 'Pune', 19, 4, 542, 7500, '', 7500, 0, 0, 0, '', 7500, 0, 0, 0, '2012-11-17 05:35:39', '2012-11-17 05:35:39'),
(528, 'Nandi Diagnostics', 'Pune', 19, 4, 543, 9500, '', 9500, 0, 0, 0, '', 9500, 0, 0, 0, '2012-11-17 05:36:17', '2012-11-17 05:36:17'),
(529, 'Nandi Diagnostics', 'Pune', 19, 4, 544, 7500, '', 7500, 0, 0, 0, '', 7500, 0, 0, 0, '2012-11-17 05:36:50', '2012-11-17 05:36:50'),
(530, 'Nandi Diagnostics', 'Pune', 19, 4, 545, 6500, '', 6500, 0, 0, 0, '', 6500, 0, 0, 0, '2012-11-17 05:37:18', '2012-11-17 05:37:18'),
(531, 'Nandi Diagnostics', 'Pune', 19, 4, 546, 9500, '', 9500, 0, 0, 0, '', 9500, 0, 0, 0, '2012-11-17 05:37:42', '2012-11-17 05:37:42'),
(532, 'Nandi Diagnostics', 'Pune', 19, 4, 547, 5000, '', 5000, 0, 0, 0, '', 5000, 0, 0, 0, '2012-11-17 05:38:07', '2012-11-17 05:38:07'),
(533, 'Nandi Diagnostics', 'Pune', 19, 4, 548, 5000, '', 5000, 0, 0, 0, '', 5000, 0, 0, 0, '2012-11-17 05:38:39', '2012-11-17 05:38:39'),
(534, 'Nandi Diagnostics', 'Pune', 19, 4, 549, 3300, '', 3300, 0, 0, 0, '', 3300, 0, 0, 0, '2012-11-17 05:39:02', '2012-11-17 05:39:02'),
(535, 'Nandi Diagnostics', 'Pune', 19, 4, 550, 6500, '', 6500, 0, 0, 0, '', 6500, 0, 0, 0, '2012-11-17 05:39:38', '2012-11-17 05:39:38'),
(536, 'Nandi Diagnostics', 'Pune', 19, 4, 551, 2000, '', 2000, 0, 0, 0, '', 2000, 0, 0, 0, '2012-11-17 05:41:26', '2012-11-17 05:41:26'),
(537, 'Nandi Diagnostics', 'Pune', 19, 4, 552, 3300, '', 3300, 0, 0, 0, '', 3300, 0, 0, 0, '2012-11-17 05:41:49', '2012-11-17 05:41:49'),
(538, 'Nandi Diagnostics', 'Pune', 19, 4, 553, 4000, '', 4000, 0, 0, 0, '', 4000, 0, 0, 0, '2012-11-17 05:42:11', '2012-11-17 05:42:11'),
(539, 'Nandi Diagnostics', 'Pune', 19, 4, 554, 4500, '', 4500, 0, 0, 0, '', 4500, 0, 0, 0, '2012-11-17 05:42:41', '2012-11-17 05:42:41'),
(540, 'Nandi Diagnostics', 'Pune', 19, 4, 555, 12000, '', 12000, 0, 0, 0, '', 12000, 0, 0, 0, '2012-11-17 05:43:21', '2012-11-17 05:43:21'),
(541, 'Nandi Diagnostics', 'Pune', 19, 4, 556, 4000, '', 4000, 0, 0, 0, '', 4000, 0, 0, 0, '2012-11-17 05:44:17', '2012-11-17 05:44:17'),
(542, 'Nandi Diagnostics', 'Pune', 19, 4, 665, 7000, '', 7000, 0, 0, 0, '', 7000, 0, 0, 0, '2012-11-17 10:02:43', '2012-11-17 10:02:43'),
(543, 'Nandi Diagnostics', 'Pune', 19, 4, 664, 9000, '', 9000, 0, 0, 0, '', 9000, 0, 0, 0, '2012-11-17 10:03:26', '2012-11-17 10:03:26'),
(544, 'Nandi Diagnostics', 'Pune', 19, 4, 663, 7500, '', 7500, 0, 0, 0, '', 7500, 0, 0, 0, '2012-11-17 10:04:01', '2012-11-17 10:04:01'),
(545, 'Nandi Diagnostics', 'Pune', 19, 4, 662, 8000, '', 8000, 0, 0, 0, '', 8000, 0, 0, 0, '2012-11-17 10:04:36', '2012-11-17 10:04:36'),
(546, 'Nandi Diagnostics', 'Pune', 19, 4, 661, 7000, '', 7000, 0, 0, 0, '', 7000, 0, 0, 0, '2012-11-17 10:05:57', '2012-11-17 10:05:57'),
(547, 'Nandi Diagnostics', 'Pune', 19, 4, 660, 3000, '', 3000, 0, 0, 0, '', 3000, 0, 0, 0, '2012-11-17 10:06:41', '2012-11-17 10:06:41'),
(548, 'Nandi Diagnostics', 'Pune', 19, 4, 659, 1000, '', 1000, 0, 0, 0, '', 1000, 0, 0, 0, '2012-11-17 10:07:44', '2012-11-17 10:07:44'),
(549, 'Nandi Diagnostics', 'Pune', 19, 4, 658, 2500, '', 2500, 0, 0, 0, '', 2500, 0, 0, 0, '2012-11-17 10:08:26', '2012-11-17 10:08:26'),
(550, 'Nandi Diagnostics', 'Pune', 19, 4, 657, 3000, '', 3000, 0, 0, 0, '', 3000, 0, 0, 0, '2012-11-17 10:09:22', '2012-11-17 10:09:22'),
(551, 'Nandi Diagnostics', 'Pune', 19, 4, 656, 600, '', 600, 0, 0, 0, '', 600, 0, 0, 0, '2012-11-17 10:10:20', '2012-11-17 10:10:20'),
(552, 'Nandi Diagnostics', 'Pune', 19, 4, 655, 9000, '', 9000, 0, 0, 0, '', 9000, 0, 0, 0, '2012-11-17 10:10:49', '2012-11-17 10:10:49'),
(553, 'Nandi Diagnostics', 'Pune', 19, 4, 654, 3500, '', 3500, 0, 0, 0, '', 3500, 0, 0, 0, '2012-11-17 10:11:18', '2012-11-17 10:11:18'),
(554, 'Nandi Diagnostics', 'Pune', 19, 4, 653, 3500, '', 3500, 0, 0, 0, '', 3500, 0, 0, 0, '2012-11-17 10:11:50', '2012-11-17 10:11:50'),
(555, 'Nandi Diagnostics', 'Pune', 19, 4, 652, 3500, '', 3500, 0, 0, 0, '', 3500, 0, 0, 0, '2012-11-17 10:12:31', '2012-11-17 10:12:31'),
(556, 'Nandi Diagnostics', 'Pune', 19, 4, 651, 4000, '', 4000, 0, 0, 0, '', 4000, 0, 0, 0, '2012-11-17 10:12:57', '2012-11-17 10:12:57'),
(557, 'Nandi Diagnostics', 'Pune', 19, 4, 650, 6500, '', 6500, 0, 0, 0, '', 6500, 0, 0, 0, '2012-11-17 10:13:31', '2012-11-17 10:13:31'),
(558, 'Nandi Diagnostics', 'Pune', 19, 4, 649, 3000, '', 3000, 0, 0, 0, '', 3000, 0, 0, 0, '2012-11-17 10:14:05', '2012-11-17 10:14:05'),
(559, 'Nandi Diagnostics', 'Pune', 19, 4, 648, 3500, '', 3500, 0, 0, 0, '', 3500, 0, 0, 0, '2012-11-17 10:16:09', '2012-11-17 10:16:09'),
(560, 'Nandi Diagnostics', 'Pune', 19, 4, 647, 7500, '', 7500, 0, 0, 0, '', 7500, 0, 0, 0, '2012-11-17 10:17:01', '2012-11-17 10:17:01'),
(561, 'Nandi Diagnostics', 'Pune', 19, 4, 646, 9000, '', 9000, 0, 0, 0, '', 9000, 0, 0, 0, '2012-11-17 10:20:47', '2012-11-17 10:25:42'),
(562, 'Nandi Diagnostics', 'Pune', 19, 4, 645, 6000, '', 6000, 0, 0, 0, '', 6000, 0, 0, 0, '2012-11-17 10:26:09', '2012-11-17 10:26:09'),
(563, 'Nandi Diagnostics', 'Pune', 19, 4, 644, 2500, '', 2500, 0, 0, 0, '', 2500, 0, 0, 0, '2012-11-17 10:26:42', '2012-11-17 10:26:42'),
(564, 'Nandi Diagnostics', 'Pune', 19, 4, 643, 1000, '', 1000, 0, 0, 0, '', 1000, 0, 0, 0, '2012-11-17 10:27:15', '2012-11-17 10:27:15'),
(565, 'Nandi Diagnostics', 'Pune', 19, 4, 642, 4000, '', 4000, 0, 0, 0, '', 4000, 0, 0, 0, '2012-11-17 10:28:02', '2012-11-17 10:28:02'),
(566, 'Nandi Diagnostics', 'Pune', 19, 4, 641, 3000, '', 3000, 0, 0, 0, '', 3000, 0, 0, 0, '2012-11-17 10:28:46', '2012-11-17 10:28:46'),
(567, 'Nandi Diagnostics', 'Pune', 19, 4, 640, 2500, '', 2500, 0, 0, 0, '', 2500, 0, 0, 0, '2012-11-17 10:30:08', '2012-11-17 10:30:08'),
(568, 'Nandi Diagnostics', 'Pune', 19, 4, 639, 3800, '', 3800, 0, 0, 0, '', 3800, 0, 0, 0, '2012-11-17 10:30:44', '2012-11-17 10:30:44'),
(569, 'Nandi Diagnostics', 'Pune', 19, 4, 638, 6500, '', 6500, 0, 0, 0, '', 6500, 0, 0, 0, '2012-11-17 10:31:10', '2012-11-17 10:31:10'),
(570, 'Nandi Diagnostics', 'Pune', 19, 4, 637, 3000, '', 3000, 0, 0, 0, '', 3000, 0, 0, 0, '2012-11-17 10:31:38', '2012-11-17 10:31:38'),
(571, 'Nandi Diagnostics', 'Pune', 19, 4, 636, 750, '', 750, 0, 0, 0, '', 750, 0, 0, 0, '2012-11-17 10:32:11', '2012-11-17 10:32:11'),
(572, 'Nandi Diagnostics', 'Pune', 19, 4, 635, 3000, '', 3000, 0, 0, 0, '', 3000, 0, 0, 0, '2012-11-17 10:32:38', '2012-11-17 10:32:38'),
(573, 'Nandi Diagnostics', 'Pune', 19, 4, 634, 500, '', 500, 0, 0, 0, '', 500, 0, 0, 0, '2012-11-17 10:35:05', '2012-11-17 10:35:05'),
(574, 'Nandi Diagnostics', 'Pune', 19, 4, 633, 15000, '', 15000, 0, 0, 0, '', 15000, 0, 0, 0, '2012-11-17 10:35:41', '2012-11-17 10:37:36'),
(575, 'Nandi Diagnostics', 'Pune', 19, 4, 632, 6000, '', 6000, 0, 0, 0, '', 6000, 0, 0, 0, '2012-11-17 10:38:17', '2012-11-17 10:38:17'),
(576, 'Nandi Diagnostics', 'Pune', 19, 4, 631, 4500, '', 4500, 0, 0, 0, '', 4500, 0, 0, 0, '2012-11-17 10:38:44', '2012-11-17 10:38:44'),
(577, 'Nandi Diagnostics', 'Pune', 19, 4, 630, 4500, '', 4500, 0, 0, 0, '', 4500, 0, 0, 0, '2012-11-17 10:39:12', '2012-11-17 10:39:12'),
(578, 'Nandi Diagnostics', 'Pune', 19, 4, 629, 2800, '', 2800, 0, 0, 0, '', 2800, 0, 0, 0, '2012-11-17 10:41:06', '2012-11-17 10:41:06'),
(579, 'Nandi Diagnostics', 'Pune', 19, 4, 628, 4800, '', 0, 0, 0, 0, '', 0, 0, 0, 0, '2012-11-17 10:42:47', '2012-11-17 10:42:47'),
(580, 'Nandi Diagnostics', 'Pune', 19, 4, 627, 300, '', 300, 0, 0, 0, '', 300, 0, 0, 0, '2012-11-17 10:44:25', '2012-11-17 10:44:25'),
(581, 'Nandi Diagnostics', 'Pune', 19, 4, 626, 4500, '', 4500, 0, 0, 0, '', 4500, 0, 0, 0, '2012-11-17 10:44:59', '2012-11-17 10:44:59'),
(582, 'Nandi Diagnostics', 'Pune', 19, 4, 625, 4750, '', 4750, 0, 0, 0, '', 4750, 0, 0, 0, '2012-11-17 10:45:51', '2012-11-17 10:45:51'),
(583, 'Nandi Diagnostics', 'Pune', 19, 4, 624, 250, '', 250, 0, 0, 0, '', 250, 0, 0, 0, '2012-11-17 10:46:22', '2012-11-17 10:46:22'),
(584, 'Nandi Diagnostics', 'Pune', 19, 4, 623, 250, '', 250, 0, 0, 0, '', 250, 0, 0, 0, '2012-11-17 10:46:51', '2012-11-17 10:46:51'),
(585, 'Nandi Diagnostics', 'Pune', 19, 4, 622, 250, '', 250, 0, 0, 0, '', 250, 0, 0, 0, '2012-11-17 10:47:25', '2012-11-17 10:47:25'),
(586, 'Nandi Diagnostics', 'Pune', 19, 4, 621, 6000, '', 6000, 0, 0, 0, '', 6000, 0, 0, 0, '2012-11-17 10:49:31', '2012-11-17 10:49:31'),
(587, 'Nandi Diagnostics', 'Pune', 19, 4, 620, 6000, '', 6000, 0, 0, 0, '', 6000, 0, 0, 0, '2012-11-17 10:50:02', '2012-11-17 10:50:02'),
(588, 'Nandi Diagnostics', 'Pune', 19, 4, 619, 6500, '', 6500, 0, 0, 0, '', 6500, 0, 0, 0, '2012-11-17 10:50:34', '2012-11-17 10:50:34'),
(589, 'Nandi Diagnostics', 'Pune', 19, 4, 618, 2100, '', 2100, 0, 0, 0, '', 2100, 0, 0, 0, '2012-11-17 10:51:06', '2012-11-17 10:51:06'),
(590, 'Nandi Diagnostics', 'Pune', 19, 4, 617, 3000, '', 3000, 0, 0, 0, '', 3000, 0, 0, 0, '2012-11-17 10:54:15', '2012-11-17 10:54:15'),
(591, 'Nandi Diagnostics', 'Pune', 19, 4, 616, 2400, '', 2400, 0, 0, 0, '', 2400, 0, 0, 0, '2012-11-17 10:58:42', '2012-11-17 10:58:42'),
(592, 'Nandi Diagnostics', 'Pune', 19, 4, 615, 4000, '', 4000, 0, 0, 0, '', 4000, 0, 0, 0, '2012-11-17 11:00:32', '2012-11-17 11:00:32'),
(593, 'Nandi Diagnostics', 'Pune', 19, 4, 614, 4800, '', 4800, 0, 0, 0, '', 4800, 0, 0, 0, '2012-11-17 11:01:38', '2012-11-17 11:01:38'),
(594, 'Nandi Diagnostics', 'Pune', 19, 4, 613, 3500, '', 3500, 0, 0, 0, '', 3500, 0, 0, 0, '2012-11-17 11:02:18', '2012-11-17 11:02:18'),
(595, 'Nandi Diagnostics', 'Pune', 19, 4, 612, 3000, '', 3000, 0, 0, 0, '', 3000, 0, 0, 0, '2012-11-17 11:02:42', '2012-11-17 11:02:42'),
(596, 'Nandi Diagnostics', 'Pune', 19, 4, 611, 500, '', 500, 0, 0, 0, '', 500, 0, 0, 0, '2012-11-17 11:03:01', '2012-11-17 11:03:01'),
(597, 'Nandi Diagnostics', 'Pune', 19, 4, 610, 600, '', 600, 0, 0, 0, '', 600, 0, 0, 0, '2012-11-17 11:03:28', '2012-11-17 11:03:28'),
(598, 'Nandi Diagnostics', 'Pune', 19, 4, 609, 6500, '', 6500, 0, 0, 0, '', 6500, 0, 0, 0, '2012-11-17 11:04:36', '2012-11-17 11:04:36'),
(599, 'Nandi Diagnostics', 'Pune', 19, 4, 557, 4000, '', 4000, 0, 0, 0, '', 4000, 0, 0, 0, '2012-11-17 11:05:52', '2012-11-17 11:05:52'),
(600, 'Nandi Diagnostics', 'Pune', 20, 5, 666, 200, '', 200, 0, 0, 0, '', 200, 0, 0, 0, '2012-11-17 11:11:11', '2012-11-17 11:11:11'),
(601, 'Nandi Diagnostics', 'Pune', 20, 5, 667, 200, '', 200, 0, 0, 0, '', 200, 0, 0, 0, '2012-11-17 11:11:23', '2012-11-17 11:11:23'),
(602, 'Nandi Diagnostics', 'Pune', 20, 5, 668, 360, '', 360, 0, 0, 0, '', 360, 0, 0, 0, '2012-11-17 11:12:53', '2012-11-17 11:12:53'),
(603, 'Nandi Diagnostics', 'Pune', 20, 5, 669, 200, '', 200, 0, 0, 0, '', 200, 0, 0, 0, '2012-11-17 11:13:07', '2012-11-17 11:13:07'),
(604, 'Nandi Diagnostics', 'Pune', 20, 5, 670, 300, '', 300, 0, 0, 0, '', 300, 0, 0, 0, '2012-11-17 11:13:22', '2012-11-17 11:13:22'),
(605, 'Nandi Diagnostics', 'Pune', 20, 5, 671, 180, '', 180, 0, 0, 0, '', 180, 0, 0, 0, '2012-11-17 11:20:48', '2012-11-17 11:20:48'),
(606, 'Nandi Diagnostics', 'Pune', 20, 5, 672, 200, '', 200, 0, 0, 0, '', 200, 0, 0, 0, '2012-11-17 11:21:07', '2012-11-17 11:21:07'),
(607, 'Nandi Diagnostics', 'Pune', 20, 5, 673, 200, '', 200, 0, 0, 0, '', 200, 0, 0, 0, '2012-11-17 11:21:30', '2012-11-17 11:21:30'),
(608, 'Nandi Diagnostics', 'Pune', 20, 5, 674, 200, '', 200, 0, 0, 0, '', 200, 0, 0, 0, '2012-11-17 11:22:23', '2012-11-17 11:22:23'),
(609, 'Nandi Diagnostics', 'Pune', 20, 5, 675, 200, '', 200, 0, 0, 0, '', 200, 0, 0, 0, '2012-11-17 11:22:43', '2012-11-17 11:22:43'),
(610, 'Nandi Diagnostics', 'Pune', 20, 5, 676, 200, '', 200, 0, 0, 0, '', 200, 0, 0, 0, '2012-11-17 11:23:05', '2012-11-17 11:23:05'),
(611, 'Nandi Diagnostics', 'Pune', 20, 5, 677, 200, '', 200, 0, 0, 0, '', 200, 0, 0, 0, '2012-11-17 11:23:25', '2012-11-17 11:23:25'),
(612, 'Nandi Diagnostics', 'Pune', 20, 5, 689, 900, '', 900, 0, 0, 0, '', 900, 0, 0, 0, '2012-11-17 11:49:52', '2012-11-17 11:49:52'),
(613, 'Nandi Diagnostics', 'Pune', 20, 5, 688, 1000, '', 1000, 0, 0, 0, '', 1000, 0, 0, 0, '2012-11-17 11:50:19', '2012-11-17 11:50:19'),
(614, 'Nandi Diagnostics', 'Pune', 20, 5, 687, 1600, '', 1600, 0, 0, 0, '', 1600, 0, 0, 0, '2012-11-17 11:50:44', '2012-11-17 11:50:44'),
(615, 'Nandi Diagnostics', 'Pune', 20, 5, 686, 180, '', 180, 0, 0, 0, '', 180, 0, 0, 0, '2012-11-17 11:51:07', '2012-11-17 11:51:07'),
(616, 'Nandi Diagnostics', 'Pune', 20, 5, 685, 400, '', 400, 0, 0, 0, '', 400, 0, 0, 0, '2012-11-17 11:51:35', '2012-11-17 11:51:35'),
(617, 'Nandi Diagnostics', 'Pune', 20, 5, 684, 1600, '', 1600, 0, 0, 0, '', 1600, 0, 0, 0, '2012-11-17 11:51:58', '2012-11-17 11:51:58'),
(618, 'Nandi Diagnostics', 'Pune', 20, 5, 683, 180, '', 180, 0, 0, 0, '', 180, 0, 0, 0, '2012-11-17 11:52:25', '2012-11-17 11:52:25'),
(619, 'Nandi Diagnostics', 'Pune', 20, 5, 682, 280, '', 280, 0, 0, 0, '', 280, 0, 0, 0, '2012-11-17 11:53:06', '2012-11-17 11:53:06'),
(620, 'Nandi Diagnostics', 'Pune', 20, 5, 681, 600, '', 600, 0, 0, 0, '', 600, 0, 0, 0, '2012-11-17 11:53:54', '2012-11-17 11:53:54'),
(622, 'Nandi Diagnostics', 'Pune', 20, 5, 678, 200, '', 200, 0, 0, 0, '', 200, 0, 0, 0, '2012-11-17 11:56:00', '2012-11-17 11:56:00'),
(623, 'Nandi Diagnostics', 'Pune', 20, 5, 679, 1500, '', 1500, 0, 0, 0, '', 1500, 0, 0, 0, '2012-11-17 12:02:40', '2012-11-17 12:02:40'),
(624, 'Nandi Diagnostics', 'Pune', 21, 6, 690, 1200, '', 1200, 0, 0, 0, '', 1200, 0, 0, 0, '2012-11-17 12:13:01', '2012-11-17 12:13:01'),
(625, 'Nandi Diagnostics', 'Pune', 21, 6, 691, 2400, '', 2400, 0, 0, 0, '', 2400, 0, 0, 0, '2012-11-17 12:13:26', '2012-11-17 12:13:26'),
(626, 'Nandi Diagnostics', 'Pune', 21, 6, 692, 4000, '', 4000, 0, 0, 0, '', 4000, 0, 0, 0, '2012-11-17 12:13:45', '2012-11-17 12:13:45'),
(627, 'Nandi Diagnostics', 'Pune', 21, 6, 693, 1200, '', 1200, 0, 0, 0, '', 1200, 0, 0, 0, '2012-11-17 12:14:07', '2012-11-17 12:14:07'),
(628, 'Nandi Diagnostics', 'Pune', 21, 6, 694, 1200, '', 1200, 0, 0, 0, '', 1200, 0, 0, 0, '2012-11-17 12:14:21', '2012-11-17 12:14:21'),
(629, 'Nandi Diagnostics', 'Pune', 21, 6, 695, 1200, '', 1200, 0, 0, 0, '', 1200, 0, 0, 0, '2012-11-17 12:22:22', '2012-11-17 12:22:22'),
(630, 'Nandi Diagnostics', 'Pune', 21, 6, 696, 3000, '', 3000, 0, 0, 0, '', 3000, 0, 0, 0, '2012-11-17 12:22:39', '2012-11-17 12:22:39'),
(631, 'Nandi Diagnostics', 'Pune', 21, 6, 697, 1200, '', 1200, 0, 0, 0, '', 1200, 0, 0, 0, '2012-11-17 12:22:55', '2012-11-17 12:22:55'),
(632, 'Nandi Diagnostics', 'Pune', 21, 6, 698, 1450, '', 1450, 0, 0, 0, '', 1450, 0, 0, 0, '2012-11-17 12:23:16', '2012-11-17 12:23:16'),
(633, 'Nandi Diagnostics', 'Pune', 21, 6, 699, 900, '', 900, 0, 0, 0, '', 900, 0, 0, 0, '2012-11-17 12:23:41', '2012-11-17 12:23:41'),
(634, 'Nandi Diagnostics', 'Pune', 21, 6, 700, 1000, '', 1000, 0, 0, 0, '', 1000, 0, 0, 0, '2012-11-17 12:27:48', '2012-11-17 12:29:36'),
(635, 'Nandi Diagnostics', 'Pune', 21, 6, 701, 2400, '', 2400, 0, 0, 0, '', 2400, 0, 0, 0, '2012-11-17 12:30:19', '2012-11-17 12:30:19'),
(636, 'Nandi Diagnostics', 'Pune', 21, 6, 702, 1200, '', 1200, 0, 0, 0, '', 1200, 0, 0, 0, '2012-11-17 12:30:43', '2012-11-17 12:30:43'),
(637, 'Nandi Diagnostics', 'Pune', 21, 6, 704, 2200, '', 2200, 0, 0, 0, '', 2200, 0, 0, 0, '2012-11-17 12:31:06', '2012-11-17 12:31:06'),
(638, 'Nandi Diagnostics', 'Pune', 21, 6, 705, 1200, '', 1200, 0, 0, 0, '', 1200, 0, 0, 0, '2012-11-17 12:33:59', '2012-11-17 12:33:59'),
(639, 'Nandi Diagnostics', 'Pune', 21, 6, 706, 100, '', 100, 0, 0, 0, '', 100, 0, 0, 0, '2012-11-17 12:34:20', '2012-11-17 12:34:20'),
(640, 'Nandi Diagnostics', 'Pune', 21, 6, 707, 1600, '', 1600, 0, 0, 0, '', 1600, 0, 0, 0, '2012-11-17 12:34:45', '2012-11-17 12:34:45'),
(641, 'Nandi Diagnostics', 'Pune', 21, 6, 708, 800, '', 800, 0, 0, 0, '', 800, 0, 0, 0, '2012-11-17 12:34:59', '2012-11-17 12:34:59'),
(642, 'Nandi Diagnostics', 'Pune', 21, 6, 709, 600, '', 600, 0, 0, 0, '', 600, 0, 0, 0, '2012-11-17 12:35:38', '2012-11-17 12:35:38'),
(643, 'Nandi Diagnostics', 'Pune', 21, 6, 710, 1100, '', 1100, 0, 0, 0, '', 1100, 0, 0, 0, '2012-11-17 12:38:34', '2012-11-17 12:38:34'),
(644, 'Nandi Diagnostics', 'Pune', 21, 6, 711, 1000, '', 1000, 0, 0, 0, '', 1000, 0, 0, 0, '2012-11-17 12:38:53', '2012-11-17 12:38:53'),
(645, 'Nandi Diagnostics', 'Pune', 21, 6, 712, 1000, '', 1000, 0, 0, 0, '', 1000, 0, 0, 0, '2012-11-17 12:39:19', '2012-11-17 12:39:19'),
(646, 'Nandi Diagnostics', 'Pune', 21, 6, 713, 600, '', 600, 0, 0, 0, '', 600, 0, 0, 0, '2012-11-17 12:39:38', '2012-11-17 12:39:38'),
(647, 'Nandi Diagnostics', 'Pune', 21, 6, 714, 600, '', 600, 0, 0, 0, '', 600, 0, 0, 0, '2012-11-17 12:39:56', '2012-11-17 12:39:56'),
(648, 'Nandi Diagnostics', 'Pune', 21, 6, 715, 1000, '', 1000, 0, 0, 0, '', 1000, 0, 0, 0, '2012-11-17 12:48:48', '2012-11-17 12:48:48'),
(649, 'Nandi Diagnostics', 'Pune', 21, 6, 716, 400, '', 400, 0, 0, 0, '', 400, 0, 0, 0, '2012-11-17 12:49:19', '2012-11-17 12:49:19'),
(650, 'Nandi Diagnostics', 'Pune', 21, 6, 717, 200, '', 200, 0, 0, 0, '', 200, 0, 0, 0, '2012-11-17 12:49:37', '2012-11-17 12:49:37'),
(651, 'Nandi Diagnostics', 'Pune', 21, 6, 718, 1000, '', 1000, 0, 0, 0, '', 1000, 0, 0, 0, '2012-11-17 12:50:01', '2012-11-17 12:50:01'),
(652, 'Nandi Diagnostics', 'Pune', 21, 6, 719, 600, '', 600, 0, 0, 0, '', 600, 0, 0, 0, '2012-11-17 12:50:18', '2012-11-17 12:50:18'),
(653, 'Nandi Diagnostics', 'Pune', 21, 6, 720, 600, '', 600, 0, 0, 0, '', 600, 0, 0, 0, '2012-11-17 13:08:11', '2012-11-17 13:08:11'),
(654, 'Nandi Diagnostics', 'Pune', 21, 6, 721, 850, '', 850, 0, 0, 0, '', 850, 0, 0, 0, '2012-11-17 13:08:41', '2012-11-17 13:08:41'),
(655, 'Nandi Diagnostics', 'Pune', 21, 6, 722, 550, '', 550, 0, 0, 0, '', 550, 0, 0, 0, '2012-11-17 13:09:03', '2012-11-17 13:09:03'),
(656, 'Nandi Diagnostics', 'Pune', 21, 6, 723, 600, '', 600, 0, 0, 0, '', 600, 0, 0, 0, '2012-11-17 13:09:24', '2012-11-17 13:09:24'),
(657, 'Nandi Diagnostics', 'Pune', 21, 6, 724, 600, '', 600, 0, 0, 0, '', 600, 0, 0, 0, '2012-11-17 13:09:38', '2012-11-17 13:09:38'),
(658, 'Nandi Diagnostics', 'Pune', 21, 6, 725, 550, '', 550, 0, 0, 0, '', 550, 0, 0, 0, '2012-11-17 13:19:24', '2012-11-17 13:19:24'),
(659, 'Nandi Diagnostics', 'Pune', 21, 6, 726, 600, '', 600, 0, 0, 0, '', 600, 0, 0, 0, '2012-11-17 13:19:42', '2012-11-17 13:19:42'),
(660, 'Nandi Diagnostics', 'Pune', 21, 6, 727, 900, '', 900, 0, 0, 0, '', 900, 0, 0, 0, '2012-11-17 13:20:05', '2012-11-17 13:20:05'),
(661, 'Nandi Diagnostics', 'Pune', 21, 6, 728, 800, '', 800, 0, 0, 0, '', 800, 0, 0, 0, '2012-11-17 13:20:43', '2012-11-17 13:20:43'),
(662, 'Nandi Diagnostics', 'Pune', 21, 6, 729, 600, '', 600, 0, 0, 0, '', 600, 0, 0, 0, '2012-11-17 13:21:02', '2012-11-17 13:21:02'),
(663, 'Nandi Diagnostics', 'Pune', 21, 6, 730, 700, '', 700, 0, 0, 0, '', 700, 0, 0, 0, '2012-11-17 13:21:15', '2012-11-17 13:21:15'),
(664, 'Nandi Diagnostics', 'Pune', 21, 6, 731, 1200, '', 1200, 0, 0, 0, '', 1200, 0, 0, 0, '2012-11-17 13:21:37', '2012-11-17 13:21:37'),
(665, 'Nandi Diagnostics', 'Pune', 21, 6, 732, 1300, '', 1300, 0, 0, 0, '', 1300, 0, 0, 0, '2012-11-17 13:21:52', '2012-11-17 13:21:52'),
(666, 'Nandi Diagnostics', 'Pune', 21, 6, 733, 600, '', 600, 0, 0, 0, '', 600, 0, 0, 0, '2012-11-17 13:22:16', '2012-11-17 13:22:16'),
(667, 'Nandi Diagnostics', 'Pune', 21, 6, 734, 750, '', 750, 0, 0, 0, '', 750, 0, 0, 0, '2012-11-17 13:22:32', '2012-11-17 13:22:32'),
(668, 'Nandi Diagnostics', 'Pune', 21, 6, 735, 900, '', 900, 0, 0, 0, '', 900, 0, 0, 0, '2012-11-17 13:22:48', '2012-11-17 13:22:48'),
(669, 'Nandi Diagnostics', 'Pune', 21, 6, 736, 1100, '', 1100, 0, 0, 0, '', 1100, 0, 0, 0, '2012-11-17 13:23:12', '2012-11-17 13:23:12'),
(670, 'Nandi Diagnostics', 'Pune', 21, 6, 737, 600, '', 600, 0, 0, 0, '', 600, 0, 0, 0, '2012-11-17 13:23:26', '2012-11-17 13:23:26'),
(671, 'Nandi Diagnostics', 'Pune', 22, 7, 738, 1000, '', 1000, 0, 0, 0, '', 1000, 0, 0, 0, '2012-11-17 13:28:40', '2012-11-17 13:28:40'),
(672, 'Nandi Diagnostics', 'Pune', 22, 7, 739, 400, '', 400, 0, 0, 0, '', 400, 0, 0, 0, '2012-11-17 13:28:59', '2012-11-17 13:28:59'),
(673, 'Nandi Diagnostics', 'Pune', 22, 7, 740, 7000, '', 7000, 0, 0, 0, '', 7000, 0, 0, 0, '2012-11-17 13:29:35', '2012-11-17 13:29:35'),
(674, 'Nandi Diagnostics', 'Pune', 22, 7, 741, 3000, '', 3000, 0, 0, 0, '', 3000, 0, 0, 0, '2012-11-17 13:29:55', '2012-11-17 13:29:55'),
(675, 'Nandi Diagnostics', 'Pune', 22, 7, 742, 1000, '', 1000, 0, 0, 0, '', 1000, 0, 0, 0, '2012-11-17 13:30:09', '2012-11-17 13:30:09'),
(676, 'Nandi Diagnostics', 'Pune', 22, 7, 743, 10000, '', 10000, 0, 0, 0, '', 10000, 0, 0, 0, '2012-11-17 13:30:37', '2012-11-17 13:30:37'),
(677, 'Nandi Diagnostics', 'Pune', 22, 7, 744, 9000, '', 9000, 0, 0, 0, '', 9000, 0, 0, 0, '2012-11-17 13:31:00', '2012-11-17 13:31:00'),
(678, 'Nandi Diagnostics', 'Pune', 22, 7, 745, 6500, '', 6500, 0, 0, 0, '', 6500, 0, 0, 0, '2012-11-17 13:34:15', '2012-11-17 13:34:15'),
(679, 'Nandi Diagnostics', 'Pune', 22, 7, 746, 6500, '', 6500, 0, 0, 0, '', 6500, 0, 0, 0, '2012-11-17 13:34:28', '2012-11-17 13:34:28'),
(680, 'Nandi Diagnostics', 'Pune', 22, 7, 747, 900, '', 900, 0, 0, 0, '', 900, 0, 0, 0, '2012-11-17 13:35:39', '2012-11-17 13:35:39'),
(681, 'Nandi Diagnostics', 'Pune', 22, 7, 748, 13000, '', 13000, 0, 0, 0, '', 13000, 0, 0, 0, '2012-11-17 13:36:11', '2012-11-17 13:36:11'),
(682, 'Nandi Diagnostics', 'Pune', 22, 7, 749, 12500, '', 12500, 0, 0, 0, '', 12500, 0, 0, 0, '2012-11-17 13:36:30', '2012-11-17 13:36:30'),
(683, 'Nandi Diagnostics', 'Pune', 22, 7, 750, 13000, '', 13000, 0, 0, 0, '', 13000, 0, 0, 0, '2012-11-17 13:39:49', '2012-11-17 13:39:49'),
(684, 'Nandi Diagnostics', 'Pune', 22, 7, 751, 13000, '', 13000, 0, 0, 0, '', 13000, 0, 0, 0, '2012-11-17 13:40:06', '2012-11-17 13:40:06'),
(685, 'Nandi Diagnostics', 'Pune', 22, 7, 752, 13000, '', 13000, 0, 0, 0, '', 13000, 0, 0, 0, '2012-11-17 13:40:25', '2012-11-17 13:40:25'),
(686, 'Nandi Diagnostics', 'Pune', 22, 7, 753, 6500, '', 6500, 0, 0, 0, '', 6500, 0, 0, 0, '2012-11-17 13:40:50', '2012-11-17 13:40:50'),
(687, 'Nandi Diagnostics', 'Pune', 22, 7, 754, 6500, '', 6500, 0, 0, 0, '', 6500, 0, 0, 0, '2012-11-17 13:41:04', '2012-11-17 13:41:04'),
(688, 'Nandi Diagnostics', 'Pune', 22, 7, 755, 9000, '', 9000, 0, 0, 0, '', 9000, 0, 0, 0, '2012-11-19 05:56:26', '2012-11-19 05:56:26'),
(689, 'Nandi Diagnostics', 'Pune', 22, 7, 756, 10000, '', 10000, 0, 0, 0, '', 10000, 0, 0, 0, '2012-11-19 05:56:50', '2012-11-19 05:56:50'),
(690, 'Nandi Diagnostics', 'Pune', 22, 7, 757, 6500, '', 6500, 0, 0, 0, '', 6500, 0, 0, 0, '2012-11-19 05:57:45', '2012-11-19 05:57:45'),
(691, 'Nandi Diagnostics', 'Pune', 22, 7, 758, 3000, '', 3000, 0, 0, 0, '', 3000, 0, 0, 0, '2012-11-19 05:58:01', '2012-11-19 05:58:01'),
(692, 'Nandi Diagnostics', 'Pune', 22, 7, 759, 6500, '', 6500, 0, 0, 0, '', 6500, 0, 0, 0, '2012-11-19 05:58:25', '2012-11-19 05:58:25'),
(693, 'Nandi Diagnostics', 'Pune', 22, 7, 760, 2000, '', 2000, 0, 0, 0, '', 2000, 0, 0, 0, '2012-11-19 06:00:26', '2012-11-19 06:00:26'),
(694, 'Nandi Diagnostics', 'Pune', 22, 7, 761, 6500, '', 6500, 0, 0, 0, '', 6500, 0, 0, 0, '2012-11-19 06:00:57', '2012-11-19 06:00:57'),
(695, 'Nandi Diagnostics', 'Pune', 22, 7, 762, 8000, '', 8000, 0, 0, 0, '', 8000, 0, 0, 0, '2012-11-19 06:01:15', '2012-11-19 06:01:15'),
(696, 'Nandi Diagnostics', 'Pune', 22, 7, 763, 6500, '', 6500, 0, 0, 0, '', 6500, 0, 0, 0, '2012-11-19 06:01:35', '2012-11-19 06:01:35'),
(697, 'Nandi Diagnostics', 'Pune', 22, 7, 764, 3000, '', 3000, 0, 0, 0, '', 3000, 0, 0, 0, '2012-11-19 06:02:07', '2012-11-19 06:02:07'),
(698, 'Nandi Diagnostics', 'Pune', 22, 7, 765, 2500, '', 2500, 0, 0, 0, '', 2500, 0, 0, 0, '2012-11-19 06:02:32', '2012-11-19 06:02:32'),
(699, 'Nandi Diagnostics', 'Pune', 22, 7, 766, 6500, '', 6500, 0, 0, 0, '', 6500, 0, 0, 0, '2012-11-19 06:03:06', '2012-11-19 06:03:06'),
(700, 'Nandi Diagnostics', 'Pune', 22, 7, 767, 10000, '', 10000, 0, 0, 0, '', 10000, 0, 0, 0, '2012-11-19 06:03:55', '2012-11-19 06:03:55'),
(701, 'Nandi Diagnostics', 'Pune', 22, 7, 768, 8500, '', 8500, 0, 0, 0, '', 8500, 0, 0, 0, '2012-11-19 06:04:29', '2012-11-19 06:04:29'),
(702, 'Nandi Diagnostics', 'Pune', 22, 7, 769, 10000, '', 10000, 0, 0, 0, '', 10000, 0, 0, 0, '2012-11-19 06:04:55', '2012-11-19 06:04:55'),
(703, 'Nandi Diagnostics', 'Pune', 22, 7, 770, 10000, '', 10000, 0, 0, 0, '', 10000, 0, 0, 0, '2012-11-19 06:06:09', '2012-11-19 06:06:09'),
(704, 'Nandi Diagnostics', 'Pune', 22, 7, 771, 6500, '', 6500, 0, 0, 0, '', 6500, 0, 0, 0, '2012-11-19 06:06:39', '2012-11-19 06:06:39'),
(705, 'Nandi Diagnostics', 'Pune', 22, 7, 772, 15000, '', 15000, 0, 0, 0, '', 15000, 0, 0, 0, '2012-11-19 06:07:03', '2012-11-19 06:07:03'),
(706, 'Nandi Diagnostics', 'Pune', 22, 7, 773, 6000, '', 6000, 0, 0, 0, '', 6000, 0, 0, 0, '2012-11-19 06:07:39', '2012-11-19 06:07:39'),
(707, 'Nandi Diagnostics', 'Pune', 22, 7, 774, 6000, '', 6000, 0, 0, 0, '', 6000, 0, 0, 0, '2012-11-19 06:07:59', '2012-11-19 06:07:59'),
(708, 'Nandi Diagnostics', 'Pune', 22, 7, 775, 6000, '', 6000, 0, 0, 0, '', 6000, 0, 0, 0, '2012-11-19 06:08:27', '2012-11-19 06:08:27'),
(709, 'Nandi Diagnostics', 'Pune', 22, 7, 776, 8000, '', 8000, 0, 0, 0, '', 8000, 0, 0, 0, '2012-11-19 06:08:59', '2012-11-19 06:08:59'),
(710, 'Nandi Diagnostics', 'Pune', 22, 7, 777, 3000, '', 3000, 0, 0, 0, '', 3000, 0, 0, 0, '2012-11-19 06:09:23', '2012-11-19 06:09:23'),
(711, 'Nandi Diagnostics', 'Pune', 22, 7, 778, 11000, '', 11000, 0, 0, 0, '', 11000, 0, 0, 0, '2012-11-19 06:10:03', '2012-11-19 06:10:03'),
(712, 'Nandi Diagnostics', 'Pune', 22, 7, 779, 10000, '', 10000, 0, 0, 0, '', 10000, 0, 0, 0, '2012-11-19 06:10:43', '2012-11-19 06:10:43'),
(713, 'Nandi Diagnostics', 'Pune', 22, 7, 780, 9000, '', 9000, 0, 0, 0, '', 9000, 0, 0, 0, '2012-11-19 06:11:12', '2012-11-19 06:11:12'),
(714, 'Nandi Diagnostics', 'Pune', 22, 7, 781, 9000, '', 9000, 0, 0, 0, '', 9000, 0, 0, 0, '2012-11-19 06:11:48', '2012-11-19 06:11:48'),
(715, 'Nandi Diagnostics', 'Pune', 22, 7, 782, 8000, '', 8000, 0, 0, 0, '', 8000, 0, 0, 0, '2012-11-19 06:17:56', '2012-11-19 06:17:56'),
(716, 'Nandi Diagnostics', 'Pune', 22, 7, 783, 6500, '', 6500, 0, 0, 0, '', 6500, 0, 0, 0, '2012-11-19 06:19:04', '2012-11-19 06:19:04'),
(717, 'Nandi Diagnostics', 'Pune', 22, 7, 784, 8000, '', 8000, 0, 0, 0, '', 8000, 0, 0, 0, '2012-11-19 06:19:38', '2012-11-19 06:19:38'),
(718, 'Nandi Diagnostics', 'Pune', 22, 7, 785, 6500, '', 6500, 0, 0, 0, '', 6500, 0, 0, 0, '2012-11-19 06:20:44', '2012-11-19 06:20:44'),
(719, 'Nandi Diagnostics', 'Pune', 22, 7, 786, 6500, '', 6500, 0, 0, 0, '', 6500, 0, 0, 0, '2012-11-19 06:21:06', '2012-11-19 06:21:06'),
(720, 'Nandi Diagnostics', 'Pune', 22, 7, 787, 6500, '', 6500, 0, 0, 0, '', 6500, 0, 0, 0, '2012-11-19 06:21:39', '2012-11-19 06:21:39'),
(721, 'Nandi Diagnostics', 'Pune', 22, 7, 788, 6500, '', 6500, 0, 0, 0, '', 6500, 0, 0, 0, '2012-11-19 06:21:58', '2012-11-19 06:21:58'),
(722, 'Nandi Diagnostics', 'Pune', 22, 7, 789, 6500, '', 6500, 0, 0, 0, '', 6500, 0, 0, 0, '2012-11-19 06:22:20', '2012-11-19 06:22:20'),
(723, 'Nandi Diagnostics', 'Pune', 22, 7, 807, 8000, '', 8000, 0, 0, 0, '', 8000, 0, 0, 0, '2012-11-19 07:07:19', '2012-11-19 07:07:19'),
(724, 'Nandi Diagnostics', 'Pune', 22, 7, 806, 6500, '', 6500, 0, 0, 0, '', 6500, 0, 0, 0, '2012-11-19 07:07:43', '2012-11-19 07:07:43'),
(725, 'Nandi Diagnostics', 'Pune', 22, 7, 805, 6500, '', 6500, 0, 0, 0, '', 6500, 0, 0, 0, '2012-11-19 07:08:08', '2012-11-19 07:08:08'),
(726, 'Nandi Diagnostics', 'Pune', 22, 7, 804, 6500, '', 6500, 0, 0, 0, '', 6500, 0, 0, 0, '2012-11-19 07:08:31', '2012-11-19 07:08:31'),
(727, 'Nandi Diagnostics', 'Pune', 22, 7, 803, 6500, '', 6500, 0, 0, 0, '', 6500, 0, 0, 0, '2012-11-19 07:08:48', '2012-11-19 07:08:48'),
(728, 'Nandi Diagnostics', 'Pune', 22, 7, 802, 6500, '', 6500, 0, 0, 0, '', 6500, 0, 0, 0, '2012-11-19 07:09:11', '2012-11-19 07:09:11'),
(729, 'Nandi Diagnostics', 'Pune', 22, 7, 801, 6000, '', 6000, 0, 0, 0, '', 6000, 0, 0, 0, '2012-11-19 07:09:29', '2012-11-19 07:10:24'),
(730, 'Nandi Diagnostics', 'Pune', 22, 7, 800, 3000, '', 3000, 0, 0, 0, '', 3000, 0, 0, 0, '2012-11-19 07:10:04', '2012-11-19 07:10:04'),
(731, 'Nandi Diagnostics', 'Pune', 22, 7, 799, 6500, '', 6500, 0, 0, 0, '', 6500, 0, 0, 0, '2012-11-19 07:11:00', '2012-11-19 07:11:00'),
(732, 'Nandi Diagnostics', 'Pune', 22, 7, 798, 6500, '', 6500, 0, 0, 0, '', 6500, 0, 0, 0, '2012-11-19 07:11:16', '2012-11-19 07:11:16'),
(733, 'Nandi Diagnostics', 'Pune', 22, 7, 797, 6500, '', 6500, 0, 0, 0, '', 6500, 0, 0, 0, '2012-11-19 07:11:31', '2012-11-19 07:11:31'),
(734, 'Nandi Diagnostics', 'Pune', 22, 7, 796, 6500, '', 6500, 0, 0, 0, '', 6500, 0, 0, 0, '2012-11-19 07:11:52', '2012-11-19 07:11:52'),
(735, 'Nandi Diagnostics', 'Pune', 22, 7, 790, 500, '', 500, 0, 0, 0, '', 500, 0, 0, 0, '2012-11-19 07:12:27', '2012-11-19 07:12:27'),
(736, 'Nandi Diagnostics', 'Pune', 22, 7, 791, 100, '', 100, 0, 0, 0, '', 100, 0, 0, 0, '2012-11-19 07:12:42', '2012-11-19 07:12:42'),
(737, 'Nandi Diagnostics', 'Pune', 22, 7, 792, 6500, '', 6500, 0, 0, 0, '', 6500, 0, 0, 0, '2012-11-19 07:13:07', '2012-11-19 07:13:07'),
(738, 'Nandi Diagnostics', 'Pune', 22, 7, 793, 6500, '', 6500, 0, 0, 0, '', 6500, 0, 0, 0, '2012-11-19 07:13:24', '2012-11-19 07:13:24'),
(739, 'Nandi Diagnostics', 'Pune', 22, 7, 794, 6000, '', 6000, 0, 0, 0, '', 6000, 0, 0, 0, '2012-11-19 07:13:38', '2012-11-19 07:13:38');
INSERT INTO `charge_masters` (`id`, `branch_code`, `branch_location`, `test_group_id`, `test_sub_group_id`, `test_master_id`, `price`, `collection_center_type`, `centers_price`, `centers_discount_per`, `centers_discount_amt`, `centers_cost`, `referral_type`, `referrals_price`, `referrals_commission_per`, `referrals_commission_amt`, `referrals_cost`, `created_at`, `updated_at`) VALUES
(740, 'Nandi Diagnostics', 'Pune', 22, 7, 795, 3000, '', 3000, 0, 0, 0, '', 3000, 0, 0, 0, '2012-11-19 07:14:58', '2012-11-19 07:14:58'),
(741, 'Nandi Diagnostics', 'Pune', 19, 4, 558, 7000, '', 7000, 0, 0, 0, '', 7000, 0, 0, 0, '2012-11-19 10:13:20', '2012-11-19 10:13:20'),
(742, 'Nandi Diagnostics', 'Pune', 19, 4, 559, 3500, '', 3500, 0, 0, 0, '', 3500, 0, 0, 0, '2012-11-19 10:23:23', '2012-11-19 10:23:23'),
(743, 'Nandi Diagnostics', 'Pune', 19, 4, 560, 7000, '', 7000, 0, 0, 0, '', 7000, 0, 0, 0, '2012-11-19 10:23:46', '2012-11-19 10:23:46'),
(744, 'Nandi Diagnostics', 'Pune', 19, 4, 561, 9000, '', 9000, 0, 0, 0, '', 9000, 0, 0, 0, '2012-11-19 10:24:11', '2012-11-19 10:24:11'),
(745, 'Nandi Diagnostics', 'Pune', 19, 4, 562, 6000, '', 6000, 0, 0, 0, '', 6000, 0, 0, 0, '2012-11-19 10:24:40', '2012-11-19 10:24:40'),
(746, 'Nandi Diagnostics', 'Pune', 19, 4, 563, 2500, '', 2500, 0, 0, 0, '', 2500, 0, 0, 0, '2012-11-19 10:25:05', '2012-11-19 10:25:05'),
(747, 'Nandi Diagnostics', 'Pune', 19, 4, 564, 3500, '', 3500, 0, 0, 0, '', 3500, 0, 0, 0, '2012-11-19 10:25:32', '2012-11-19 10:25:32'),
(748, 'Nandi Diagnostics', 'Pune', 19, 4, 565, 6000, '', 6000, 0, 0, 0, '', 6000, 0, 0, 0, '2012-11-19 10:25:58', '2012-11-19 10:25:58'),
(749, 'Nandi Diagnostics', 'Pune', 19, 4, 566, 3500, '', 3500, 0, 0, 0, '', 3500, 0, 0, 0, '2012-11-19 10:26:26', '2012-11-19 10:26:26'),
(750, 'Nandi Diagnostics', 'Pune', 19, 4, 567, 2500, '', 2500, 0, 0, 0, '', 2500, 0, 0, 0, '2012-11-19 10:26:54', '2012-11-19 10:26:54'),
(751, 'Nandi Diagnostics', 'Pune', 19, 4, 569, 6000, '', 6000, 0, 0, 0, '', 6000, 0, 0, 0, '2012-11-19 10:28:12', '2012-11-19 10:28:12'),
(752, 'Nandi Diagnostics', 'Pune', 19, 4, 570, 4500, '', 4500, 0, 0, 0, '', 4500, 0, 0, 0, '2012-11-19 10:28:37', '2012-11-19 10:28:37'),
(753, 'Nandi Diagnostics', 'Pune', 19, 4, 571, 3500, '', 3500, 0, 0, 0, '', 3500, 0, 0, 0, '2012-11-19 10:29:00', '2012-11-19 10:29:00'),
(754, 'Nandi Diagnostics', 'Pune', 19, 4, 572, 3500, '', 3500, 0, 0, 0, '', 3500, 0, 0, 0, '2012-11-19 10:29:31', '2012-11-19 10:29:31'),
(755, 'Nandi Diagnostics', 'Pune', 19, 4, 573, 3500, '', 3500, 0, 0, 0, '', 3500, 0, 0, 0, '2012-11-19 10:29:51', '2012-11-19 10:29:51'),
(756, 'Nandi Diagnostics', 'Pune', 19, 4, 574, 6500, '', 6500, 0, 0, 0, '', 6500, 0, 0, 0, '2012-11-19 10:30:24', '2012-11-19 10:30:24'),
(757, 'Nandi Diagnostics', 'Pune', 19, 4, 575, 800, '', 800, 0, 0, 0, '', 800, 0, 0, 0, '2012-11-19 10:30:46', '2012-11-19 10:30:46'),
(758, 'Nandi Diagnostics', 'Pune', 19, 4, 576, 1250, '', 1250, 0, 0, 0, '', 1250, 0, 0, 0, '2012-11-19 10:31:34', '2012-11-19 10:31:34'),
(759, 'Nandi Diagnostics', 'Pune', 19, 4, 577, 800, '', 800, 0, 0, 0, '', 800, 0, 0, 0, '2012-11-19 10:32:02', '2012-11-19 10:32:02'),
(760, 'Nandi Diagnostics', 'Pune', 19, 4, 578, 1200, '', 1200, 0, 0, 0, '', 1200, 0, 0, 0, '2012-11-19 10:32:23', '2012-11-19 10:32:23'),
(761, 'Nandi Diagnostics', 'Pune', 19, 4, 580, 1500, '', 1500, 0, 0, 0, '', 1500, 0, 0, 0, '2012-11-19 10:33:20', '2012-11-19 10:33:20'),
(762, 'Nandi Diagnostics', 'Pune', 19, 4, 581, 1000, '', 1000, 0, 0, 0, '', 1000, 0, 0, 0, '2012-11-19 10:33:45', '2012-11-19 10:33:45'),
(763, 'Nandi Diagnostics', 'Pune', 19, 4, 582, 1000, '', 1000, 0, 0, 0, '', 1000, 0, 0, 0, '2012-11-19 10:34:20', '2012-11-19 10:34:20'),
(764, 'Nandi Diagnostics', 'Pune', 19, 4, 583, 1250, '', 1250, 0, 0, 0, '', 1250, 0, 0, 0, '2012-11-19 10:34:34', '2012-11-19 10:34:34'),
(765, 'Nandi Diagnostics', 'Pune', 19, 4, 584, 2000, '', 2000, 0, 0, 0, '', 2000, 0, 0, 0, '2012-11-19 10:34:56', '2012-11-19 10:34:56'),
(766, 'Nandi Diagnostics', 'Pune', 19, 4, 585, 1500, '', 1500, 0, 0, 0, '', 1500, 0, 0, 0, '2012-11-19 10:35:19', '2012-11-19 10:35:19'),
(767, 'Nandi Diagnostics', 'Pune', 19, 4, 586, 9000, '', 9000, 0, 0, 0, '', 9000, 0, 0, 0, '2012-11-19 10:35:46', '2012-11-19 10:35:46'),
(768, 'Nandi Diagnostics', 'Pune', 19, 4, 587, 6500, '', 6500, 0, 0, 0, '', 6500, 0, 0, 0, '2012-11-19 10:36:06', '2012-11-19 10:36:06'),
(769, 'Nandi Diagnostics', 'Pune', 19, 4, 588, 1000, '', 1000, 0, 0, 0, '', 1000, 0, 0, 0, '2012-11-19 10:36:38', '2012-11-19 10:36:38'),
(770, 'Nandi Diagnostics', 'Pune', 19, 4, 589, 3000, '', 3000, 0, 0, 0, '', 3000, 0, 0, 0, '2012-11-19 10:37:06', '2012-11-19 10:37:06'),
(771, 'Nandi Diagnostics', 'Pune', 19, 4, 590, 3500, '', 3500, 0, 0, 0, '', 3500, 0, 0, 0, '2012-11-19 10:37:28', '2012-11-19 10:37:28'),
(772, 'Nandi Diagnostics', 'Pune', 19, 4, 591, 3500, '', 3500, 0, 0, 0, '', 3500, 0, 0, 0, '2012-11-19 10:37:50', '2012-11-19 10:37:50'),
(773, 'Nandi Diagnostics', 'Pune', 19, 4, 592, 7000, '', 7000, 0, 0, 0, '', 7000, 0, 0, 0, '2012-11-19 10:38:14', '2012-11-19 10:38:14'),
(774, 'Nandi Diagnostics', 'Pune', 19, 4, 593, 100, '', 100, 0, 0, 0, '', 100, 0, 0, 0, '2012-11-19 10:38:34', '2012-11-19 10:38:34'),
(775, 'Nandi Diagnostics', 'Pune', 19, 4, 594, 200, '', 200, 0, 0, 0, '', 200, 0, 0, 0, '2012-11-19 10:38:57', '2012-11-19 10:38:57'),
(776, 'Nandi Diagnostics', 'Pune', 19, 4, 595, 400, '', 400, 0, 0, 0, '', 400, 0, 0, 0, '2012-11-19 10:39:11', '2012-11-19 10:39:11'),
(777, 'Nandi Diagnostics', 'Pune', 19, 4, 596, 250, '', 250, 0, 0, 0, '', 250, 0, 0, 0, '2012-11-19 10:39:27', '2012-11-19 10:39:27'),
(778, 'Nandi Diagnostics', 'Pune', 19, 4, 597, 800, '', 800, 0, 0, 0, '', 800, 0, 0, 0, '2012-11-19 10:39:53', '2012-11-19 10:39:53'),
(779, 'Nandi Diagnostics', 'Pune', 19, 4, 598, 500, '', 500, 0, 0, 0, '', 500, 0, 0, 0, '2012-11-19 10:40:06', '2012-11-19 10:40:06'),
(780, 'Nandi Diagnostics', 'Pune', 19, 4, 599, 1000, '', 1000, 0, 0, 0, '', 1000, 0, 0, 0, '2012-11-19 10:40:32', '2012-11-19 10:40:32'),
(781, 'Nandi Diagnostics', 'Pune', 19, 4, 600, 600, '', 600, 0, 0, 0, '', 600, 0, 0, 0, '2012-11-19 10:40:45', '2012-11-19 10:40:45'),
(782, 'Nandi Diagnostics', 'Pune', 19, 4, 601, 500, '', 500, 0, 0, 0, '', 500, 0, 0, 0, '2012-11-19 10:42:42', '2012-11-19 10:42:42'),
(783, 'Nandi Diagnostics', 'Pune', 19, 4, 602, 3000, '', 3000, 0, 0, 0, '', 3000, 0, 0, 0, '2012-11-19 10:43:23', '2012-11-19 10:43:23'),
(784, 'Nandi Diagnostics', 'Pune', 19, 4, 603, 3500, '', 3500, 0, 0, 0, '', 3500, 0, 0, 0, '2012-11-19 10:44:00', '2012-11-19 10:44:00'),
(785, 'Nandi Diagnostics', 'Pune', 19, 4, 604, 4800, '', 4800, 0, 0, 0, '', 4800, 0, 0, 0, '2012-11-19 10:45:15', '2012-11-19 10:45:15'),
(786, 'Nandi Diagnostics', 'Pune', 19, 4, 605, 4000, '', 4000, 0, 0, 0, '', 4000, 0, 0, 0, '2012-11-19 10:45:46', '2012-11-19 10:45:46'),
(787, 'Nandi Diagnostics', 'Pune', 19, 4, 606, 2400, '', 2400, 0, 0, 0, '', 2400, 0, 0, 0, '2012-11-19 10:46:07', '2012-11-19 10:46:07'),
(788, 'Nandi Diagnostics', 'Pune', 19, 4, 607, 3000, '', 3000, 0, 0, 0, '', 3000, 0, 0, 0, '2012-11-19 10:46:34', '2012-11-19 10:46:34'),
(789, 'Nandi Diagnostics', 'Pune', 19, 4, 608, 2100, '', 2100, 0, 0, 0, '', 2100, 0, 0, 0, '2012-11-19 10:46:58', '2012-11-19 10:46:58'),
(790, 'Nandi Diagnostics', 'Pune', 19, 4, 808, 3300, '', 3300, 0, 0, 0, '', 3300, 0, 0, 0, '2012-11-19 10:48:09', '2012-11-19 10:48:09'),
(793, 'Nandi Diagnostics', 'Pune', 2, 10, 811, 1000, 'Own', 1000, 30, 300, 700, 'Referral Doctor', 1000, 5, 50, 950, '2012-11-22 10:37:26', '2012-11-22 10:37:26'),
(794, 'Nandi Diagnostics', 'Pune', 2, 10, 812, 2000, 'Own', 2000, 50, 1000, 1000, 'Referral Doctor', 2000, 25, 500, 1500, '2012-11-22 11:01:23', '2012-11-22 11:01:23'),
(795, 'Nandi Diagnostics', 'Hyderabad', 1, 1, 813, 2000, '', 2000, 25, 500, 1500, '', 2000, 0, 0, 0, '2012-12-03 06:42:40', '2012-12-03 06:42:40'),
(796, 'Nandi Diagnostics', 'Hyderabad', 28, 15, 0, 500, 'Client', 500, 50, 50, 50, 'Consulting Clinics', 500, 0, 0, 0, '2012-12-03 06:50:52', '2013-01-16 09:01:28'),
(797, 'Nandi Diagnostics', 'Hyderabad', 3, 3, 815, 200, '', 200, 50, 100, 100, '', 200, 75, 150, 50, '2012-12-03 11:52:16', '2012-12-03 11:52:16'),
(798, 'Nandi Diagnostics', 'Hyderabad', 3, 3, 819, 500, '', 500, 60, 300, 200, '', 500, 0, 0, 0, '2012-12-03 11:54:08', '2012-12-03 11:54:08'),
(799, 'Nandi Diagnostics', 'Hyderabad', 3, 3, 820, 300, 'Client', 300, 50, 150, 150, 'Referral Doctor', 300, 25, 50, 150, '2012-12-03 11:56:36', '2013-01-16 09:08:08'),
(800, 'Nandi Diagnostics', 'Hyderabad', 1, 1, 568, 500, '', 500, 50, 250, 250, '', 500, 70, 350, 150, '2012-12-03 11:58:29', '2012-12-03 11:58:29'),
(801, 'Nandi Diagnostics', 'Hyderabad', 1, 1, 703, 1000, '', 1000, 50, 500, 500, '', 1000, 75, 750, 250, '2012-12-03 11:59:36', '2012-12-03 11:59:36'),
(802, 'Nandi Diagnostics', 'Hyderabad', 1, 1, 816, 500, '', 500, 50, 250, 250, '', 500, 60, 300, 200, '2012-12-03 12:00:08', '2012-12-03 12:01:03'),
(803, 'Nandi Diagnostics', 'Hyderabad', 1, 1, 817, 500, '', 500, 60, 300, 200, '', 500, 70, 350, 150, '2012-12-03 12:02:13', '2012-12-03 12:02:13'),
(804, 'Nandi Diagnostics', 'Hyderabad', 1, 1, 818, 1000, '', 1000, 20, 200, 800, '', 1000, 80, 800, 200, '2012-12-03 13:20:16', '2012-12-03 13:20:16'),
(805, 'Nandi Diagnostics', 'Hyderabad', 1, 1, 821, 200, 'Client', 200, 50, 100, 100, 'Consulting Clinics', 200, 75, 150, 50, '2012-12-03 13:49:29', '2012-12-03 13:49:29'),
(806, 'Nandi Diagnostics', 'Hyderabad', 1, 1, 822, 500, '', 500, 60, 300, 200, '', 500, 80, 400, 100, '2012-12-03 13:50:12', '2012-12-03 13:50:12'),
(807, 'Nandi Diagnostics', 'Hyderabad', 1, 1, 823, 300, '', 300, 50, 150, 150, '', 300, 83.33, 250, 50, '2012-12-03 13:50:53', '2012-12-03 13:50:53'),
(808, 'Nandi Diagnostics', 'Hyderabad', 1, 1, 824, 1500, '', 1500, 46.67, 700, 800, '', 1500, 66.67, 1000, 500, '2012-12-03 13:54:11', '2012-12-03 13:54:11'),
(809, 'Nandi Diagnostics', 'Hyderabad', 1, 1, 825, 2000, '', 2000, 50, 1000, 1000, '', 2000, 85, 1700, 300, '2012-12-03 13:54:47', '2012-12-03 13:54:47'),
(811, 'Nandi Diagnostics', 'Hyderabad', 1, 1, 828, 2500, '', 2500, 40, 1000, 1500, '', 2500, 80, 2000, 500, '2012-12-03 13:55:43', '2012-12-03 13:55:43'),
(812, 'Nandi Diagnostics', 'Hyderabad', 1, 1, 829, 1500, '', 1500, 80, 1200, 300, '', 1500, 80, 1200, 300, '2012-12-03 13:56:50', '2012-12-03 13:56:50'),
(813, 'Nandi Diagnostics', 'Hyderabad', 1, 1, 830, 2500, '', 2500, 60, 1500, 1000, '', 2500, 80, 2000, 500, '2012-12-03 13:57:28', '2012-12-03 13:57:28'),
(814, 'Nandi Diagnostics', 'Hyderabad', 1, 1, 831, 700, '', 700, 57.14, 400, 300, '', 700, 71.43, 500, 200, '2012-12-03 13:58:13', '2012-12-03 13:58:13'),
(815, 'Nandi Diagnostics', 'Hyderabad', 1, 1, 832, 2400, 'Own', 2400, 50, 1200, 1200, '', 2400, 79.17, 1900, 500, '2012-12-03 13:59:39', '2013-01-12 05:07:11'),
(817, 'Nandi Diagnostics', 'Hyderabad', 21, 6, 833, 1500, 'Client', 1500, 53.33, 800, 700, 'Consulting Clinics', 1500, 0, 0, 0, '2012-12-14 08:22:23', '2012-12-22 14:17:19'),
(821, 'Nandi Diagnostics', 'Hyderabad', 28, 15, 836, 5000, '', 5000, 60, 3000, 2000, 'Consulting Clinics', 5000, 0, 0, 0, '2012-12-22 14:25:41', '2012-12-24 10:19:32'),
(823, 'Nandi Diagnostics', 'Hyderabad', 28, 15, 838, 200, '', 200, 50, 100, 100, '', 200, 0, 0, 0, '2012-12-24 14:08:49', '2012-12-24 14:08:49'),
(824, 'Nandi Diagnostics', 'Hyderabad', 28, 15, 497, 200, '', 200, 62.5, 125, 75, '', 200, 0, 0, 0, '2012-12-24 14:56:26', '2012-12-24 14:56:26'),
(825, 'Nandi Diagnostics', 'Hyderabad', 28, 15, 839, 500, '', 500, 75, 375, 125, '', 500, 0, 0, 0, '2012-12-25 09:27:11', '2013-01-07 12:09:58'),
(826, 'Nandi Diagnostics', 'Hyderabad', 1, 18, 840, 1000, '', 1000, 50, 500, 500, '', 1000, 0, 0, 0, '2012-12-29 10:01:01', '2012-12-29 10:01:01'),
(827, 'Nandi Diagnostics', 'Hyderabad', 28, 15, 842, 10000, '', 10000, 99.8, 9980, 20, '', 10000, 0, 0, 0, '2013-01-04 05:35:21', '2013-01-04 05:35:21'),
(828, 'Nandi Diagnostics', 'Hyderabad', 28, 15, 843, 1000, '', 1000, 0, 0, 0, '', 1000, 0, 0, 0, '2013-01-04 06:18:20', '2013-01-04 06:18:20'),
(829, 'Nandi Diagnostics', 'Hyderabad', 28, 15, 844, 1200, '', 1200, 0, 0, 0, '', 1200, 0, 0, 0, '2013-01-04 12:17:31', '2013-01-04 12:17:31'),
(830, 'Nandi Diagnostics', 'Hyderabad', 28, 15, 845, 5010, '', 5010, 0, 0, 0, '', 5010, 0, 0, 0, '2013-01-04 12:43:54', '2013-01-04 12:43:54'),
(831, 'Nandi Diagnostics', 'Hyderabad', 1, 1, 846, 200, '', 200, 50, 100, 100, '', 200, 0, 0, 0, '2013-01-04 13:09:51', '2013-01-16 15:56:36'),
(832, 'Nandi Diagnostics', 'Hyderabad', 28, 15, 847, 100, '', 100, -50, -50, 150, '', 100, 0, 0, 0, '2013-01-05 09:32:01', '2013-01-10 15:53:06'),
(833, 'Nandi Diagnostics', 'Hyderabad', 28, 15, 848, 450, 'Client', 450, 55.56, 250, 200, '', 450, 0, 0, 0, '2013-01-08 10:47:32', '2013-01-16 09:00:50'),
(834, 'Nandi Diagnostics', 'Hyderabad', 28, 15, 494, 500, '', 500, 70, 350, 150, '', 500, 0, 0, 0, '2013-01-10 15:57:18', '2013-01-10 15:57:18'),
(835, 'Nandi Diagnostics', 'Hyderabad', 28, 15, 448, 500, '', 500, 76, 380, 120, '', 500, 0, 0, 0, '2013-01-11 09:18:26', '2013-01-11 09:18:26'),
(836, 'Nandi Diagnostics', 'Hyderabad', 28, 15, 849, 50, '', 50, 0, 0, 50, '', 50, 0, 0, 0, '2013-01-11 09:19:45', '2013-01-11 09:19:45'),
(837, 'Nandi Diagnostics', 'Hyderabad', 28, 15, 111, 750, '', 750, 46.67, 350, 400, '', 750, 0, 0, 0, '2013-01-11 10:29:34', '2013-01-11 10:29:34'),
(838, 'Nandi Diagnostics', 'Hyderabad', 28, 15, 850, 150, '', 150, 66.67, 100, 50, '', 150, 0, 0, 0, '2013-01-12 07:56:43', '2013-01-15 08:37:07'),
(839, 'Nandi Diagnostics', 'Hyderabad', 28, 15, 451, 500, '', 500, 50, 250, 250, '', 500, 0, 0, 0, '2013-01-12 15:03:35', '2013-01-12 15:03:35'),
(840, 'Nandi Diagnostics', 'Hyderabad', 28, 15, 533, 500, '', 500, 50, 250, 250, '', 500, 0, 0, 0, '2013-01-15 08:35:10', '2013-01-15 08:35:10'),
(841, 'Nandi Diagnostics', 'Hyderabad', 28, 15, 834, 100, '', 100, 50, 50, 50, '', 100, 0, 0, 0, '2013-01-15 08:54:30', '2013-01-15 08:54:30'),
(842, 'Nandi Diagnostics', 'Hyderabad', 28, 15, 498, 250, '', 250, 60, 150, 100, '', 250, 0, 0, 0, '2013-01-15 13:14:09', '2013-01-15 13:14:09'),
(843, 'Nandi Diagnostics', 'Hyderabad', 28, 15, 814, 450, '', 450, 50, 250, 250, '', 450, 0, 0, 0, '2013-01-16 09:02:21', '2013-01-16 09:02:21'),
(844, 'Nandi Diagnostics', 'Hyderabad', 3, 3, 318, 550, '', 550, 54.55, 300, 250, '', 550, 0, 0, 0, '2013-01-16 09:13:16', '2013-01-16 09:13:16'),
(845, 'Nandi Diagnostics', 'Hyderabad', 5, 2, 211, 250, '', 250, 70, 175, 75, '', 250, 0, 0, 0, '2013-01-16 11:47:53', '2013-01-16 11:47:53'),
(846, 'Nandi Diagnostics', 'Hyderabad', 28, 15, 529, 600, '', 600, 53.33, 320, 280, '', 600, 0, 0, 0, '2013-01-16 15:26:01', '2013-01-16 15:26:01'),
(847, 'Nandi Diagnostics', 'Hyderabad', 28, 15, 452, 250, '', 250, 60, 150, 100, '', 250, 0, 0, 0, '2013-01-17 09:20:48', '2013-01-17 09:20:48'),
(848, 'Nandi Diagnostics', 'Hyderabad', 28, 15, 110, 1500, '', 1500, 0, 0, 0, '', 1500, 0, 0, 0, '2013-01-18 12:46:56', '2013-01-18 12:46:56');

-- --------------------------------------------------------

--
-- Table structure for table `cities`
--

CREATE TABLE IF NOT EXISTS `cities` (
  `id` int(11) NOT NULL AUTO_INCREMENT,
  `name` varchar(30) COLLATE utf8_unicode_ci NOT NULL,
  `country_id` int(11) NOT NULL,
  `created_at` timestamp NOT NULL DEFAULT '0000-00-00 00:00:00',
  `updated_at` timestamp NOT NULL DEFAULT CURRENT_TIMESTAMP ON UPDATE CURRENT_TIMESTAMP,
  PRIMARY KEY (`id`),
  KEY `index_country_id` (`country_id`)
) ENGINE=InnoDB  DEFAULT CHARSET=utf8 COLLATE=utf8_unicode_ci AUTO_INCREMENT=123 ;

--
-- Dumping data for table `cities`
--

INSERT INTO `cities` (`id`, `name`, `country_id`, `created_at`, `updated_at`) VALUES
(1, 'Hyderabad', 1, '2012-12-06 10:28:23', '2012-12-06 10:28:26'),
(2, 'pune', 1, '2012-12-06 10:28:38', '2012-12-06 10:28:40'),
(3, 'london', 2, '2012-12-06 18:30:00', '2012-12-07 10:02:08'),
(4, 'Benguluru', 1, '2012-12-07 05:14:13', '2012-12-07 05:14:13'),
(5, 'Mumbai', 1, '2012-12-07 05:14:13', '2012-12-07 05:14:13'),
(6, 'Kolkata', 1, '2012-12-07 05:14:13', '2012-12-07 05:14:13'),
(7, 'Dhakha', 3, '2012-12-07 06:16:06', '2012-12-07 06:16:06'),
(9, 'Sydney', 4, '2012-12-07 06:21:01', '2012-12-07 06:21:01'),
(10, 'Melborne', 4, '2012-12-07 06:21:01', '2012-12-07 06:21:01'),
(12, 'bhuvaneswar', 1, '2012-12-11 08:01:43', '2012-12-11 08:01:43'),
(13, 'Hyderabad', 1, '2012-12-06 10:28:23', '2012-12-06 10:28:26'),
(14, 'pune', 1, '2012-12-06 10:28:38', '2012-12-06 10:28:40'),
(15, 'london', 2, '2012-12-06 18:30:00', '2012-12-07 10:02:08'),
(16, 'Benguluru', 1, '2012-12-07 05:14:13', '2012-12-07 05:14:13'),
(17, 'Mumbai', 1, '2012-12-07 05:14:13', '2012-12-07 05:14:13'),
(18, 'Kolkata', 1, '2012-12-07 05:14:13', '2012-12-07 05:14:13'),
(19, 'Dhakha', 3, '2012-12-07 06:16:06', '2012-12-07 06:16:06'),
(20, 'Sydney', 4, '2012-12-07 06:21:01', '2012-12-07 06:21:01'),
(21, 'Melborne', 4, '2012-12-07 06:21:01', '2012-12-07 06:21:01'),
(22, 'bhuvaneswar', 1, '2012-12-11 08:01:43', '2012-12-11 08:01:43'),
(23, 'Hyderabad', 1, '2012-12-06 10:28:23', '2012-12-06 10:28:26'),
(24, 'pune', 1, '2012-12-06 10:28:38', '2012-12-06 10:28:40'),
(25, 'london', 2, '2012-12-06 18:30:00', '2012-12-07 10:02:08'),
(26, 'Benguluru', 1, '2012-12-07 05:14:13', '2012-12-07 05:14:13'),
(27, 'Mumbai', 1, '2012-12-07 05:14:13', '2012-12-07 05:14:13'),
(28, 'Kolkata', 1, '2012-12-07 05:14:13', '2012-12-07 05:14:13'),
(29, 'Dhakha', 3, '2012-12-07 06:16:06', '2012-12-07 06:16:06'),
(30, 'Sydney', 4, '2012-12-07 06:21:01', '2012-12-07 06:21:01'),
(31, 'Melborne', 4, '2012-12-07 06:21:01', '2012-12-07 06:21:01'),
(32, 'bhuvaneswar', 1, '2012-12-11 08:01:43', '2012-12-11 08:01:43'),
(33, 'Hyderabad', 1, '2012-12-06 10:28:23', '2012-12-06 10:28:26'),
(34, 'pune', 1, '2012-12-06 10:28:38', '2012-12-06 10:28:40'),
(35, 'london', 2, '2012-12-06 18:30:00', '2012-12-07 10:02:08'),
(36, 'Benguluru', 1, '2012-12-07 05:14:13', '2012-12-07 05:14:13'),
(37, 'Mumbai', 1, '2012-12-07 05:14:13', '2012-12-07 05:14:13'),
(38, 'Kolkata', 1, '2012-12-07 05:14:13', '2012-12-07 05:14:13'),
(39, 'Dhakha', 3, '2012-12-07 06:16:06', '2012-12-07 06:16:06'),
(40, 'Sydney', 4, '2012-12-07 06:21:01', '2012-12-07 06:21:01'),
(41, 'Melborne', 4, '2012-12-07 06:21:01', '2012-12-07 06:21:01'),
(42, 'bhuvaneswar', 1, '2012-12-11 08:01:43', '2012-12-11 08:01:43'),
(43, 'Hyderabad', 1, '2012-12-06 10:28:23', '2012-12-06 10:28:26'),
(44, 'pune', 1, '2012-12-06 10:28:38', '2012-12-06 10:28:40'),
(45, 'london', 2, '2012-12-06 18:30:00', '2012-12-07 10:02:08'),
(46, 'Benguluru', 1, '2012-12-07 05:14:13', '2012-12-07 05:14:13'),
(47, 'Mumbai', 1, '2012-12-07 05:14:13', '2012-12-07 05:14:13'),
(48, 'Kolkata', 1, '2012-12-07 05:14:13', '2012-12-07 05:14:13'),
(49, 'Dhakha', 3, '2012-12-07 06:16:06', '2012-12-07 06:16:06'),
(50, 'Sydney', 4, '2012-12-07 06:21:01', '2012-12-07 06:21:01'),
(51, 'Melborne', 4, '2012-12-07 06:21:01', '2012-12-07 06:21:01'),
(52, 'bhuvaneswar', 1, '2012-12-11 08:01:43', '2012-12-11 08:01:43'),
(53, 'Hyderabad', 1, '2012-12-06 10:28:23', '2012-12-06 10:28:26'),
(54, 'pune', 1, '2012-12-06 10:28:38', '2012-12-06 10:28:40'),
(55, 'london', 2, '2012-12-06 18:30:00', '2012-12-07 10:02:08'),
(56, 'Benguluru', 1, '2012-12-07 05:14:13', '2012-12-07 05:14:13'),
(57, 'Mumbai', 1, '2012-12-07 05:14:13', '2012-12-07 05:14:13'),
(58, 'Kolkata', 1, '2012-12-07 05:14:13', '2012-12-07 05:14:13'),
(59, 'Dhakha', 3, '2012-12-07 06:16:06', '2012-12-07 06:16:06'),
(60, 'Sydney', 4, '2012-12-07 06:21:01', '2012-12-07 06:21:01'),
(61, 'Melborne', 4, '2012-12-07 06:21:01', '2012-12-07 06:21:01'),
(62, 'bhuvaneswar', 1, '2012-12-11 08:01:43', '2012-12-11 08:01:43'),
(63, 'Hyderabad', 1, '2012-12-06 10:28:23', '2012-12-06 10:28:26'),
(64, 'pune', 1, '2012-12-06 10:28:38', '2012-12-06 10:28:40'),
(65, 'london', 2, '2012-12-06 18:30:00', '2012-12-07 10:02:08'),
(66, 'Benguluru', 1, '2012-12-07 05:14:13', '2012-12-07 05:14:13'),
(67, 'Mumbai', 1, '2012-12-07 05:14:13', '2012-12-07 05:14:13'),
(68, 'Kolkata', 1, '2012-12-07 05:14:13', '2012-12-07 05:14:13'),
(69, 'Dhakha', 3, '2012-12-07 06:16:06', '2012-12-07 06:16:06'),
(70, 'Sydney', 4, '2012-12-07 06:21:01', '2012-12-07 06:21:01'),
(71, 'Melborne', 4, '2012-12-07 06:21:01', '2012-12-07 06:21:01'),
(72, 'bhuvaneswar', 1, '2012-12-11 08:01:43', '2012-12-11 08:01:43'),
(73, 'Hyderabad', 1, '2012-12-06 10:28:23', '2012-12-06 10:28:26'),
(74, 'pune', 1, '2012-12-06 10:28:38', '2012-12-06 10:28:40'),
(75, 'london', 2, '2012-12-06 18:30:00', '2012-12-07 10:02:08'),
(76, 'Benguluru', 1, '2012-12-07 05:14:13', '2012-12-07 05:14:13'),
(77, 'Mumbai', 1, '2012-12-07 05:14:13', '2012-12-07 05:14:13'),
(78, 'Kolkata', 1, '2012-12-07 05:14:13', '2012-12-07 05:14:13'),
(79, 'Dhakha', 3, '2012-12-07 06:16:06', '2012-12-07 06:16:06'),
(80, 'Sydney', 4, '2012-12-07 06:21:01', '2012-12-07 06:21:01'),
(81, 'Melborne', 4, '2012-12-07 06:21:01', '2012-12-07 06:21:01'),
(82, 'bhuvaneswar', 1, '2012-12-11 08:01:43', '2012-12-11 08:01:43'),
(83, 'Hyderabad', 1, '2012-12-06 10:28:23', '2012-12-06 10:28:26'),
(84, 'pune', 1, '2012-12-06 10:28:38', '2012-12-06 10:28:40'),
(85, 'london', 2, '2012-12-06 18:30:00', '2012-12-07 10:02:08'),
(86, 'Benguluru', 1, '2012-12-07 05:14:13', '2012-12-07 05:14:13'),
(87, 'Mumbai', 1, '2012-12-07 05:14:13', '2012-12-07 05:14:13'),
(88, 'Kolkata', 1, '2012-12-07 05:14:13', '2012-12-07 05:14:13'),
(89, 'Dhakha', 3, '2012-12-07 06:16:06', '2012-12-07 06:16:06'),
(90, 'Sydney', 4, '2012-12-07 06:21:01', '2012-12-07 06:21:01'),
(91, 'Melborne', 4, '2012-12-07 06:21:01', '2012-12-07 06:21:01'),
(92, 'bhuvaneswar', 1, '2012-12-11 08:01:43', '2012-12-11 08:01:43'),
(93, 'Hyderabad', 1, '2012-12-06 10:28:23', '2012-12-06 10:28:26'),
(94, 'pune', 1, '2012-12-06 10:28:38', '2012-12-06 10:28:40'),
(95, 'london', 2, '2012-12-06 18:30:00', '2012-12-07 10:02:08'),
(96, 'Benguluru', 1, '2012-12-07 05:14:13', '2012-12-07 05:14:13'),
(97, 'Mumbai', 1, '2012-12-07 05:14:13', '2012-12-07 05:14:13'),
(98, 'Kolkata', 1, '2012-12-07 05:14:13', '2012-12-07 05:14:13'),
(99, 'Dhakha', 3, '2012-12-07 06:16:06', '2012-12-07 06:16:06'),
(100, 'Sydney', 4, '2012-12-07 06:21:01', '2012-12-07 06:21:01'),
(101, 'Melborne', 4, '2012-12-07 06:21:01', '2012-12-07 06:21:01'),
(102, 'bhuvaneswar', 1, '2012-12-11 08:01:43', '2012-12-11 08:01:43'),
(103, 'Hyderabad', 1, '2012-12-06 10:28:23', '2012-12-06 10:28:26'),
(104, 'pune', 1, '2012-12-06 10:28:38', '2012-12-06 10:28:40'),
(105, 'london', 2, '2012-12-06 18:30:00', '2012-12-07 10:02:08'),
(106, 'Benguluru', 1, '2012-12-07 05:14:13', '2012-12-07 05:14:13'),
(107, 'Mumbai', 1, '2012-12-07 05:14:13', '2012-12-07 05:14:13'),
(108, 'Kolkata', 1, '2012-12-07 05:14:13', '2012-12-07 05:14:13'),
(109, 'Dhakha', 3, '2012-12-07 06:16:06', '2012-12-07 06:16:06'),
(110, 'Sydney', 4, '2012-12-07 06:21:01', '2012-12-07 06:21:01'),
(111, 'Melborne', 4, '2012-12-07 06:21:01', '2012-12-07 06:21:01'),
(112, 'bhuvaneswar', 1, '2012-12-11 08:01:43', '2012-12-11 08:01:43'),
(113, 'Hyderabad', 1, '2012-12-06 10:28:23', '2012-12-06 10:28:26'),
(114, 'pune', 1, '2012-12-06 10:28:38', '2012-12-06 10:28:40'),
(115, 'london', 2, '2012-12-06 18:30:00', '2012-12-07 10:02:08'),
(116, 'Benguluru', 1, '2012-12-07 05:14:13', '2012-12-07 05:14:13'),
(117, 'Mumbai', 1, '2012-12-07 05:14:13', '2012-12-07 05:14:13'),
(118, 'Kolkata', 1, '2012-12-07 05:14:13', '2012-12-07 05:14:13'),
(119, 'Dhakha', 3, '2012-12-07 06:16:06', '2012-12-07 06:16:06'),
(120, 'Sydney', 4, '2012-12-07 06:21:01', '2012-12-07 06:21:01'),
(121, 'Melborne', 4, '2012-12-07 06:21:01', '2012-12-07 06:21:01'),
(122, 'bhuvaneswar', 1, '2012-12-11 08:01:43', '2012-12-11 08:01:43');

-- --------------------------------------------------------

--
-- Table structure for table `clinicbranches`
--

CREATE TABLE IF NOT EXISTS `clinicbranches` (
  `id` int(11) NOT NULL,
  `clinic_id` int(11) DEFAULT NULL,
  `name` varchar(255) COLLATE utf8_unicode_ci DEFAULT NULL,
  `displayname` varchar(255) COLLATE utf8_unicode_ci DEFAULT NULL,
  `branches` int(11) DEFAULT NULL,
  `discontinue` tinyint(1) DEFAULT NULL,
  `expdate` date DEFAULT NULL,
  `address1` text COLLATE utf8_unicode_ci,
  `address2` text COLLATE utf8_unicode_ci,
  `location_id` int(11) DEFAULT NULL,
  `landmarks` varchar(255) COLLATE utf8_unicode_ci DEFAULT NULL,
  `city_id` int(11) DEFAULT NULL,
  `state_id` int(11) DEFAULT NULL,
  `country_id` int(11) DEFAULT NULL,
  `pin` int(11) DEFAULT NULL,
  `fax` int(11) DEFAULT NULL,
  `website` varchar(255) COLLATE utf8_unicode_ci DEFAULT NULL,
  `email` varchar(255) COLLATE utf8_unicode_ci DEFAULT NULL,
  `altemail` varchar(255) COLLATE utf8_unicode_ci DEFAULT NULL,
  `choosefile` varchar(255) COLLATE utf8_unicode_ci DEFAULT NULL,
  `created_at` datetime NOT NULL,
  `updated_at` datetime NOT NULL,
  PRIMARY KEY (`id`)
) ENGINE=InnoDB DEFAULT CHARSET=utf8 COLLATE=utf8_unicode_ci;

--
-- Dumping data for table `clinicbranches`
--

INSERT INTO `clinicbranches` (`id`, `clinic_id`, `name`, `displayname`, `branches`, `discontinue`, `expdate`, `address1`, `address2`, `location_id`, `landmarks`, `city_id`, `state_id`, `country_id`, `pin`, `fax`, `website`, `email`, `altemail`, `choosefile`, `created_at`, `updated_at`) VALUES
(1, 1, 'Koti', 'Koti', NULL, 0, '2012-02-12', 'hyd', 'hyd', 1, 'hyd', 1, 1, 1, 222222, NULL, '', 's@gmail.com', '', NULL, '2012-12-24 10:45:51', '2012-12-24 10:45:51'),
(2, 2, 'Vijayawada', 'Vijayawada', NULL, 0, '2012-01-12', 'sss', 'sss', 1, 'sss', 1, 1, 1, 222222, NULL, '', 's@gmail.com', '', NULL, '2012-12-24 10:43:06', '2012-12-24 10:43:06'),
(3, 1, 'Madhapur', 'Vijaya', NULL, 0, '2012-08-12', 'www', '', 1, '', 1, NULL, 1, 222222, NULL, '', 's@gmail.com', '', NULL, '2012-12-26 14:34:44', '2012-12-26 14:34:44');

-- --------------------------------------------------------

--
-- Table structure for table `clinicbranch_timings`
--

CREATE TABLE IF NOT EXISTS `clinicbranch_timings` (
  `id` int(11) NOT NULL AUTO_INCREMENT,
  `clinicbranch_id` int(11) DEFAULT NULL,
  `day` varchar(255) COLLATE utf8_unicode_ci DEFAULT NULL,
  `morning_from` time DEFAULT NULL,
  `morning_to` time DEFAULT NULL,
  `evening_from` time DEFAULT NULL,
  `evening_to` time DEFAULT NULL,
  `others_from` time DEFAULT NULL,
  `others_to` time DEFAULT NULL,
  `created_at` datetime NOT NULL,
  `updated_at` datetime NOT NULL,
  PRIMARY KEY (`id`)
) ENGINE=InnoDB DEFAULT CHARSET=utf8 COLLATE=utf8_unicode_ci AUTO_INCREMENT=1 ;

-- --------------------------------------------------------

--
-- Table structure for table `clinics`
--

CREATE TABLE IF NOT EXISTS `clinics` (
  `id` int(11) NOT NULL,
  `user_id` int(11) DEFAULT NULL,
  `name` varchar(255) COLLATE utf8_unicode_ci DEFAULT NULL,
  `displayname` varchar(255) COLLATE utf8_unicode_ci DEFAULT NULL,
  `branches` int(11) DEFAULT NULL,
  `discontinue` tinyint(1) DEFAULT NULL,
  `expdate` date DEFAULT NULL,
  `address1` text COLLATE utf8_unicode_ci,
  `address2` text COLLATE utf8_unicode_ci,
  `location_id` int(11) DEFAULT NULL,
  `landmarks` varchar(255) COLLATE utf8_unicode_ci DEFAULT NULL,
  `city_id` int(11) DEFAULT NULL,
  `state_id` int(11) DEFAULT NULL,
  `country_id` int(11) DEFAULT NULL,
  `pin` int(11) DEFAULT NULL,
  `fax` int(11) DEFAULT NULL,
  `website` varchar(255) COLLATE utf8_unicode_ci DEFAULT NULL,
  `email` varchar(255) COLLATE utf8_unicode_ci DEFAULT NULL,
  `altemail` varchar(255) COLLATE utf8_unicode_ci DEFAULT NULL,
  `choosefile` varchar(255) COLLATE utf8_unicode_ci DEFAULT NULL,
  `rating` int(11) DEFAULT NULL,
  `discount` int(11) DEFAULT NULL,
  `created_at` datetime NOT NULL,
  `updated_at` datetime NOT NULL,
  `image` varchar(255) COLLATE utf8_unicode_ci DEFAULT NULL,
  PRIMARY KEY (`id`)
) ENGINE=InnoDB DEFAULT CHARSET=utf8 COLLATE=utf8_unicode_ci;

--
-- Dumping data for table `clinics`
--

INSERT INTO `clinics` (`id`, `user_id`, `name`, `displayname`, `branches`, `discontinue`, `expdate`, `address1`, `address2`, `location_id`, `landmarks`, `city_id`, `state_id`, `country_id`, `pin`, `fax`, `website`, `email`, `altemail`, `choosefile`, `rating`, `discount`, `created_at`, `updated_at`, `image`) VALUES
(1, 1, 'Vijaya Multispeciality Hospital', 'Vijaya', 1, 0, '2012-04-12', '\r\nVijaya Hospitals,Ameerpet,Hyderabad-500082', '3', 1, 'sss', 1, 1, 1, 333333, 22, '', 's@gmail.com', '', NULL, 3, 10, '2012-12-24 10:43:06', '2012-12-24 10:43:06', '/vijaya.jpg'),
(2, 2, 'Yashodha Multispeciality Hospital', 'Yashodha', 1, 0, '2012-04-12', 'Yashoda Hospitals,Ameerpet,Hyderabad-500082', '4', 1, 'near borabanda', 1, 1, 1, 222222, NULL, 'www', 's@gmail.com', '', NULL, 4, 5, '2012-12-24 10:45:51', '2012-12-24 10:45:51', '/yashodha.jpg');

-- --------------------------------------------------------

--
-- Table structure for table `clinic_flows`
--

CREATE TABLE IF NOT EXISTS `clinic_flows` (
  `id` int(11) NOT NULL AUTO_INCREMENT,
  `name` varchar(255) COLLATE utf8_unicode_ci DEFAULT NULL,
  `location` varchar(255) COLLATE utf8_unicode_ci DEFAULT NULL,
  `city` varchar(255) COLLATE utf8_unicode_ci DEFAULT NULL,
  `speciality` varchar(255) COLLATE utf8_unicode_ci DEFAULT NULL,
  `created_at` datetime NOT NULL,
  `updated_at` datetime NOT NULL,
  PRIMARY KEY (`id`)
) ENGINE=InnoDB DEFAULT CHARSET=utf8 COLLATE=utf8_unicode_ci AUTO_INCREMENT=1 ;

-- --------------------------------------------------------

--
-- Table structure for table `clinic_profile_masters`
--

CREATE TABLE IF NOT EXISTS `clinic_profile_masters` (
  `id` int(11) NOT NULL AUTO_INCREMENT,
  `clinic_id` int(11) DEFAULT NULL,
  `clinicbranch_id` int(11) DEFAULT NULL,
  `about` text COLLATE utf8_unicode_ci,
  `services` text COLLATE utf8_unicode_ci,
  `packages` text COLLATE utf8_unicode_ci,
  `photo1` varchar(255) COLLATE utf8_unicode_ci DEFAULT NULL,
  `photo2` varchar(255) COLLATE utf8_unicode_ci DEFAULT NULL,
  `photo3` varchar(255) COLLATE utf8_unicode_ci DEFAULT NULL,
  `photo4` varchar(255) COLLATE utf8_unicode_ci DEFAULT NULL,
  `photo5` varchar(255) COLLATE utf8_unicode_ci DEFAULT NULL,
  `created_at` datetime NOT NULL,
  `updated_at` datetime NOT NULL,
  PRIMARY KEY (`id`),
  KEY `index_clinic_profile_masters_on_clinic_id` (`clinic_id`),
  KEY `index_clinic_profile_masters_on_clinicbranches_id` (`clinicbranch_id`)
) ENGINE=InnoDB  DEFAULT CHARSET=utf8 COLLATE=utf8_unicode_ci AUTO_INCREMENT=3 ;

--
-- Dumping data for table `clinic_profile_masters`
--

INSERT INTO `clinic_profile_masters` (`id`, `clinic_id`, `clinicbranch_id`, `about`, `services`, `packages`, `photo1`, `photo2`, `photo3`, `photo4`, `photo5`, `created_at`, `updated_at`) VALUES
(1, 1, 1, '\r\nAbout Us\r\n\r\nBrief History\r\n\r\nThe journey of Vijaya Hospitals started way back in 1989 as a small clinic, where Dr G Surender Rao practised paediatrics. With his international education and experience he became one of Hyderabads leading child specialists in a short span of time. Not satisfied with personal success he joined forces with his brother, Mr Ravinder Rao, an experienced business leader, to start Yashoda Hospitals.\r\n\r\nVijaya Group has come a long way since then, from a small clinic in Hyderabad, to a 1,000-plus-bed facility, with three hospitals at Secunderabad, Malakpet and Somajiguda. With a nursing school and college attached to each hospital. It has more than 450 doctors, 1,500 nurses and a total of 4,000 staff comprising of paramedical and other support staff.', 'Cardiology,Cardiothoracic Surgery,', 'Vijaya Hospitals are putting greate effort in the field of hospital managements.', 'hospital.jpg', 'hosp.jpeg', 'hospital.jpg', 'hosp.jpeg', 'hosp.jpeg', '2012-12-01 00:00:00', '2013-01-02 11:15:40'),
(2, 2, 1, '\r\nAbout Us\r\n\r\nBrief History\r\n\r\nThe journey of Yashoda Hospitals started way back in 1989 as a small clinic, where Dr G Surender Rao practised paediatrics. With his international education and experience he became one of Hyderabads leading child specialists in a short span of time. Not satisfied with personal success he joined forces with his brother, Mr Ravinder Rao, an experienced business leader, to start Yashoda Hospitals.\r\n\r\nYashoda Group has come a long way since then, from a small clinic in Hyderabad, to a 1,000-plus-bed facility, with three hospitals at Secunderabad, Malakpet and Somajiguda. With a nursing school and college attached to each hospital. It has more than 450 doctors, 1,500 nurses and a total of 4,000 staff comprising of paramedical and other support staff.', 'Cardiology,Cardiothoracic Surgery', 'Yashodha Hospitals are putting greate effort in the field of hospital managements.', NULL, NULL, NULL, NULL, NULL, '2012-12-01 00:00:00', '2012-12-01 00:00:00');

-- --------------------------------------------------------

--
-- Table structure for table `clinic_timings`
--

CREATE TABLE IF NOT EXISTS `clinic_timings` (
  `id` int(11) NOT NULL AUTO_INCREMENT,
  `clinic_id` int(11) DEFAULT NULL,
  `day` varchar(255) COLLATE utf8_unicode_ci NOT NULL,
  `morning_from` time DEFAULT NULL,
  `morning_to` time DEFAULT NULL,
  `evening_from` time DEFAULT NULL,
  `evening_to` time DEFAULT NULL,
  `others_from` time DEFAULT NULL,
  `others_to` time DEFAULT NULL,
  `created_at` datetime NOT NULL,
  `updated_at` datetime NOT NULL,
  PRIMARY KEY (`id`)
) ENGINE=InnoDB  DEFAULT CHARSET=utf8 COLLATE=utf8_unicode_ci AUTO_INCREMENT=16 ;

--
-- Dumping data for table `clinic_timings`
--

INSERT INTO `clinic_timings` (`id`, `clinic_id`, `day`, `morning_from`, `morning_to`, `evening_from`, `evening_to`, `others_from`, `others_to`, `created_at`, `updated_at`) VALUES
(1, 1, 'MON', '12:24:00', '12:24:00', '12:24:00', '12:24:00', '12:24:00', NULL, '2012-12-26 12:24:12', '2012-12-26 12:24:12'),
(3, 2, 'MON', '12:30:00', '12:30:00', '12:30:00', '12:30:00', '12:30:00', '12:30:00', '2012-12-26 12:32:15', '2012-12-26 12:32:15'),
(4, 1, 'TUES', NULL, NULL, NULL, NULL, NULL, NULL, '0000-00-00 00:00:00', '0000-00-00 00:00:00'),
(5, 1, 'WED', NULL, NULL, NULL, NULL, NULL, NULL, '0000-00-00 00:00:00', '0000-00-00 00:00:00'),
(6, 1, 'THU', NULL, NULL, NULL, NULL, NULL, NULL, '0000-00-00 00:00:00', '0000-00-00 00:00:00'),
(7, 1, 'FRI', NULL, NULL, NULL, NULL, NULL, NULL, '0000-00-00 00:00:00', '0000-00-00 00:00:00'),
(8, 1, 'SAT', NULL, NULL, NULL, NULL, NULL, NULL, '0000-00-00 00:00:00', '0000-00-00 00:00:00'),
(9, 1, 'SUN', NULL, NULL, NULL, NULL, NULL, NULL, '0000-00-00 00:00:00', '0000-00-00 00:00:00'),
(10, 2, 'TUE', '12:30:00', '12:30:00', '12:30:00', '12:30:00', '12:30:00', '12:30:00', '2012-12-26 12:32:15', '2012-12-26 12:32:15'),
(11, 2, 'WED', '12:30:00', '12:30:00', '12:30:00', '12:30:00', '12:30:00', '12:30:00', '2012-12-26 12:32:15', '2012-12-26 12:32:15'),
(12, 2, 'THU', '12:30:00', '12:30:00', '12:30:00', '12:30:00', '12:30:00', '12:30:00', '2012-12-26 12:32:15', '2012-12-26 12:32:15'),
(13, 2, 'FRI', '12:30:00', '12:30:00', '12:30:00', '12:30:00', '12:30:00', '12:30:00', '2012-12-26 12:32:15', '2012-12-26 12:32:15'),
(14, 2, 'SAT', '12:30:00', '12:30:00', '12:30:00', '12:30:00', '12:30:00', '12:30:00', '2012-12-26 12:32:15', '2012-12-26 12:32:15'),
(15, 2, 'SUN', '12:30:00', '12:30:00', '12:30:00', '12:30:00', '12:30:00', '12:30:00', '2012-12-26 12:32:15', '2012-12-26 12:32:15');

-- --------------------------------------------------------

--
-- Table structure for table `collection_centers_charges`
--

CREATE TABLE IF NOT EXISTS `collection_centers_charges` (
  `id` int(11) NOT NULL AUTO_INCREMENT,
  `s_no` int(11) DEFAULT NULL,
  `center_id` varchar(250) COLLATE utf8_unicode_ci NOT NULL,
  `name` varchar(255) COLLATE utf8_unicode_ci DEFAULT NULL,
  `price` float DEFAULT NULL,
  `discount_per` float DEFAULT NULL,
  `discount_amt` float DEFAULT NULL,
  `cost` float DEFAULT NULL,
  `created_at` datetime DEFAULT NULL,
  `updated_at` datetime DEFAULT NULL,
  `charge_master_id` int(11) NOT NULL,
  PRIMARY KEY (`id`)
) ENGINE=InnoDB  DEFAULT CHARSET=utf8 COLLATE=utf8_unicode_ci AUTO_INCREMENT=428 ;

--
-- Dumping data for table `collection_centers_charges`
--

INSERT INTO `collection_centers_charges` (`id`, `s_no`, `center_id`, `name`, `price`, `discount_per`, `discount_amt`, `cost`, `created_at`, `updated_at`, `charge_master_id`) VALUES
(1, 1, '1', 'St Theresa Hospital', 200, 50, 100, 100, '2012-12-24 14:08:49', '2012-12-24 14:08:49', 823),
(2, 2, '2', 'Well Care', 200, 50, 100, 100, '2012-12-24 14:08:49', '2012-12-24 14:08:49', 823),
(3, 2, '1', 'St Theresa Hospital', NULL, NULL, NULL, NULL, '2012-12-24 14:36:03', '2012-12-24 14:36:03', 482),
(4, 2, '2', 'Well Care', NULL, NULL, NULL, NULL, '2012-12-24 14:36:03', '2012-12-24 14:36:03', 482),
(5, 1, '1', 'St Theresa Hospital', 200, 62.5, 125, 75, '2012-12-24 14:56:26', '2012-12-24 14:56:26', 824),
(6, 2, '2', 'Well Care', 200, 62.5, 125, 75, '2012-12-24 14:56:26', '2012-12-24 14:56:26', 824),
(7, 1, '1', 'St Theresa Hospital', 500, 75, 375, 125, '2012-12-25 09:27:11', '2012-12-25 09:29:51', 825),
(8, 2, '2', 'Well Care', 500, 75, 375, 125, '2012-12-25 09:27:12', '2012-12-25 09:29:51', 825),
(9, 3, '3', 'Global eye hospital', 500, 75, 375, 125, '2012-12-25 09:27:12', '2012-12-25 09:29:51', 825),
(10, 4, '4', 'RAVI HOSPITAL', 500, 75, 375, 125, '2012-12-25 09:27:12', '2013-01-07 12:09:58', 825),
(11, 5, '1', 'St Theresa Hospital', 500, 75, 375, 125, '2012-12-25 09:29:51', '2013-01-07 12:09:58', 825),
(12, 6, '2', 'Well Care', 500, 75, 375, 125, '2012-12-25 09:29:51', '2013-01-07 12:09:58', 825),
(13, 7, '3', 'Global eye hospital', 500, 75, 375, 125, '2012-12-25 09:29:51', '2013-01-07 12:09:58', 825),
(14, 8, '4', 'RAVI HOSPITAL', 500, 75, 375, 125, '2012-12-25 09:29:51', '2013-01-07 12:09:58', 825),
(15, 1, '1', 'St Theresa Hospital', 1000, 50, 500, 500, '2012-12-29 10:01:02', '2012-12-29 10:01:02', 826),
(16, 2, '2', 'Well Care', 1000, 50, 500, 500, '2012-12-29 10:01:02', '2012-12-29 10:01:02', 826),
(17, 3, '3', 'Global eye hospital', 1000, 50, 500, 500, '2012-12-29 10:01:02', '2012-12-29 10:01:02', 826),
(18, 4, '4', 'RAVI HOSPITAL', 1000, 50, 500, 500, '2012-12-29 10:01:02', '2012-12-29 10:01:02', 826),
(19, 5, '5', 'srija', 1000, 50, 500, 500, '2012-12-29 10:01:02', '2012-12-29 10:01:02', 826),
(20, 2, '1', 'St Theresa Hospital', NULL, NULL, NULL, NULL, '2012-12-30 09:01:29', '2012-12-30 09:01:29', 164),
(21, 3, '2', 'Well Care', NULL, NULL, NULL, NULL, '2012-12-30 09:01:29', '2012-12-30 09:01:29', 164),
(22, 4, '3', 'Global eye hospital', NULL, NULL, NULL, NULL, '2012-12-30 09:01:29', '2012-12-30 09:01:29', 164),
(23, 5, '4', 'RAVI HOSPITAL', NULL, NULL, NULL, NULL, '2012-12-30 09:01:29', '2012-12-30 09:01:29', 164),
(24, 6, '5', 'srija', NULL, NULL, NULL, NULL, '2012-12-30 09:01:29', '2012-12-30 09:01:29', 164),
(25, 1, '1', 'St Theresa Hospital', 10000, 99.8, 9980, 20, '2013-01-04 05:35:21', '2013-01-04 05:35:21', 827),
(26, 2, '2', 'Well Care', 10000, 99.8, 9980, 20, '2013-01-04 05:35:21', '2013-01-04 05:35:21', 827),
(27, 3, '3', 'Global eye hospital', 10000, 99.8, 9980, 20, '2013-01-04 05:35:21', '2013-01-04 05:35:21', 827),
(28, 4, '4', 'RAVI HOSPITAL', 10000, 99.8, 9980, 20, '2013-01-04 05:35:21', '2013-01-04 05:35:21', 827),
(29, 5, '5', 'srija', 10000, 99.8, 9980, 20, '2013-01-04 05:35:21', '2013-01-04 05:35:21', 827),
(30, 1, '1', 'St Theresa Hospital', NULL, NULL, NULL, NULL, '2013-01-04 06:18:20', '2013-01-04 06:18:20', 828),
(31, 2, '2', 'Well Care', NULL, NULL, NULL, NULL, '2013-01-04 06:18:20', '2013-01-04 06:18:20', 828),
(32, 3, '3', 'Global eye hospital', NULL, NULL, NULL, NULL, '2013-01-04 06:18:20', '2013-01-04 06:18:20', 828),
(33, 4, '4', 'RAVI HOSPITAL', NULL, NULL, NULL, NULL, '2013-01-04 06:18:20', '2013-01-04 06:18:20', 828),
(34, 5, '5', 'srija', NULL, NULL, NULL, NULL, '2013-01-04 06:18:20', '2013-01-04 06:18:20', 828),
(35, 1, '1', 'St Theresa Hospital', NULL, NULL, NULL, NULL, '2013-01-04 12:17:31', '2013-01-04 12:17:31', 829),
(36, 2, '2', 'Well Care', NULL, NULL, NULL, NULL, '2013-01-04 12:17:31', '2013-01-04 12:17:31', 829),
(37, 3, '3', 'Global eye hospital', NULL, NULL, NULL, NULL, '2013-01-04 12:17:31', '2013-01-04 12:17:31', 829),
(38, 4, '4', 'RAVI HOSPITAL', NULL, NULL, NULL, NULL, '2013-01-04 12:17:31', '2013-01-04 12:17:31', 829),
(39, 5, '5', 'srija', NULL, NULL, NULL, NULL, '2013-01-04 12:17:31', '2013-01-04 12:17:31', 829),
(40, 1, '1', 'St Theresa Hospital', NULL, NULL, NULL, NULL, '2013-01-04 12:43:54', '2013-01-04 12:43:54', 830),
(41, 2, '2', 'Well Care', NULL, NULL, NULL, NULL, '2013-01-04 12:43:54', '2013-01-04 12:43:54', 830),
(42, 3, '3', 'Global eye hospital', NULL, NULL, NULL, NULL, '2013-01-04 12:43:54', '2013-01-04 12:43:54', 830),
(43, 4, '4', 'RAVI HOSPITAL', NULL, NULL, NULL, NULL, '2013-01-04 12:43:54', '2013-01-04 12:43:54', 830),
(44, 5, '5', 'srija', NULL, NULL, NULL, NULL, '2013-01-04 12:43:54', '2013-01-04 12:43:54', 830),
(45, 1, '1', 'St Theresa Hospital', 200, 50, 100, 100, '2013-01-04 13:09:51', '2013-01-16 15:56:36', 831),
(46, 2, '2', 'Well Care', 200, 50, 100, 100, '2013-01-04 13:09:51', '2013-01-16 15:56:36', 831),
(47, 3, '3', 'Global eye hospital', 200, 50, 100, 100, '2013-01-04 13:09:51', '2013-01-16 15:56:36', 831),
(48, 4, '4', 'RAVI HOSPITAL', 200, 50, 100, 100, '2013-01-04 13:09:51', '2013-01-16 15:56:36', 831),
(49, 5, '5', 'srija', 200, 50, 100, 100, '2013-01-04 13:09:51', '2013-01-16 15:56:36', 831),
(50, 1, '1', 'St Theresa Hospital', NULL, NULL, NULL, NULL, '2013-01-05 09:32:01', '2013-01-05 09:32:01', 832),
(51, 2, '2', 'Well Care', NULL, NULL, NULL, NULL, '2013-01-05 09:32:01', '2013-01-05 09:32:01', 832),
(52, 3, '3', 'Global eye hospital', NULL, NULL, NULL, NULL, '2013-01-05 09:32:01', '2013-01-05 09:32:01', 832),
(53, 4, '4', 'RAVI HOSPITAL', NULL, NULL, NULL, NULL, '2013-01-05 09:32:01', '2013-01-05 09:32:01', 832),
(54, 5, '5', 'srija', NULL, NULL, NULL, NULL, '2013-01-05 09:32:01', '2013-01-05 09:32:01', 832),
(55, 9, '5', 'srija', 500, 75, 375, 125, '2013-01-07 12:09:58', '2013-01-07 12:09:58', 825),
(56, 3, '3', 'Global Eye Haspital', NULL, NULL, NULL, NULL, '2013-01-07 12:47:19', '2013-01-07 12:47:19', 824),
(57, 4, '4', 'Ravi Hospitals', 200, 62.5, 125, 75, '2013-01-07 12:47:19', '2013-01-07 12:47:19', 824),
(58, 5, '5', 'srija', NULL, NULL, NULL, NULL, '2013-01-07 12:47:19', '2013-01-07 12:47:19', 824),
(59, 6, '6', 'SOWMYA CH', 200, 62.5, 125, 75, '2013-01-07 12:51:55', '2013-01-07 12:52:31', 824),
(60, 1, '1', 'ST Theresa Haspital', 450, 55.56, 250, 200, '2013-01-08 10:47:32', '2013-01-16 09:00:50', 833),
(61, 2, '2', 'Well Care', 450, 55.56, 250, 200, '2013-01-08 10:47:32', '2013-01-16 09:00:50', 833),
(62, 3, '3', 'Global Eye Haspital', 450, 55.56, 250, 200, '2013-01-08 10:47:32', '2013-01-16 09:00:50', 833),
(63, 4, '4', 'Ravi Hospitals', 450, 55.56, 250, 200, '2013-01-08 10:47:32', '2013-01-16 09:00:50', 833),
(64, 5, '5', 'srija', 450, 55.56, 250, 200, '2013-01-08 10:47:32', '2013-01-16 09:00:50', 833),
(65, 6, '6', 'SOWMYA CH', 450, 55.56, 250, 200, '2013-01-08 10:47:32', '2013-01-16 09:00:50', 833),
(66, 7, '7', 'JUBILEE DC', 450, 55.56, 250, 200, '2013-01-08 10:47:32', '2013-01-16 09:00:50', 833),
(67, 1, '1', 'ST Theresa Haspital', 300, 50, 150, 150, '2013-01-10 14:57:49', '2013-01-16 09:08:08', 799),
(68, 2, '2', 'Well Care', 300, 50, 150, 150, '2013-01-10 14:57:49', '2013-01-16 09:08:08', 799),
(69, 3, '3', 'Global Eye Haspital', 300, 50, 150, 150, '2013-01-10 14:57:49', '2013-01-16 09:08:08', 799),
(70, 4, '4', 'Ravi Hospitals', 300, 50, 150, 150, '2013-01-10 14:57:49', '2013-01-16 09:08:08', 799),
(71, 5, '5', 'srija', 300, 50, 150, 150, '2013-01-10 14:57:49', '2013-01-16 09:08:08', 799),
(72, 6, '6', 'SOWMYA CH', 300, 50, 150, 150, '2013-01-10 14:57:49', '2013-01-16 09:08:08', 799),
(73, 7, '7', 'JUBILEE DC', 300, 50, 150, 150, '2013-01-10 14:57:49', '2013-01-16 09:08:08', 799),
(74, 8, '8', 'ASHWINI DC', 300, 50, 150, 150, '2013-01-10 14:57:49', '2013-01-16 09:08:08', 799),
(75, 1, '1', 'ST Theresa Haspital', 500, 70, 350, 150, '2013-01-10 15:33:27', '2013-01-10 15:33:27', 479),
(76, 2, '2', 'Well Care', 500, 60, 300, 200, '2013-01-10 15:33:27', '2013-01-10 15:33:27', 479),
(77, 3, '3', 'Global Eye Haspital', NULL, NULL, NULL, NULL, '2013-01-10 15:33:27', '2013-01-10 15:33:27', 479),
(78, 4, '4', 'Ravi Hospitals', 500, 60, 300, 200, '2013-01-10 15:33:27', '2013-01-10 15:33:27', 479),
(79, 5, '5', 'srija', NULL, NULL, NULL, NULL, '2013-01-10 15:33:27', '2013-01-10 15:33:27', 479),
(80, 6, '6', 'SOWMYA CH', 500, 60, 300, 200, '2013-01-10 15:33:27', '2013-01-10 15:33:27', 479),
(81, 7, '7', 'JUBILEE DC', 500, 70, 350, 150, '2013-01-10 15:33:27', '2013-01-10 15:33:27', 479),
(82, 8, '8', 'ASHWINI DC', 500, 60, 300, 200, '2013-01-10 15:33:27', '2013-01-10 15:33:27', 479),
(83, 9, '9', 'JAGRUTHI DC', 500, 70, 350, 150, '2013-01-10 15:33:27', '2013-01-10 15:33:27', 479),
(84, 1, '1', 'ST Theresa Haspital', 800, 43.75, 350, 450, '2013-01-10 15:40:03', '2013-01-10 15:40:49', 478),
(85, 2, '2', 'Well Care', 800, 43.75, 350, 450, '2013-01-10 15:40:03', '2013-01-10 15:40:49', 478),
(86, 3, '3', 'Global Eye Haspital', NULL, NULL, NULL, NULL, '2013-01-10 15:40:03', '2013-01-10 15:40:03', 478),
(87, 4, '4', 'Ravi Hospitals', 800, 43.75, 350, 450, '2013-01-10 15:40:03', '2013-01-10 15:40:49', 478),
(88, 5, '5', 'srija', NULL, NULL, NULL, NULL, '2013-01-10 15:40:03', '2013-01-10 15:40:03', 478),
(89, 6, '6', 'SOWMYA CH', 800, 43.75, 350, 450, '2013-01-10 15:40:03', '2013-01-10 15:40:49', 478),
(90, 7, '7', 'JUBILEE DC', 800, 43.75, 350, 450, '2013-01-10 15:40:03', '2013-01-10 15:40:49', 478),
(91, 8, '8', 'ASHWINI DC', 800, 43.75, 350, 450, '2013-01-10 15:40:03', '2013-01-10 15:40:49', 478),
(92, 9, '9', 'JAGRUTHI DC', 800, 43.75, 350, 450, '2013-01-10 15:40:03', '2013-01-10 15:40:49', 478),
(93, 6, '6', 'SOWMYA CH', NULL, NULL, NULL, NULL, '2013-01-10 15:53:06', '2013-01-10 15:53:06', 832),
(94, 7, '7', 'JUBILEE DC', NULL, NULL, NULL, NULL, '2013-01-10 15:53:06', '2013-01-10 15:53:06', 832),
(95, 8, '8', 'ASHWINI DC', NULL, NULL, NULL, NULL, '2013-01-10 15:53:06', '2013-01-10 15:53:06', 832),
(96, 9, '9', 'JAGRUTHI DC', NULL, NULL, NULL, NULL, '2013-01-10 15:53:06', '2013-01-10 15:53:06', 832),
(97, 1, '1', 'ST Theresa Haspital', 500, 70, 350, 150, '2013-01-10 15:57:18', '2013-01-11 09:17:48', 834),
(98, 2, '2', 'Well Care', 500, 70, 350, 150, '2013-01-10 15:57:18', '2013-01-11 09:17:49', 834),
(99, 3, '3', 'Global Eye Haspital', 500, 70, 350, 150, '2013-01-10 15:57:18', '2013-01-11 09:17:49', 834),
(100, 4, '4', 'Ravi Hospitals', 500, 70, 350, 150, '2013-01-10 15:57:18', '2013-01-11 09:17:49', 834),
(101, 5, '5', 'srija', 500, 70, 350, 150, '2013-01-10 15:57:18', '2013-01-11 09:17:49', 834),
(102, 6, '6', 'SOWMYA CH', 500, 70, 350, 150, '2013-01-10 15:57:18', '2013-01-11 09:17:49', 834),
(103, 7, '7', 'JUBILEE DC', 500, 70, 350, 150, '2013-01-10 15:57:18', '2013-01-11 09:17:49', 834),
(104, 8, '8', 'ASHWINI DC', 500, 70, 350, 150, '2013-01-10 15:57:18', '2013-01-11 09:17:49', 834),
(105, 9, '9', 'JAGRUTHI DC', 500, 70, 350, 150, '2013-01-10 15:57:18', '2013-01-11 09:17:49', 834),
(106, 1, '1', 'ST Theresa Haspital', 200, 37.5, 75, 125, '2013-01-11 08:49:47', '2013-01-11 08:50:46', 448),
(107, 2, '2', 'Well Care', 200, 37.5, 75, 125, '2013-01-11 08:49:47', '2013-01-11 08:50:46', 448),
(108, 3, '3', 'Global Eye Haspital', 200, 37.5, 75, 125, '2013-01-11 08:49:47', '2013-01-11 08:50:46', 448),
(109, 4, '4', 'Ravi Hospitals', 200, 37.5, 75, 125, '2013-01-11 08:49:47', '2013-01-11 08:50:46', 448),
(110, 5, '5', 'srija', NULL, NULL, NULL, NULL, '2013-01-11 08:49:47', '2013-01-11 08:49:47', 448),
(111, 6, '6', 'SOWMYA CH', 200, 37.5, 75, 125, '2013-01-11 08:49:47', '2013-01-11 08:50:46', 448),
(112, 7, '7', 'JUBILEE DC', 200, 37.5, 75, 125, '2013-01-11 08:49:47', '2013-01-11 08:50:46', 448),
(113, 8, '8', 'ASHWINI DC', 200, 37.5, 75, 125, '2013-01-11 08:49:47', '2013-01-11 08:50:46', 448),
(114, 9, '9', 'JAGRUTHI DC', 200, 37.5, 75, 125, '2013-01-11 08:49:47', '2013-01-11 08:50:46', 448),
(115, 1, '1', 'ST Theresa Haspital', 500, 75, 375, 125, '2013-01-11 08:52:07', '2013-01-11 08:52:07', 244),
(116, 2, '2', 'Well Care', 500, 75, 375, 125, '2013-01-11 08:52:07', '2013-01-11 08:52:07', 244),
(117, 3, '3', 'Global Eye Haspital', 500, 75, 375, 125, '2013-01-11 08:52:07', '2013-01-11 08:52:07', 244),
(118, 4, '4', 'Ravi Hospitals', 500, 75, 375, 125, '2013-01-11 08:52:07', '2013-01-11 08:52:07', 244),
(119, 5, '5', 'srija', 500, 75, 375, 125, '2013-01-11 08:52:07', '2013-01-11 08:52:07', 244),
(120, 6, '6', 'SOWMYA CH', 500, 75, 375, 125, '2013-01-11 08:52:07', '2013-01-11 08:52:07', 244),
(121, 7, '7', 'JUBILEE DC', 500, 75, 375, 125, '2013-01-11 08:52:07', '2013-01-11 08:52:07', 244),
(122, 8, '8', 'ASHWINI DC', 500, 75, 375, 125, '2013-01-11 08:52:07', '2013-01-11 08:52:07', 244),
(123, 9, '9', 'JAGRUTHI DC', 500, 75, 375, 125, '2013-01-11 08:52:07', '2013-01-11 08:52:07', 244),
(124, 1, '1', 'ST Theresa Haspital', 500, 76, 380, 120, '2013-01-11 08:53:23', '2013-01-11 08:53:23', 371),
(125, 2, '2', 'Well Care', 500, 76, 380, 120, '2013-01-11 08:53:23', '2013-01-11 08:53:23', 371),
(126, 3, '3', 'Global Eye Haspital', 500, 76, 380, 120, '2013-01-11 08:53:23', '2013-01-11 08:53:23', 371),
(127, 4, '4', 'Ravi Hospitals', 500, 76, 380, 120, '2013-01-11 08:53:23', '2013-01-11 08:53:23', 371),
(128, 5, '5', 'srija', 500, 76, 380, 120, '2013-01-11 08:53:23', '2013-01-11 08:53:23', 371),
(129, 6, '6', 'SOWMYA CH', 500, 76, 380, 120, '2013-01-11 08:53:23', '2013-01-11 08:53:23', 371),
(130, 7, '7', 'JUBILEE DC', 500, 76, 380, 120, '2013-01-11 08:53:23', '2013-01-11 08:53:23', 371),
(131, 8, '8', 'ASHWINI DC', 500, 76, 380, 120, '2013-01-11 08:53:23', '2013-01-11 08:53:23', 371),
(132, 9, '9', 'JAGRUTHI DC', 500, 76, 380, 120, '2013-01-11 08:53:23', '2013-01-11 08:53:23', 371),
(133, 1, '1', 'ST Theresa Haspital', 300, 50, 150, 150, '2013-01-11 08:56:07', '2013-01-11 08:56:07', 447),
(134, 2, '2', 'Well Care', 300, 50, 150, 150, '2013-01-11 08:56:07', '2013-01-11 08:56:07', 447),
(135, 3, '3', 'Global Eye Haspital', 300, 50, 150, 150, '2013-01-11 08:56:07', '2013-01-11 08:56:07', 447),
(136, 4, '4', 'Ravi Hospitals', 300, 50, 150, 150, '2013-01-11 08:56:07', '2013-01-11 08:56:07', 447),
(137, 5, '5', 'SANKHYA HOSPITAL', 300, 50, 150, 150, '2013-01-11 08:56:07', '2013-01-11 08:56:07', 447),
(138, 6, '6', 'SOWMYA CH', 300, 50, 150, 150, '2013-01-11 08:56:07', '2013-01-11 08:56:07', 447),
(139, 7, '7', 'JUBILEE DC', 300, 50, 150, 150, '2013-01-11 08:56:07', '2013-01-11 08:56:07', 447),
(140, 8, '8', 'ASHWINI DC', 300, 50, 150, 150, '2013-01-11 08:56:07', '2013-01-11 08:56:07', 447),
(141, 9, '9', 'JAGRUTHI DC', 300, 50, 150, 150, '2013-01-11 08:56:07', '2013-01-11 08:56:07', 447),
(142, 1, '1', 'ST Theresa Haspital', 500, 76, 380, 120, '2013-01-11 08:56:55', '2013-01-11 08:56:55', 433),
(143, 2, '2', 'Well Care', 500, 76, 380, 120, '2013-01-11 08:56:55', '2013-01-11 08:56:55', 433),
(144, 3, '3', 'Global Eye Haspital', 500, 76, 380, 120, '2013-01-11 08:56:55', '2013-01-11 08:56:55', 433),
(145, 4, '4', 'Ravi Hospitals', 500, 76, 380, 120, '2013-01-11 08:56:55', '2013-01-11 08:56:55', 433),
(146, 5, '5', 'SANKHYA HOSPITAL', 500, 76, 380, 120, '2013-01-11 08:56:55', '2013-01-11 08:56:55', 433),
(147, 6, '6', 'SOWMYA CH', 500, 76, 380, 120, '2013-01-11 08:56:55', '2013-01-11 08:56:55', 433),
(148, 7, '7', 'JUBILEE DC', 500, 76, 380, 120, '2013-01-11 08:56:55', '2013-01-11 08:56:55', 433),
(149, 8, '8', 'ASHWINI DC', 500, 76, 380, 120, '2013-01-11 08:56:55', '2013-01-11 08:56:55', 433),
(150, 9, '9', 'JAGRUTHI DC', 500, 76, 380, 120, '2013-01-11 08:56:55', '2013-01-11 08:56:55', 433),
(151, 1, '1', 'ST Theresa Haspital', NULL, NULL, NULL, NULL, '2013-01-11 09:14:10', '2013-01-11 09:14:10', 96),
(152, 2, '2', 'Well Care', NULL, NULL, NULL, NULL, '2013-01-11 09:14:10', '2013-01-11 09:14:10', 96),
(153, 3, '3', 'Global Eye Haspital', NULL, NULL, NULL, NULL, '2013-01-11 09:14:10', '2013-01-11 09:14:10', 96),
(154, 4, '4', 'Ravi Hospitals', NULL, NULL, NULL, NULL, '2013-01-11 09:14:10', '2013-01-11 09:14:10', 96),
(155, 5, '5', 'SANKHYA HOSPITAL', NULL, NULL, NULL, NULL, '2013-01-11 09:14:10', '2013-01-11 09:14:10', 96),
(156, 6, '6', 'SOWMYA CH', NULL, NULL, NULL, NULL, '2013-01-11 09:14:10', '2013-01-11 09:14:10', 96),
(157, 7, '7', 'JUBILEE DC', NULL, NULL, NULL, NULL, '2013-01-11 09:14:10', '2013-01-11 09:14:10', 96),
(158, 8, '8', 'ASHWINI DC', NULL, NULL, NULL, NULL, '2013-01-11 09:14:10', '2013-01-11 09:14:10', 96),
(159, 9, '9', 'JAGRUTHI DC', NULL, NULL, NULL, NULL, '2013-01-11 09:14:10', '2013-01-11 09:14:10', 96),
(160, 1, '1', 'ST Theresa Haspital', NULL, NULL, NULL, NULL, '2013-01-11 09:16:50', '2013-01-11 09:16:50', 95),
(161, 2, '2', 'Well Care', NULL, NULL, NULL, NULL, '2013-01-11 09:16:50', '2013-01-11 09:16:50', 95),
(162, 3, '3', 'Global Eye Haspital', NULL, NULL, NULL, NULL, '2013-01-11 09:16:50', '2013-01-11 09:16:50', 95),
(163, 4, '4', 'Ravi Hospitals', 600, 58.33, 350, 250, '2013-01-11 09:16:50', '2013-01-11 09:16:50', 95),
(164, 5, '5', 'SANKHYA HOSPITAL', 600, 58.33, 350, 250, '2013-01-11 09:16:50', '2013-01-11 09:16:50', 95),
(165, 6, '6', 'SOWMYA CH', 600, 58.33, 350, 250, '2013-01-11 09:16:50', '2013-01-11 09:16:50', 95),
(166, 7, '7', 'JUBILEE DC', 600, 58.33, 350, 250, '2013-01-11 09:16:50', '2013-01-11 09:16:50', 95),
(167, 8, '8', 'ASHWINI DC', 600, 58.33, 350, 250, '2013-01-11 09:16:50', '2013-01-11 09:16:50', 95),
(168, 9, '9', 'JAGRUTHI DC', 600, 58.33, 350, 250, '2013-01-11 09:16:50', '2013-01-11 09:16:50', 95),
(169, 1, '1', 'ST Theresa Haspital', 500, 76, 380, 120, '2013-01-11 09:18:26', '2013-01-11 09:18:26', 835),
(170, 2, '2', 'Well Care', 500, 76, 380, 120, '2013-01-11 09:18:26', '2013-01-11 09:18:26', 835),
(171, 3, '3', 'Global Eye Haspital', 500, 76, 380, 120, '2013-01-11 09:18:26', '2013-01-11 09:18:26', 835),
(172, 4, '4', 'Ravi Hospitals', 500, 76, 380, 120, '2013-01-11 09:18:26', '2013-01-11 09:18:26', 835),
(173, 5, '5', 'SANKHYA HOSPITAL', 500, 76, 380, 120, '2013-01-11 09:18:26', '2013-01-11 09:18:26', 835),
(174, 6, '6', 'SOWMYA CH', 500, 76, 380, 120, '2013-01-11 09:18:26', '2013-01-11 09:18:26', 835),
(175, 7, '7', 'JUBILEE DC', 500, 76, 380, 120, '2013-01-11 09:18:26', '2013-01-11 09:18:26', 835),
(176, 8, '8', 'ASHWINI DC', 500, 76, 380, 120, '2013-01-11 09:18:26', '2013-01-11 09:18:26', 835),
(177, 9, '9', 'JAGRUTHI DC', 500, 76, 380, 120, '2013-01-11 09:18:26', '2013-01-11 09:18:26', 835),
(178, 1, '1', 'ST Theresa Haspital', 50, 50, 25, 25, '2013-01-11 09:19:45', '2013-01-11 09:19:45', 836),
(179, 2, '2', 'Well Care', 50, 50, 25, 25, '2013-01-11 09:19:45', '2013-01-11 09:19:45', 836),
(180, 3, '3', 'Global Eye Haspital', 50, 0, 0, 50, '2013-01-11 09:19:45', '2013-01-11 09:19:45', 836),
(181, 4, '4', 'Ravi Hospitals', 50, 50, 25, 25, '2013-01-11 09:19:45', '2013-01-11 09:19:45', 836),
(182, 5, '5', 'SANKHYA HOSPITAL', 50, 50, 25, 25, '2013-01-11 09:19:45', '2013-01-11 09:19:45', 836),
(183, 6, '6', 'SOWMYA CH', 50, 50, 25, 25, '2013-01-11 09:19:45', '2013-01-11 09:19:45', 836),
(184, 7, '7', 'JUBILEE DC', 50, 50, 25, 25, '2013-01-11 09:19:45', '2013-01-11 09:19:45', 836),
(185, 8, '8', 'ASHWINI DC', 50, 50, 25, 25, '2013-01-11 09:19:45', '2013-01-11 09:19:45', 836),
(186, 9, '9', 'JAGRUTHI DC', 50, 80, 40, 10, '2013-01-11 09:19:45', '2013-01-11 09:19:45', 836),
(187, 1, '1', 'ST Theresa Haspital', 750, 46.67, 350, 400, '2013-01-11 10:29:34', '2013-01-11 10:29:34', 837),
(188, 2, '2', 'Well Care', 750, 46.67, 350, 400, '2013-01-11 10:29:34', '2013-01-11 10:29:34', 837),
(189, 3, '3', 'Global Eye Haspital', 750, 46.67, 350, 400, '2013-01-11 10:29:34', '2013-01-11 10:29:34', 837),
(190, 4, '4', 'Ravi Hospitals', 750, 46.67, 350, 400, '2013-01-11 10:29:34', '2013-01-11 10:29:34', 837),
(191, 5, '5', 'SANKHYA HOSPITAL', 750, 46.67, 350, 400, '2013-01-11 10:29:34', '2013-01-11 10:29:34', 837),
(192, 6, '6', 'SOWMYA CH', 750, 46.67, 350, 400, '2013-01-11 10:29:34', '2013-01-11 10:29:34', 837),
(193, 7, '7', 'JUBILEE DC', 750, 46.67, 350, 400, '2013-01-11 10:29:34', '2013-01-11 10:29:34', 837),
(194, 8, '8', 'ASHWINI DC', 750, 46.67, 350, 400, '2013-01-11 10:29:34', '2013-01-11 10:29:34', 837),
(195, 9, '9', 'JAGRUTHI DC', 750, 46.67, 350, 400, '2013-01-11 10:29:34', '2013-01-11 10:29:34', 837),
(196, 1, '1', 'ST Theresa Haspital', 2400, 50, 1200, 1200, '2013-01-12 05:07:11', '2013-01-12 05:07:11', 815),
(197, 2, '2', 'Well Care', 2400, 50, 1200, 1200, '2013-01-12 05:07:11', '2013-01-12 05:07:11', 815),
(198, 3, '3', 'Global Eye Haspital', 2400, 50, 1200, 1200, '2013-01-12 05:07:11', '2013-01-12 05:07:11', 815),
(199, 4, '4', 'Ravi Hospitals', 2400, 50, 1200, 1200, '2013-01-12 05:07:11', '2013-01-12 05:07:11', 815),
(200, 5, '5', 'SANKHYA HOSPITAL', 2400, 50, 1200, 1200, '2013-01-12 05:07:11', '2013-01-12 05:07:11', 815),
(201, 6, '6', 'SOWMYA CH', 2400, 50, 1200, 1200, '2013-01-12 05:07:11', '2013-01-12 05:07:11', 815),
(202, 7, '7', 'JUBILEE DC', 2400, 50, 1200, 1200, '2013-01-12 05:07:11', '2013-01-12 05:07:11', 815),
(203, 8, '8', 'ASHWINI DC', 2400, 50, 1200, 1200, '2013-01-12 05:07:11', '2013-01-12 05:07:11', 815),
(204, 9, '9', 'JAGRUTHI DC', 2400, 50, 1200, 1200, '2013-01-12 05:07:11', '2013-01-12 05:07:11', 815),
(205, 1, '1', 'ST Theresa Haspital', 150, 50, 75, 75, '2013-01-12 07:56:43', '2013-01-15 08:37:07', 838),
(206, 2, '2', 'Well Care', 150, 66.67, 100, 50, '2013-01-12 07:56:43', '2013-01-15 08:37:07', 838),
(207, 3, '3', 'Global Eye Haspital', 150, 50, 75, 75, '2013-01-12 07:56:43', '2013-01-15 08:37:07', 838),
(208, 4, '4', 'Ravi Hospitals', 150, 50, 75, 75, '2013-01-12 07:56:43', '2013-01-15 08:37:07', 838),
(209, 5, '5', 'SANKHYA HOSPITAL', 150, 50, 75, 75, '2013-01-12 07:56:43', '2013-01-15 08:37:07', 838),
(210, 6, '6', 'SOWMYA CH', 150, 66.67, 100, 50, '2013-01-12 07:56:43', '2013-01-15 08:37:07', 838),
(211, 7, '7', 'JUBILEE DC', 150, 50, 75, 75, '2013-01-12 07:56:43', '2013-01-15 08:37:07', 838),
(212, 8, '8', 'ASHWINI DC', 150, 50, 75, 75, '2013-01-12 07:56:43', '2013-01-15 08:37:07', 838),
(213, 9, '9', 'JAGRUTHI DC', 150, 66.67, 100, 50, '2013-01-12 07:56:43', '2013-01-15 08:37:07', 838),
(214, 1, '1', 'ST Theresa Haspital', 500, 50, 250, 250, '2013-01-12 14:56:54', '2013-01-12 14:56:54', 436),
(215, 2, '2', 'Well Care', 500, 50, 250, 250, '2013-01-12 14:56:54', '2013-01-12 14:56:54', 436),
(216, 3, '3', 'Global Eye Haspital', 500, 50, 250, 250, '2013-01-12 14:56:54', '2013-01-12 14:56:54', 436),
(217, 4, '4', 'Ravi Hospitals', 500, 50, 250, 250, '2013-01-12 14:56:54', '2013-01-12 14:56:54', 436),
(218, 5, '5', 'SANKHYA HOSPITAL', 500, 50, 250, 250, '2013-01-12 14:56:54', '2013-01-12 14:56:54', 436),
(219, 6, '6', 'SOWMYA CH', 500, 50, 250, 250, '2013-01-12 14:56:54', '2013-01-12 14:56:54', 436),
(220, 7, '7', 'JUBILEE DC', 500, 50, 250, 250, '2013-01-12 14:56:54', '2013-01-12 14:56:54', 436),
(221, 8, '8', 'ASHWINI DC', 500, 50, 250, 250, '2013-01-12 14:56:54', '2013-01-12 14:56:54', 436),
(222, 9, '9', 'JAGRUTHI DC', 500, 50, 250, 250, '2013-01-12 14:56:54', '2013-01-12 14:56:54', 436),
(223, 1, '1', 'ST Theresa Haspital', 500, 50, 250, 250, '2013-01-12 15:03:35', '2013-01-12 15:03:35', 839),
(224, 2, '2', 'Well Care', 500, 50, 250, 250, '2013-01-12 15:03:35', '2013-01-12 15:03:35', 839),
(225, 3, '3', 'Global Eye Haspital', 500, 50, 250, 250, '2013-01-12 15:03:35', '2013-01-12 15:03:35', 839),
(226, 4, '4', 'Ravi Hospitals', 500, 50, 250, 250, '2013-01-12 15:03:35', '2013-01-12 15:03:35', 839),
(227, 5, '5', 'SANKHYA HOSPITAL', 500, 50, 250, 250, '2013-01-12 15:03:35', '2013-01-12 15:03:35', 839),
(228, 6, '6', 'SOWMYA CH', 500, 50, 250, 250, '2013-01-12 15:03:35', '2013-01-12 15:03:35', 839),
(229, 7, '7', 'JUBILEE DC', 500, 50, 250, 250, '2013-01-12 15:03:35', '2013-01-12 15:03:35', 839),
(230, 8, '8', 'ASHWINI DC', 500, 50, 250, 250, '2013-01-12 15:03:35', '2013-01-12 15:03:35', 839),
(231, 9, '9', 'JAGRUTHI DC', 500, 50, 250, 250, '2013-01-12 15:03:35', '2013-01-12 15:03:35', 839),
(232, 1, '1', 'ST Theresa Haspital', NULL, NULL, NULL, NULL, '2013-01-15 08:31:20', '2013-01-15 08:31:20', 518),
(233, 2, '2', 'Well Care', NULL, NULL, NULL, NULL, '2013-01-15 08:31:20', '2013-01-15 08:31:20', 518),
(234, 3, '3', 'Global Eye Haspital', NULL, NULL, NULL, NULL, '2013-01-15 08:31:20', '2013-01-15 08:31:20', 518),
(235, 4, '4', 'Ravi Hospitals', NULL, NULL, NULL, NULL, '2013-01-15 08:31:20', '2013-01-15 08:31:20', 518),
(236, 5, '5', 'SANKHYA HOSPITAL', NULL, NULL, NULL, NULL, '2013-01-15 08:31:20', '2013-01-15 08:31:20', 518),
(237, 6, '6', 'SOWMYA CH', NULL, NULL, NULL, NULL, '2013-01-15 08:31:20', '2013-01-15 08:31:20', 518),
(238, 7, '7', 'JUBILEE DC', NULL, NULL, NULL, NULL, '2013-01-15 08:31:20', '2013-01-15 08:31:20', 518),
(239, 8, '8', 'ASHWINI DC', NULL, NULL, NULL, NULL, '2013-01-15 08:31:20', '2013-01-15 08:31:20', 518),
(240, 9, '9', 'JAGRUTHI DC', NULL, NULL, NULL, NULL, '2013-01-15 08:31:20', '2013-01-15 08:31:20', 518),
(241, 1, '1', 'ST Theresa Haspital', 500, 50, 250, 250, '2013-01-15 08:35:10', '2013-01-15 08:35:49', 840),
(242, 2, '2', 'Well Care', 500, 50, 250, 250, '2013-01-15 08:35:10', '2013-01-15 08:35:49', 840),
(243, 3, '3', 'Global Eye Haspital', 500, 50, 250, 250, '2013-01-15 08:35:10', '2013-01-15 08:35:49', 840),
(244, 4, '4', 'Ravi Hospitals', 500, 50, 250, 250, '2013-01-15 08:35:10', '2013-01-15 08:35:49', 840),
(245, 5, '5', 'SANKHYA HOSPITAL', 500, 50, 250, 250, '2013-01-15 08:35:10', '2013-01-15 08:35:49', 840),
(246, 6, '6', 'SOWMYA CH', 500, 50, 250, 250, '2013-01-15 08:35:10', '2013-01-15 08:35:49', 840),
(247, 7, '7', 'JUBILEE DC', 500, 50, 250, 250, '2013-01-15 08:35:10', '2013-01-15 08:35:49', 840),
(248, 8, '8', 'ASHWINI DC', 500, 50, 250, 250, '2013-01-15 08:35:10', '2013-01-15 08:35:49', 840),
(249, 9, '9', 'JAGRUTHI DC', 500, 50, 250, 250, '2013-01-15 08:35:10', '2013-01-15 08:35:49', 840),
(250, 1, '1', 'ST Theresa Haspital', 100, 50, 50, 50, '2013-01-15 08:54:30', '2013-01-15 08:54:30', 841),
(251, 2, '2', 'Well Care', 100, 50, 50, 50, '2013-01-15 08:54:30', '2013-01-15 08:54:30', 841),
(252, 3, '3', 'Global Eye Haspital', 100, 50, 50, 50, '2013-01-15 08:54:30', '2013-01-15 08:54:30', 841),
(253, 4, '4', 'Ravi Hospitals', 100, 50, 50, 50, '2013-01-15 08:54:30', '2013-01-15 08:54:30', 841),
(254, 5, '5', 'SANKHYA HOSPITAL', 100, 50, 50, 50, '2013-01-15 08:54:30', '2013-01-15 08:54:30', 841),
(255, 6, '6', 'SOWMYA CH', 100, 50, 50, 50, '2013-01-15 08:54:30', '2013-01-15 08:54:30', 841),
(256, 7, '7', 'JUBILEE DC', 100, 50, 50, 50, '2013-01-15 08:54:30', '2013-01-15 08:54:30', 841),
(257, 8, '8', 'ASHWINI DC', 100, 50, 50, 50, '2013-01-15 08:54:30', '2013-01-15 08:54:30', 841),
(258, 9, '9', 'JAGRUTHI DC', 100, 50, 50, 50, '2013-01-15 08:54:30', '2013-01-15 08:54:30', 841),
(259, 1, '1', 'ST Theresa Haspital', 250, 60, 150, 100, '2013-01-15 13:00:19', '2013-01-15 13:00:19', 498),
(260, 2, '2', 'Well Care', 250, 50, 125, 125, '2013-01-15 13:00:19', '2013-01-15 13:00:19', 498),
(261, 3, '3', 'Global Eye Haspital', 250, 50, 125, 125, '2013-01-15 13:00:19', '2013-01-15 13:00:19', 498),
(262, 4, '4', 'Ravi Hospitals', 250, 50, 125, 125, '2013-01-15 13:00:19', '2013-01-15 13:00:19', 498),
(263, 5, '5', 'SANKHYA HOSPITAL', 250, 50, 125, 125, '2013-01-15 13:00:19', '2013-01-15 13:00:19', 498),
(264, 6, '6', 'SOWMYA CH', 250, 50, 125, 125, '2013-01-15 13:00:19', '2013-01-15 13:00:19', 498),
(265, 7, '7', 'JUBILEE DC', 250, 50, 125, 125, '2013-01-15 13:00:19', '2013-01-15 13:00:19', 498),
(266, 8, '8', 'ASHWINI DC', 250, 50, 125, 125, '2013-01-15 13:00:19', '2013-01-15 13:00:19', 498),
(267, 9, '9', 'JAGRUTHI DC', 250, 50, 125, 125, '2013-01-15 13:00:19', '2013-01-15 13:00:19', 498),
(268, 1, '1', 'ST Theresa Haspital', 250, 60, 150, 100, '2013-01-15 13:01:19', '2013-01-15 13:01:19', 483),
(269, 2, '2', 'Well Care', 250, 50, 125, 125, '2013-01-15 13:01:19', '2013-01-15 13:01:19', 483),
(270, 3, '3', 'Global Eye Haspital', 250, 50, 125, 125, '2013-01-15 13:01:19', '2013-01-15 13:01:19', 483),
(271, 4, '4', 'Ravi Hospitals', 250, 50, 125, 125, '2013-01-15 13:01:19', '2013-01-15 13:01:19', 483),
(272, 5, '5', 'SANKHYA HOSPITAL', 250, 50, 125, 125, '2013-01-15 13:01:19', '2013-01-15 13:01:19', 483),
(273, 6, '6', 'SOWMYA CH', 250, 50, 125, 125, '2013-01-15 13:01:19', '2013-01-15 13:01:19', 483),
(274, 7, '7', 'JUBILEE DC', 250, 50, 125, 125, '2013-01-15 13:01:19', '2013-01-15 13:01:19', 483),
(275, 8, '8', 'ASHWINI DC', 250, 50, 125, 125, '2013-01-15 13:01:19', '2013-01-15 13:01:19', 483),
(276, 9, '9', 'JAGRUTHI DC', 250, 50, 125, 125, '2013-01-15 13:01:19', '2013-01-15 13:01:19', 483),
(277, 1, '1', 'ST Theresa Haspital', 250, 60, 150, 100, '2013-01-15 13:14:09', '2013-01-15 13:14:09', 842),
(278, 2, '2', 'Well Care', 250, 50, 125, 125, '2013-01-15 13:14:09', '2013-01-15 13:14:09', 842),
(279, 3, '3', 'Global Eye Haspital', 250, 50, 125, 125, '2013-01-15 13:14:09', '2013-01-15 13:14:09', 842),
(280, 4, '4', 'Ravi Hospitals', 250, 50, 125, 125, '2013-01-15 13:14:09', '2013-01-15 13:14:09', 842),
(281, 5, '5', 'SANKHYA HOSPITAL', 250, 50, 125, 125, '2013-01-15 13:14:09', '2013-01-15 13:14:09', 842),
(282, 6, '6', 'SOWMYA CH', 250, 50, 125, 125, '2013-01-15 13:14:09', '2013-01-15 13:14:09', 842),
(283, 7, '7', 'JUBILEE DC', 250, 50, 125, 125, '2013-01-15 13:14:09', '2013-01-15 13:14:09', 842),
(284, 8, '8', 'ASHWINI DC', 250, 50, 125, 125, '2013-01-15 13:14:09', '2013-01-15 13:14:09', 842),
(285, 9, '9', 'JAGRUTHI DC', 250, 50, 125, 125, '2013-01-15 13:14:09', '2013-01-15 13:14:09', 842),
(286, 8, '8', 'ASHWINI DC', 450, 55.56, 250, 200, '2013-01-16 09:00:50', '2013-01-16 09:00:50', 833),
(287, 9, '9', 'JAGRUTHI DC', 450, 55.56, 250, 200, '2013-01-16 09:00:50', '2013-01-16 09:00:50', 833),
(288, 1, '1', 'ST Theresa Haspital', NULL, NULL, NULL, NULL, '2013-01-16 09:01:28', '2013-01-16 09:01:28', 796),
(289, 2, '2', 'Well Care', NULL, NULL, NULL, NULL, '2013-01-16 09:01:28', '2013-01-16 09:01:28', 796),
(290, 3, '3', 'Global Eye Haspital', NULL, NULL, NULL, NULL, '2013-01-16 09:01:28', '2013-01-16 09:01:28', 796),
(291, 4, '4', 'Ravi Hospitals', NULL, NULL, NULL, NULL, '2013-01-16 09:01:28', '2013-01-16 09:01:28', 796),
(292, 5, '5', 'SANKHYA HOSPITAL', NULL, NULL, NULL, NULL, '2013-01-16 09:01:28', '2013-01-16 09:01:28', 796),
(293, 6, '6', 'SOWMYA CH', NULL, NULL, NULL, NULL, '2013-01-16 09:01:28', '2013-01-16 09:01:28', 796),
(294, 7, '7', 'JUBILEE DC', NULL, NULL, NULL, NULL, '2013-01-16 09:01:28', '2013-01-16 09:01:28', 796),
(295, 8, '8', 'ASHWINI DC', NULL, NULL, NULL, NULL, '2013-01-16 09:01:28', '2013-01-16 09:01:28', 796),
(296, 9, '9', 'JAGRUTHI DC', NULL, NULL, NULL, NULL, '2013-01-16 09:01:28', '2013-01-16 09:01:28', 796),
(297, 1, '1', 'ST Theresa Haspital', 450, 50, 250, 250, '2013-01-16 09:02:21', '2013-01-16 09:02:21', 843),
(298, 2, '2', 'Well Care', 450, 50, 250, 250, '2013-01-16 09:02:21', '2013-01-16 09:02:21', 843),
(299, 3, '3', 'Global Eye Haspital', 450, 50, 250, 250, '2013-01-16 09:02:21', '2013-01-16 09:02:21', 843),
(300, 4, '4', 'Ravi Hospitals', 450, 50, 250, 250, '2013-01-16 09:02:21', '2013-01-16 09:02:21', 843),
(301, 5, '5', 'SANKHYA HOSPITAL', 450, 50, 250, 250, '2013-01-16 09:02:21', '2013-01-16 09:02:21', 843),
(302, 6, '6', 'SOWMYA CH', 450, 50, 250, 250, '2013-01-16 09:02:21', '2013-01-16 09:02:21', 843),
(303, 7, '7', 'JUBILEE DC', 450, 50, 250, 250, '2013-01-16 09:02:21', '2013-01-16 09:02:21', 843),
(304, 8, '8', 'ASHWINI DC', 450, 50, 250, 250, '2013-01-16 09:02:21', '2013-01-16 09:02:21', 843),
(305, 9, '9', 'JAGRUTHI DC', 450, 50, 250, 250, '2013-01-16 09:02:21', '2013-01-16 09:02:21', 843),
(306, 1, '1', 'ST Theresa Haspital', NULL, NULL, NULL, NULL, '2013-01-16 09:03:19', '2013-01-16 09:03:19', 504),
(307, 2, '2', 'Well Care', NULL, NULL, NULL, NULL, '2013-01-16 09:03:19', '2013-01-16 09:03:19', 504),
(308, 3, '3', 'Global Eye Haspital', NULL, NULL, NULL, NULL, '2013-01-16 09:03:19', '2013-01-16 09:03:19', 504),
(309, 4, '4', 'Ravi Hospitals', NULL, NULL, NULL, NULL, '2013-01-16 09:03:19', '2013-01-16 09:03:19', 504),
(310, 5, '5', 'SANKHYA HOSPITAL', NULL, NULL, NULL, NULL, '2013-01-16 09:03:19', '2013-01-16 09:03:19', 504),
(311, 6, '6', 'SOWMYA CH', NULL, NULL, NULL, NULL, '2013-01-16 09:03:19', '2013-01-16 09:03:19', 504),
(312, 7, '7', 'JUBILEE DC', NULL, NULL, NULL, NULL, '2013-01-16 09:03:19', '2013-01-16 09:03:19', 504),
(313, 8, '8', 'ASHWINI DC', NULL, NULL, NULL, NULL, '2013-01-16 09:03:19', '2013-01-16 09:03:19', 504),
(314, 9, '9', 'JAGRUTHI DC', NULL, NULL, NULL, NULL, '2013-01-16 09:03:19', '2013-01-16 09:03:19', 504),
(315, 1, '1', 'ST Theresa Haspital', NULL, NULL, NULL, NULL, '2013-01-16 09:04:11', '2013-01-16 09:04:11', 303),
(316, 2, '2', 'Well Care', NULL, NULL, NULL, NULL, '2013-01-16 09:04:11', '2013-01-16 09:04:11', 303),
(317, 3, '3', 'Global Eye Haspital', NULL, NULL, NULL, NULL, '2013-01-16 09:04:11', '2013-01-16 09:04:11', 303),
(318, 4, '4', 'Ravi Hospitals', NULL, NULL, NULL, NULL, '2013-01-16 09:04:11', '2013-01-16 09:04:11', 303),
(319, 5, '5', 'SANKHYA HOSPITAL', NULL, NULL, NULL, NULL, '2013-01-16 09:04:11', '2013-01-16 09:04:11', 303),
(320, 6, '6', 'SOWMYA CH', NULL, NULL, NULL, NULL, '2013-01-16 09:04:11', '2013-01-16 09:04:11', 303),
(321, 7, '7', 'JUBILEE DC', NULL, NULL, NULL, NULL, '2013-01-16 09:04:11', '2013-01-16 09:04:11', 303),
(322, 8, '8', 'ASHWINI DC', NULL, NULL, NULL, NULL, '2013-01-16 09:04:11', '2013-01-16 09:04:11', 303),
(323, 9, '9', 'JAGRUTHI DC', NULL, NULL, NULL, NULL, '2013-01-16 09:04:11', '2013-01-16 09:04:11', 303),
(324, 9, '9', 'JAGRUTHI DC', 300, 50, 150, 150, '2013-01-16 09:08:08', '2013-01-16 09:08:08', 799),
(325, 1, '1', 'ST Theresa Haspital', NULL, NULL, NULL, NULL, '2013-01-16 09:09:12', '2013-01-16 09:09:12', 503),
(326, 2, '2', 'Well Care', NULL, NULL, NULL, NULL, '2013-01-16 09:09:12', '2013-01-16 09:09:12', 503),
(327, 3, '3', 'Global Eye Haspital', NULL, NULL, NULL, NULL, '2013-01-16 09:09:12', '2013-01-16 09:09:12', 503),
(328, 4, '4', 'Ravi Hospitals', NULL, NULL, NULL, NULL, '2013-01-16 09:09:12', '2013-01-16 09:09:12', 503),
(329, 5, '5', 'SANKHYA HOSPITAL', NULL, NULL, NULL, NULL, '2013-01-16 09:09:12', '2013-01-16 09:09:12', 503),
(330, 6, '6', 'SOWMYA CH', NULL, NULL, NULL, NULL, '2013-01-16 09:09:12', '2013-01-16 09:09:12', 503),
(331, 7, '7', 'JUBILEE DC', NULL, NULL, NULL, NULL, '2013-01-16 09:09:12', '2013-01-16 09:09:12', 503),
(332, 8, '8', 'ASHWINI DC', NULL, NULL, NULL, NULL, '2013-01-16 09:09:12', '2013-01-16 09:09:12', 503),
(333, 9, '9', 'JAGRUTHI DC', NULL, NULL, NULL, NULL, '2013-01-16 09:09:12', '2013-01-16 09:09:12', 503),
(334, 1, '1', 'ST Theresa Haspital', 550, 54.55, 300, 250, '2013-01-16 09:13:16', '2013-01-16 09:13:16', 844),
(335, 2, '2', 'Well Care', 550, 54.55, 300, 250, '2013-01-16 09:13:16', '2013-01-16 09:13:16', 844),
(336, 3, '3', 'Global Eye Haspital', 550, 54.55, 300, 250, '2013-01-16 09:13:16', '2013-01-16 09:13:16', 844),
(337, 4, '4', 'Ravi Hospitals', 550, 54.55, 300, 250, '2013-01-16 09:13:16', '2013-01-16 09:13:16', 844),
(338, 5, '5', 'SANKHYA HOSPITAL', 550, 54.55, 300, 250, '2013-01-16 09:13:16', '2013-01-16 09:13:16', 844),
(339, 6, '6', 'SOWMYA CH', 550, 54.55, 300, 250, '2013-01-16 09:13:16', '2013-01-16 09:13:16', 844),
(340, 7, '7', 'JUBILEE DC', 550, 54.55, 300, 250, '2013-01-16 09:13:16', '2013-01-16 09:13:16', 844),
(341, 8, '8', 'ASHWINI DC', 550, 54.55, 300, 250, '2013-01-16 09:13:16', '2013-01-16 09:13:16', 844),
(342, 9, '9', 'JAGRUTHI DC', 550, 54.55, 300, 250, '2013-01-16 09:13:16', '2013-01-16 09:13:16', 844),
(343, 1, '1', 'ST Theresa Haspital', NULL, NULL, NULL, NULL, '2013-01-16 09:53:53', '2013-01-16 09:53:53', 196),
(344, 2, '2', 'Well Care', NULL, NULL, NULL, NULL, '2013-01-16 09:53:53', '2013-01-16 09:53:53', 196),
(345, 3, '3', 'Global Eye Haspital', NULL, NULL, NULL, NULL, '2013-01-16 09:53:53', '2013-01-16 09:53:53', 196),
(346, 4, '4', 'Ravi Hospitals', NULL, NULL, NULL, NULL, '2013-01-16 09:53:53', '2013-01-16 09:53:53', 196),
(347, 5, '5', 'SANKHYA HOSPITAL', NULL, NULL, NULL, NULL, '2013-01-16 09:53:53', '2013-01-16 09:53:53', 196),
(348, 6, '6', 'SOWMYA CH', NULL, NULL, NULL, NULL, '2013-01-16 09:53:53', '2013-01-16 09:53:53', 196),
(349, 7, '7', 'JUBILEE DC', NULL, NULL, NULL, NULL, '2013-01-16 09:53:53', '2013-01-16 09:53:53', 196),
(350, 8, '8', 'ASHWINI DC', NULL, NULL, NULL, NULL, '2013-01-16 09:53:53', '2013-01-16 09:53:53', 196),
(351, 9, '9', 'JAGRUTHI DC', NULL, NULL, NULL, NULL, '2013-01-16 09:53:53', '2013-01-16 09:53:53', 196),
(352, 1, '1', 'ST Theresa Haspital', 250, 70, 175, 75, '2013-01-16 11:47:53', '2013-01-16 11:47:53', 845),
(353, 2, '2', 'Well Care', 250, 70, 175, 75, '2013-01-16 11:47:53', '2013-01-16 11:47:53', 845),
(354, 3, '3', 'Global Eye Haspital', 250, 70, 175, 75, '2013-01-16 11:47:53', '2013-01-16 11:47:53', 845),
(355, 4, '4', 'Ravi Hospitals', 250, 70, 175, 75, '2013-01-16 11:47:53', '2013-01-16 11:47:53', 845),
(356, 5, '5', 'SANKHYA HOSPITAL', 250, 70, 175, 75, '2013-01-16 11:47:53', '2013-01-16 11:47:53', 845),
(357, 6, '6', 'SOWMYA CH', 250, 70, 175, 75, '2013-01-16 11:47:53', '2013-01-16 11:47:53', 845),
(358, 7, '7', 'JUBILEE DC', 250, 70, 175, 75, '2013-01-16 11:47:53', '2013-01-16 11:47:53', 845),
(359, 8, '8', 'ASHWINI DC', 250, 70, 175, 75, '2013-01-16 11:47:53', '2013-01-16 11:47:53', 845),
(360, 9, '9', 'JAGRUTHI DC', 250, 70, 175, 75, '2013-01-16 11:47:53', '2013-01-16 11:47:53', 845),
(361, 1, '1', 'ST Theresa Haspital', 600, 53.33, 320, 280, '2013-01-16 15:25:11', '2013-01-16 15:25:11', 514),
(362, 2, '2', 'Well Care', 600, 53.33, 320, 280, '2013-01-16 15:25:11', '2013-01-16 15:25:11', 514),
(363, 3, '3', 'Global Eye Haspital', 600, 53.33, 320, 280, '2013-01-16 15:25:11', '2013-01-16 15:25:11', 514),
(364, 4, '4', 'Ravi Hospitals', 600, 53.33, 320, 280, '2013-01-16 15:25:11', '2013-01-16 15:25:11', 514),
(365, 5, '5', 'SANKHYA HOSPITAL', 600, 53.33, 320, 280, '2013-01-16 15:25:11', '2013-01-16 15:25:11', 514),
(366, 6, '6', 'SOWMYA CH', 600, 53.33, 320, 280, '2013-01-16 15:25:11', '2013-01-16 15:25:11', 514),
(367, 7, '7', 'JUBILEE DC', 600, 53.33, 320, 280, '2013-01-16 15:25:11', '2013-01-16 15:25:11', 514),
(368, 8, '8', 'ASHWINI DC', 600, 53.33, 320, 280, '2013-01-16 15:25:11', '2013-01-16 15:25:11', 514),
(369, 9, '9', 'JAGRUTHI DC', 600, 53.33, 320, 280, '2013-01-16 15:25:11', '2013-01-16 15:25:11', 514),
(370, 1, '1', 'ST Theresa Haspital', 600, 53.33, 320, 280, '2013-01-16 15:26:01', '2013-01-16 15:26:01', 846),
(371, 2, '2', 'Well Care', 600, 53.33, 320, 280, '2013-01-16 15:26:01', '2013-01-16 15:26:01', 846),
(372, 3, '3', 'Global Eye Haspital', 600, 53.33, 320, 280, '2013-01-16 15:26:01', '2013-01-16 15:26:01', 846),
(373, 4, '4', 'Ravi Hospitals', 600, 53.33, 320, 280, '2013-01-16 15:26:01', '2013-01-16 15:26:01', 846),
(374, 5, '5', 'SANKHYA HOSPITAL', 600, 53.33, 320, 280, '2013-01-16 15:26:01', '2013-01-16 15:26:01', 846),
(375, 6, '6', 'SOWMYA CH', 600, 53.33, 320, 280, '2013-01-16 15:26:01', '2013-01-16 15:26:01', 846),
(376, 7, '7', 'JUBILEE DC', 600, 53.33, 320, 280, '2013-01-16 15:26:01', '2013-01-16 15:26:01', 846),
(377, 8, '8', 'ASHWINI DC', 600, 53.33, 320, 280, '2013-01-16 15:26:01', '2013-01-16 15:26:01', 846),
(378, 9, '9', 'JAGRUTHI DC', 600, 53.33, 320, 280, '2013-01-16 15:26:01', '2013-01-16 15:26:01', 846),
(379, 1, '1', 'ST Theresa Haspital', 1500, 46.67, 700, 800, '2013-01-16 15:26:53', '2013-01-16 15:26:53', 5),
(380, 2, '2', 'Well Care', 1500, 46.67, 700, 800, '2013-01-16 15:26:53', '2013-01-16 15:26:53', 5),
(381, 3, '3', 'Global Eye Haspital', 1500, 46.67, 700, 800, '2013-01-16 15:26:53', '2013-01-16 15:26:53', 5),
(382, 4, '4', 'Ravi Hospitals', 1500, 46.67, 700, 800, '2013-01-16 15:26:53', '2013-01-16 15:26:53', 5),
(383, 5, '5', 'SANKHYA HOSPITAL', 1500, 46.67, 700, 800, '2013-01-16 15:26:53', '2013-01-16 15:26:53', 5),
(384, 6, '6', 'SOWMYA CH', 1500, 46.67, 700, 800, '2013-01-16 15:26:53', '2013-01-16 15:26:53', 5),
(385, 7, '7', 'JUBILEE DC', 1500, 46.67, 700, 800, '2013-01-16 15:26:53', '2013-01-16 15:26:53', 5),
(386, 8, '8', 'ASHWINI DC', 1500, 46.67, 700, 800, '2013-01-16 15:26:53', '2013-01-16 15:26:53', 5),
(387, 9, '9', 'JAGRUTHI DC', 1500, 46.67, 700, 800, '2013-01-16 15:26:53', '2013-01-16 15:26:53', 5),
(388, 6, '6', 'SOWMYA CH', 200, 50, 100, 100, '2013-01-16 15:56:36', '2013-01-16 15:56:36', 831),
(389, 7, '7', 'JUBILEE DC', 200, 50, 100, 100, '2013-01-16 15:56:36', '2013-01-16 15:56:36', 831),
(390, 8, '8', 'ASHWINI DC', 200, 50, 100, 100, '2013-01-16 15:56:36', '2013-01-16 15:56:36', 831),
(391, 9, '9', 'JAGRUTHI DC', 200, 50, 100, 100, '2013-01-16 15:56:36', '2013-01-16 15:56:36', 831),
(392, 1, '1', 'ST Theresa Haspital', 1500, 33.33, 500, 1000, '2013-01-16 15:59:36', '2013-01-16 15:59:36', 511),
(393, 2, '2', 'Well Care', 1500, 46.67, 700, 800, '2013-01-16 15:59:36', '2013-01-16 15:59:36', 511),
(394, 3, '3', 'Global Eye Haspital', 1500, 46.67, 700, 800, '2013-01-16 15:59:36', '2013-01-16 15:59:36', 511),
(395, 4, '4', 'Ravi Hospitals', 1500, 46.67, 700, 800, '2013-01-16 15:59:36', '2013-01-16 15:59:36', 511),
(396, 5, '5', 'SANKHYA HOSPITAL', 1500, 46.67, 700, 800, '2013-01-16 15:59:36', '2013-01-16 15:59:36', 511),
(397, 6, '6', 'SOWMYA CH', 1500, 46.67, 700, 800, '2013-01-16 15:59:36', '2013-01-16 15:59:36', 511),
(398, 7, '7', 'JUBILEE DC', 1500, 46.67, 700, 800, '2013-01-16 15:59:36', '2013-01-16 15:59:36', 511),
(399, 8, '8', 'ASHWINI DC', 1500, 46.67, 700, 800, '2013-01-16 15:59:36', '2013-01-16 15:59:36', 511),
(400, 9, '9', 'JAGRUTHI DC', 1500, 46.67, 700, 800, '2013-01-16 15:59:36', '2013-01-16 15:59:36', 511),
(401, 1, '1', 'ST Theresa Haspital', 250, 60, 150, 100, '2013-01-17 09:18:44', '2013-01-17 09:19:42', 437),
(402, 2, '2', 'Well Care', 250, 60, 150, 100, '2013-01-17 09:18:44', '2013-01-17 09:19:42', 437),
(403, 3, '3', 'Global Eye Haspital', 250, 60, 150, 100, '2013-01-17 09:18:44', '2013-01-17 09:19:42', 437),
(404, 4, '4', 'Ravi Hospitals', 250, 60, 150, 100, '2013-01-17 09:18:44', '2013-01-17 09:19:42', 437),
(405, 5, '5', 'SANKHYA HOSPITAL', 250, 60, 150, 100, '2013-01-17 09:18:44', '2013-01-17 09:19:42', 437),
(406, 6, '6', 'SOWMYA CH', 250, 60, 150, 100, '2013-01-17 09:18:44', '2013-01-17 09:19:42', 437),
(407, 7, '7', 'JUBILEE DC', 250, 60, 150, 100, '2013-01-17 09:18:44', '2013-01-17 09:19:42', 437),
(408, 8, '8', 'ASHWINI DC', 250, 60, 150, 100, '2013-01-17 09:18:44', '2013-01-17 09:19:42', 437),
(409, 9, '9', 'JAGRUTHI DC', 250, 60, 150, 100, '2013-01-17 09:18:44', '2013-01-17 09:19:42', 437),
(410, 1, '1', 'ST Theresa Haspital', 250, 60, 150, 100, '2013-01-17 09:20:48', '2013-01-17 09:20:48', 847),
(411, 2, '2', 'Well Care', 250, 60, 150, 100, '2013-01-17 09:20:48', '2013-01-17 09:20:48', 847),
(412, 3, '3', 'Global Eye Haspital', 250, 60, 150, 100, '2013-01-17 09:20:48', '2013-01-17 09:20:48', 847),
(413, 4, '4', 'Ravi Hospitals', 250, 60, 150, 100, '2013-01-17 09:20:48', '2013-01-17 09:20:48', 847),
(414, 5, '5', 'SANKHYA HOSPITAL', 250, 60, 150, 100, '2013-01-17 09:20:48', '2013-01-17 09:20:48', 847),
(415, 6, '6', 'SOWMYA CH', 250, 60, 150, 100, '2013-01-17 09:20:48', '2013-01-17 09:20:48', 847),
(416, 7, '7', 'JUBILEE DC', 250, 60, 150, 100, '2013-01-17 09:20:48', '2013-01-17 09:20:48', 847),
(417, 8, '8', 'ASHWINI DC', 250, 60, 150, 100, '2013-01-17 09:20:48', '2013-01-17 09:20:48', 847),
(418, 9, '9', 'JAGRUTHI DC', 250, 60, 150, 100, '2013-01-17 09:20:48', '2013-01-17 09:20:48', 847),
(419, 1, '1', 'ST Theresa Haspital', NULL, NULL, NULL, NULL, '2013-01-18 12:46:56', '2013-01-18 12:46:56', 848),
(420, 2, '2', 'Well Care', NULL, NULL, NULL, NULL, '2013-01-18 12:46:56', '2013-01-18 12:46:56', 848),
(421, 3, '3', 'Global Eye Haspital', NULL, NULL, NULL, NULL, '2013-01-18 12:46:56', '2013-01-18 12:46:56', 848),
(422, 4, '4', 'Ravi Hospitals', NULL, NULL, NULL, NULL, '2013-01-18 12:46:56', '2013-01-18 12:46:56', 848),
(423, 5, '5', 'SANKHYA HOSPITAL', NULL, NULL, NULL, NULL, '2013-01-18 12:46:56', '2013-01-18 12:46:56', 848),
(424, 6, '6', 'SOWMYA CH', NULL, NULL, NULL, NULL, '2013-01-18 12:46:56', '2013-01-18 12:46:56', 848),
(425, 7, '7', 'JUBILEE DC', NULL, NULL, NULL, NULL, '2013-01-18 12:46:56', '2013-01-18 12:46:56', 848),
(426, 8, '8', 'ASHWINI DC', NULL, NULL, NULL, NULL, '2013-01-18 12:46:56', '2013-01-18 12:46:56', 848),
(427, 9, '9', 'JAGRUTHI DC', NULL, NULL, NULL, NULL, '2013-01-18 12:46:56', '2013-01-18 12:46:56', 848);

-- --------------------------------------------------------

--
-- Table structure for table `consultants`
--

CREATE TABLE IF NOT EXISTS `consultants` (
  `id` int(11) NOT NULL AUTO_INCREMENT,
  `name` varchar(40) COLLATE utf8_unicode_ci DEFAULT NULL,
  `clinic_id` int(11) DEFAULT NULL,
  `clinicbranch_id` int(50) DEFAULT NULL,
  `speciality` varchar(255) COLLATE utf8_unicode_ci DEFAULT NULL,
  `experience` int(11) DEFAULT NULL,
  `workingat` varchar(255) COLLATE utf8_unicode_ci DEFAULT NULL,
  `mrngtime` time DEFAULT NULL,
  `evengtime` time DEFAULT NULL,
  `created_at` datetime NOT NULL,
  `updated_at` datetime NOT NULL,
  `location_id` int(11) NOT NULL,
  `caption` varchar(122) COLLATE utf8_unicode_ci DEFAULT NULL,
  PRIMARY KEY (`id`)
) ENGINE=InnoDB  DEFAULT CHARSET=utf8 COLLATE=utf8_unicode_ci AUTO_INCREMENT=4 ;

--
-- Dumping data for table `consultants`
--

INSERT INTO `consultants` (`id`, `name`, `clinic_id`, `clinicbranch_id`, `speciality`, `experience`, `workingat`, `mrngtime`, `evengtime`, `created_at`, `updated_at`, `location_id`, `caption`) VALUES
(1, 'Dr.Chandra Shekar', 1, 1, 'neurologist', 4, 'hyderabad', '12:12:00', '00:00:00', '0000-00-00 00:00:00', '0000-00-00 00:00:00', 1, NULL),
(2, 'Dr.Madhu', 2, 1, 'kidnis', 4, 'Erragadda', '12:12:00', '00:00:00', '0000-00-00 00:00:00', '0000-00-00 00:00:00', 1, NULL),
(3, 'Dr.Teja', 3, 1, 'Eyes', 4, 'Bhimavaram', '12:12:00', '00:00:00', '0000-00-00 00:00:00', '0000-00-00 00:00:00', 1, NULL);

-- --------------------------------------------------------

--
-- Table structure for table `consultant_masters`
--

CREATE TABLE IF NOT EXISTS `consultant_masters` (
  `id` int(11) NOT NULL AUTO_INCREMENT,
  `name` varchar(255) COLLATE utf8_unicode_ci DEFAULT NULL,
  `doctor_id` int(11) DEFAULT NULL,
  `degree` varchar(255) COLLATE utf8_unicode_ci DEFAULT NULL,
  `specialities` varchar(255) COLLATE utf8_unicode_ci DEFAULT NULL,
  `total_exp` int(11) DEFAULT NULL,
  `conformation` tinyint(1) DEFAULT NULL,
  `charge` float DEFAULT NULL,
  `qualifications` text COLLATE utf8_unicode_ci,
  `expertise` text COLLATE utf8_unicode_ci,
  `professional_exp` text COLLATE utf8_unicode_ci,
  `awards_achievments` text COLLATE utf8_unicode_ci,
  `consultant_id` int(11) DEFAULT NULL,
  `image` varchar(255) COLLATE utf8_unicode_ci DEFAULT NULL,
  `location_id` int(11) DEFAULT NULL,
  `created_at` datetime NOT NULL,
  `updated_at` datetime NOT NULL,
  PRIMARY KEY (`id`),
  KEY `index_consultant_masters_on_consultant_id` (`consultant_id`)
) ENGINE=InnoDB  DEFAULT CHARSET=utf8 COLLATE=utf8_unicode_ci AUTO_INCREMENT=5 ;

--
-- Dumping data for table `consultant_masters`
--

INSERT INTO `consultant_masters` (`id`, `name`, `doctor_id`, `degree`, `specialities`, `total_exp`, `conformation`, `charge`, `qualifications`, `expertise`, `professional_exp`, `awards_achievments`, `consultant_id`, `image`, `location_id`, `created_at`, `updated_at`) VALUES
(1, 'Dr.Chandra Shekar', 1001, 'MBBS', 'Cardiologist,Neurologist,Acupressure Practitioner,Addiction Medicine Specialist,Biomedical Specialist', 4, 1, 500, 'MBBS,MD', 'Cardiologist\r\n', 'Worked At Yashodha Hospitals From 4 years.', 'Got Best Doctor Award in 2011.', 1, '/assets/doctor.jpg', 1, '2012-12-01 00:00:00', '2012-12-01 00:00:00'),
(2, 'Dr.Haritha', 1002, 'MBBS', 'Cardiologist,Neurologist,Acupressure Practitioner,Addiction Medicine Specialist,Biomedical Specialist', 4, 1, 500, 'MBBS', 'Neurologist', NULL, NULL, 2, '/assets/consultant.jpeg', 1, '2012-12-01 00:00:00', '2012-12-01 00:00:00'),
(3, 'Dr.Rao', 1003, '15', 'Cardiologist,Neurologist,Acupressure Practitioner,Addiction Medicine Specialist,Biomedical Specialist', NULL, 0, NULL, NULL, 'Biomedical Specialist', NULL, NULL, NULL, NULL, 1, '2012-12-27 06:51:58', '2012-12-27 06:51:58'),
(4, 'Dr.Vidya', 1004, '15', 'Cardiologist,Neurologist,Acupressure Practitioner,Addiction Medicine Specialist,Biomedical Specialist', NULL, 0, NULL, NULL, 'Addiction Medicine Specialist', NULL, NULL, NULL, NULL, 2, '2012-12-27 06:58:44', '2012-12-27 06:58:44');

-- --------------------------------------------------------

--
-- Table structure for table `corporate_health_packages`
--

CREATE TABLE IF NOT EXISTS `corporate_health_packages` (
  `id` int(11) NOT NULL AUTO_INCREMENT,
  `branch_code` varchar(255) COLLATE utf8_unicode_ci DEFAULT NULL,
  `branch_location` varchar(255) COLLATE utf8_unicode_ci DEFAULT NULL,
  `package_code` varchar(250) COLLATE utf8_unicode_ci NOT NULL,
  `package_name` varchar(250) COLLATE utf8_unicode_ci NOT NULL,
  `test_group_id` int(11) NOT NULL,
  `test_sub_group_id` int(11) NOT NULL,
  `discontinued` varchar(250) COLLATE utf8_unicode_ci NOT NULL,
  `test_master_id` int(11) NOT NULL,
  `total_package_price` float NOT NULL DEFAULT '0',
  `discount` float NOT NULL DEFAULT '0',
  `fixed_price` float NOT NULL DEFAULT '0',
  `specimen` varchar(250) COLLATE utf8_unicode_ci DEFAULT NULL,
  `report_collection_days` varchar(250) COLLATE utf8_unicode_ci DEFAULT NULL,
  `method` varchar(250) COLLATE utf8_unicode_ci DEFAULT NULL,
  `temp` varchar(250) COLLATE utf8_unicode_ci DEFAULT NULL,
  `frequency` varchar(250) COLLATE utf8_unicode_ci DEFAULT NULL,
  `remarks` text COLLATE utf8_unicode_ci,
  `created_at` datetime DEFAULT NULL,
  `updated_at` datetime DEFAULT NULL,
  PRIMARY KEY (`id`)
) ENGINE=InnoDB  DEFAULT CHARSET=utf8 COLLATE=utf8_unicode_ci AUTO_INCREMENT=3 ;

--
-- Dumping data for table `corporate_health_packages`
--

INSERT INTO `corporate_health_packages` (`id`, `branch_code`, `branch_location`, `package_code`, `package_name`, `test_group_id`, `test_sub_group_id`, `discontinued`, `test_master_id`, `total_package_price`, `discount`, `fixed_price`, `specimen`, `report_collection_days`, `method`, `temp`, `frequency`, `remarks`, `created_at`, `updated_at`) VALUES
(1, 'Nandi Diagnostics', 'Hyderabad', 'n001', 'Anaemia profile', 1, 1, '0', 825, 9900, 1500, 8400, NULL, NULL, NULL, NULL, NULL, '', '2012-12-20 11:05:54', '2012-12-20 11:05:54'),
(2, 'Nandi Diagnostics', 'Hyderabad', 'Anaemia Profile', 'Anaemia Profile', 20, 5, '0', 673, 700, 0, 700, NULL, NULL, NULL, NULL, NULL, '', '2013-01-11 11:01:01', '2013-01-11 11:01:01');

-- --------------------------------------------------------

--
-- Table structure for table `corporate_health_package_children`
--

CREATE TABLE IF NOT EXISTS `corporate_health_package_children` (
  `id` int(11) NOT NULL AUTO_INCREMENT,
  `corporate_health_package_id` int(11) NOT NULL,
  `s_no` int(11) DEFAULT NULL,
  `test_group_id` int(11) NOT NULL,
  `test_name_id` int(11) NOT NULL,
  `department` int(11) NOT NULL,
  `price` float DEFAULT NULL,
  `discount` float DEFAULT NULL,
  `net_price` float DEFAULT NULL,
  `created_at` datetime DEFAULT NULL,
  `updated_at` datetime DEFAULT NULL,
  PRIMARY KEY (`id`)
) ENGINE=InnoDB  DEFAULT CHARSET=utf8 COLLATE=utf8_unicode_ci AUTO_INCREMENT=8 ;

--
-- Dumping data for table `corporate_health_package_children`
--

INSERT INTO `corporate_health_package_children` (`id`, `corporate_health_package_id`, `s_no`, `test_group_id`, `test_name_id`, `department`, `price`, `discount`, `net_price`, `created_at`, `updated_at`) VALUES
(1, 1, 1, 1, 829, 1, 1500, 0, 1500, '2012-12-20 11:05:54', '2012-12-20 11:05:54'),
(2, 1, 2, 1, 832, 1, 2400, 0, 2400, '2012-12-20 11:05:54', '2012-12-20 11:05:54'),
(3, 1, 3, 1, 830, 1, 2500, 0, 2500, '2012-12-20 11:05:54', '2012-12-20 11:05:54'),
(4, 1, 4, 1, 824, 1, 1500, 0, 1500, '2012-12-20 11:05:54', '2012-12-20 11:05:54'),
(5, 1, 5, 1, 825, 1, 2000, 0, 2000, '2012-12-20 11:05:54', '2012-12-20 11:05:54'),
(6, 2, 1, 28, 448, 1, 500, 0, 500, '2013-01-11 11:01:01', '2013-01-11 11:01:01'),
(7, 2, 2, 20, 673, 2, 200, 0, 200, '2013-01-11 11:01:01', '2013-01-11 11:01:01');

-- --------------------------------------------------------

--
-- Table structure for table `countries`
--

CREATE TABLE IF NOT EXISTS `countries` (
  `id` int(11) NOT NULL AUTO_INCREMENT,
  `name` varchar(30) COLLATE utf8_unicode_ci NOT NULL,
  `created_at` timestamp NOT NULL DEFAULT '0000-00-00 00:00:00',
  `updated_at` timestamp NOT NULL DEFAULT CURRENT_TIMESTAMP ON UPDATE CURRENT_TIMESTAMP,
  PRIMARY KEY (`id`)
) ENGINE=InnoDB  DEFAULT CHARSET=utf8 COLLATE=utf8_unicode_ci AUTO_INCREMENT=11 ;

--
-- Dumping data for table `countries`
--

INSERT INTO `countries` (`id`, `name`, `created_at`, `updated_at`) VALUES
(1, 'india', '2012-12-06 10:26:55', '2012-12-06 10:26:57'),
(2, 'england', '2012-12-06 10:27:17', '2012-12-06 10:27:20'),
(3, 'Bangladesh', '2012-12-07 06:16:06', '2012-12-07 06:16:06'),
(4, 'Australia', '2012-12-07 06:21:01', '2012-12-07 06:21:01'),
(5, 'Phinland', '2012-12-11 07:40:41', '2012-12-11 07:40:41'),
(6, 'india', '2012-12-06 10:26:55', '2012-12-06 10:26:57'),
(7, 'england', '2012-12-06 10:27:17', '2012-12-06 10:27:20'),
(8, 'Bangladesh', '2012-12-07 06:16:06', '2012-12-07 06:16:06'),
(9, 'Australia', '2012-12-07 06:21:01', '2012-12-07 06:21:01'),
(10, 'Phinland', '2012-12-11 07:40:41', '2012-12-11 07:40:41');

-- --------------------------------------------------------

--
-- Table structure for table `degrees`
--

CREATE TABLE IF NOT EXISTS `degrees` (
  `id` int(11) NOT NULL AUTO_INCREMENT,
  `name` varchar(255) COLLATE utf8_unicode_ci DEFAULT NULL,
  `created_at` datetime NOT NULL,
  `updated_at` datetime NOT NULL,
  PRIMARY KEY (`id`)
) ENGINE=InnoDB  DEFAULT CHARSET=utf8 COLLATE=utf8_unicode_ci AUTO_INCREMENT=5 ;

--
-- Dumping data for table `degrees`
--

INSERT INTO `degrees` (`id`, `name`, `created_at`, `updated_at`) VALUES
(1, 'MBBS', '2012-12-29 00:00:00', '2012-12-29 00:00:00'),
(2, 'MD', '2012-12-29 00:00:00', '2012-12-29 00:00:00'),
(3, 'M.Phil', '2012-12-29 00:00:00', '2012-12-29 00:00:00'),
(4, 'cardiology', '2012-12-29 00:00:00', '2012-12-29 00:00:00');

-- --------------------------------------------------------

--
-- Table structure for table `demos`
--

CREATE TABLE IF NOT EXISTS `demos` (
  `id` int(11) NOT NULL AUTO_INCREMENT,
  `name` varchar(255) DEFAULT NULL,
  `created_at` datetime NOT NULL,
  `updated_at` datetime NOT NULL,
  PRIMARY KEY (`id`)
) ENGINE=InnoDB DEFAULT CHARSET=latin1 AUTO_INCREMENT=1 ;

-- --------------------------------------------------------

--
-- Table structure for table `doctor_assignments`
--

CREATE TABLE IF NOT EXISTS `doctor_assignments` (
  `id` int(11) NOT NULL AUTO_INCREMENT,
  `clinic_id` int(11) DEFAULT NULL,
  `clinicbranch_id` int(11) DEFAULT NULL,
  `consultant_master_id` int(11) DEFAULT NULL,
  `doctor_name` varchar(255) COLLATE utf8_unicode_ci DEFAULT NULL,
  `doctor_id` int(11) DEFAULT NULL,
  `doctor_charge` float DEFAULT NULL,
  `clinic_charge` float DEFAULT NULL,
  `timing_id` int(11) DEFAULT NULL,
  `created_at` datetime NOT NULL,
  `updated_at` datetime NOT NULL,
  PRIMARY KEY (`id`),
  KEY `index_doctor_assignments_on_clinic_id` (`clinic_id`),
  KEY `index_doctor_assignments_on_clinicbranch_id` (`clinicbranch_id`),
  KEY `index_doctor_assignments_on_consultant_master_id` (`consultant_master_id`)
) ENGINE=InnoDB  DEFAULT CHARSET=utf8 COLLATE=utf8_unicode_ci AUTO_INCREMENT=9 ;

--
-- Dumping data for table `doctor_assignments`
--

INSERT INTO `doctor_assignments` (`id`, `clinic_id`, `clinicbranch_id`, `consultant_master_id`, `doctor_name`, `doctor_id`, `doctor_charge`, `clinic_charge`, `timing_id`, `created_at`, `updated_at`) VALUES
(1, 1, 1, 1, 'Dr.Shekhar', 1001, 300, 200, NULL, '2012-12-01 00:00:00', '2012-12-01 00:00:00'),
(2, 1, 1, 2, 'Haritha', 1002, 500, 400, NULL, '2012-12-01 00:00:00', '2012-12-01 00:00:00'),
(3, 2, 1, 1, 'Dr.Chandra Shekar', 1001, 400, 200, NULL, '2012-12-26 13:47:54', '2012-12-26 13:47:54'),
(4, 1, 1, 2, 'Haritha', 1002, 500, 400, NULL, '2012-12-01 00:00:00', '2012-12-01 00:00:00'),
(5, 2, 1, 3, 'Dr.Chandra Shekar', 1003, 400, 200, NULL, '2012-12-26 13:50:23', '2012-12-26 13:50:23'),
(6, 1, 2, 3, 'Dr.Chandra Shekar', 1003, 500, 350, 1, '2012-12-28 07:11:10', '2012-12-28 07:11:10'),
(7, 1, 2, 4, 'Dr.Hari', 1004, 500, 450, 1, '2012-12-28 07:11:10', '2012-12-28 07:11:10'),
(8, 2, 1, 4, 'Dr.Chandra Shekar', 1004, 500, 400, NULL, '2012-12-28 07:17:54', '2012-12-28 07:17:54');

-- --------------------------------------------------------

--
-- Table structure for table `doctor_educations`
--

CREATE TABLE IF NOT EXISTS `doctor_educations` (
  `id` int(11) NOT NULL AUTO_INCREMENT,
  `degree` varchar(255) COLLATE utf8_unicode_ci DEFAULT NULL,
  `college` varchar(255) COLLATE utf8_unicode_ci DEFAULT NULL,
  `address` varchar(255) COLLATE utf8_unicode_ci DEFAULT NULL,
  `year_of_pass` varchar(255) COLLATE utf8_unicode_ci DEFAULT NULL,
  `consultant_master_id` int(11) DEFAULT NULL,
  `created_at` datetime NOT NULL,
  `updated_at` datetime NOT NULL,
  PRIMARY KEY (`id`),
  KEY `index_doctor_educations_on_consultant_master_id` (`consultant_master_id`)
) ENGINE=InnoDB DEFAULT CHARSET=utf8 COLLATE=utf8_unicode_ci AUTO_INCREMENT=1 ;

-- --------------------------------------------------------

--
-- Table structure for table `doctor_flows`
--

CREATE TABLE IF NOT EXISTS `doctor_flows` (
  `id` int(11) NOT NULL AUTO_INCREMENT,
  `name` varchar(255) COLLATE utf8_unicode_ci DEFAULT NULL,
  `location` varchar(255) COLLATE utf8_unicode_ci DEFAULT NULL,
  `city` varchar(255) COLLATE utf8_unicode_ci DEFAULT NULL,
  `speciality` varchar(255) COLLATE utf8_unicode_ci DEFAULT NULL,
  `created_at` datetime NOT NULL,
  `updated_at` datetime NOT NULL,
  PRIMARY KEY (`id`)
) ENGINE=InnoDB DEFAULT CHARSET=utf8 COLLATE=utf8_unicode_ci AUTO_INCREMENT=1 ;

-- --------------------------------------------------------

--
-- Table structure for table `doctor_lab_assignments`
--

CREATE TABLE IF NOT EXISTS `doctor_lab_assignments` (
  `id` int(11) NOT NULL AUTO_INCREMENT,
  `lab_id` int(11) DEFAULT NULL,
  `labbranch_id` int(11) DEFAULT NULL,
  `consultant_master_id` int(11) DEFAULT NULL,
  `doctor_name` varchar(255) COLLATE utf8_unicode_ci DEFAULT NULL,
  `doctor_id` int(11) DEFAULT NULL,
  `doctor_charge` float DEFAULT NULL,
  `clinic_charge` float DEFAULT NULL,
  `timing_id` int(11) DEFAULT NULL,
  `created_at` datetime NOT NULL,
  `updated_at` datetime NOT NULL,
  PRIMARY KEY (`id`),
  KEY `index_doctor_assignments_on_clinic_id` (`lab_id`),
  KEY `index_doctor_assignments_on_clinicbranch_id` (`labbranch_id`),
  KEY `index_doctor_assignments_on_consultant_master_id` (`consultant_master_id`)
) ENGINE=InnoDB  DEFAULT CHARSET=utf8 COLLATE=utf8_unicode_ci AUTO_INCREMENT=20 ;

--
-- Dumping data for table `doctor_lab_assignments`
--

INSERT INTO `doctor_lab_assignments` (`id`, `lab_id`, `labbranch_id`, `consultant_master_id`, `doctor_name`, `doctor_id`, `doctor_charge`, `clinic_charge`, `timing_id`, `created_at`, `updated_at`) VALUES
(1, 1, 1, 1, 'Dr.Shekhar', 1001, 300, 200, NULL, '2012-12-01 00:00:00', '2012-12-01 00:00:00'),
(2, 1, 1, 2, 'Haritha', 1002, 500, 400, NULL, '2012-12-01 00:00:00', '2012-12-01 00:00:00'),
(3, 0, NULL, 1, 'Dr.Chandra Shekar', 1001, 400, 200, NULL, '2012-12-26 13:47:54', '2012-12-26 13:47:54'),
(4, 0, NULL, 1, 'Dr.Chandra Shekar', 1001, 400, 200, NULL, '2012-12-26 13:48:37', '2012-12-26 13:48:37'),
(5, 2, 0, 1, 'Dr.Chandra Shekar', 1001, 400, 200, NULL, '2012-12-26 13:50:23', '2012-12-26 13:50:23'),
(6, NULL, NULL, NULL, 'Dr.Chandra Shekar', 1, 500, NULL, 1, '2012-12-28 07:11:10', '2012-12-28 07:11:10'),
(7, NULL, NULL, NULL, 'Dr.Hari', 2, 500, NULL, 1, '2012-12-28 07:11:10', '2012-12-28 07:11:10'),
(8, 1, 1, NULL, 'Dr.Chandra Shekar', 1, 500, NULL, NULL, '2012-12-28 07:17:54', '2012-12-28 07:17:54'),
(9, 1, 1, NULL, 'Dr.Hari', 2, 500, NULL, NULL, '2012-12-28 07:17:54', '2012-12-28 07:17:54'),
(10, 1, 1, NULL, 'Dr.Rao', 3, NULL, NULL, NULL, '2012-12-28 07:17:54', '2012-12-28 07:17:54'),
(11, 1, 1, NULL, 'Dr.Vidya', 4, NULL, NULL, NULL, '2012-12-28 07:17:54', '2012-12-28 07:17:54'),
(12, 2, 0, NULL, 'Dr.Chandra Shekar', 1, 500, NULL, NULL, '2012-12-28 09:40:25', '2012-12-28 09:40:25'),
(13, NULL, NULL, NULL, 'Dr.Chandra Shekar', 1, 500, NULL, NULL, '2012-12-28 10:59:00', '2012-12-28 10:59:00'),
(14, NULL, NULL, NULL, 'Dr.Hari', 2, 500, NULL, NULL, '2012-12-28 10:59:00', '2012-12-28 10:59:00'),
(15, NULL, NULL, NULL, 'Dr.A.V.Rao', 3, NULL, NULL, NULL, '2012-12-28 10:59:01', '2012-12-28 10:59:01'),
(16, NULL, NULL, NULL, 'Dr.Vidya', 4, 10000, NULL, NULL, '2012-12-28 10:59:01', '2012-12-28 10:59:01'),
(17, NULL, NULL, NULL, 'Dr.Sami', NULL, 3, NULL, NULL, '2012-12-28 10:59:01', '2012-12-28 10:59:01'),
(18, 1, 1, NULL, 'Dr.Hari', 2, 500, NULL, NULL, '2012-12-28 13:00:25', '2012-12-28 13:00:25'),
(19, 1, 1, NULL, 'Dr.Chandra Shekar', 1, 500, NULL, NULL, '2012-12-28 13:00:57', '2012-12-28 13:00:57');

-- --------------------------------------------------------

--
-- Table structure for table `doctor_timings`
--

CREATE TABLE IF NOT EXISTS `doctor_timings` (
  `id` int(11) NOT NULL AUTO_INCREMENT,
  `day` varchar(255) COLLATE utf8_unicode_ci DEFAULT NULL,
  `morning_from` time DEFAULT NULL,
  `morning_to` time DEFAULT NULL,
  `evening_from` time DEFAULT NULL,
  `evening_to` time DEFAULT NULL,
  `others_from` time DEFAULT NULL,
  `others_to` time DEFAULT NULL,
  `consultant_master_id` int(11) DEFAULT NULL,
  `created_at` datetime NOT NULL,
  `updated_at` datetime NOT NULL,
  `timing_id` int(11) DEFAULT NULL,
  PRIMARY KEY (`id`),
  KEY `index_doctor_timings_on_consultant_master_id` (`consultant_master_id`)
) ENGINE=InnoDB  DEFAULT CHARSET=utf8 COLLATE=utf8_unicode_ci AUTO_INCREMENT=29 ;

--
-- Dumping data for table `doctor_timings`
--

INSERT INTO `doctor_timings` (`id`, `day`, `morning_from`, `morning_to`, `evening_from`, `evening_to`, `others_from`, `others_to`, `consultant_master_id`, `created_at`, `updated_at`, `timing_id`) VALUES
(1, 'MON', '10:00:00', '12:00:00', '01:00:00', '05:00:00', '12:35:00', '12:35:00', 1, '2012-12-26 12:36:01', '2012-12-26 12:36:01', NULL),
(2, 'TUE', '10:00:00', '12:00:00', '01:00:00', '05:00:00', '12:36:00', '12:36:00', 1, '2012-12-26 12:37:08', '2012-12-26 12:37:08', NULL),
(3, 'WED', '10:00:00', '12:00:00', '01:00:00', '05:00:00', '12:36:00', '12:36:00', 1, '2012-12-26 12:37:08', '2012-12-26 12:37:08', NULL),
(4, 'THU', '10:00:00', '12:00:00', '01:00:00', '05:00:00', '06:51:00', '06:51:00', 1, '2012-12-27 06:51:58', '2012-12-27 06:51:58', NULL),
(5, 'FRI', '10:00:00', '12:00:00', '01:00:00', '05:00:00', '06:51:00', '06:51:00', 1, '2012-12-27 06:51:58', '2012-12-27 06:51:58', NULL),
(6, 'SAT', '10:00:00', '12:00:00', '01:00:00', '05:00:00', '06:51:00', '06:51:00', 1, '2012-12-27 06:51:58', '2012-12-27 06:51:58', NULL),
(7, 'SUN', '10:00:00', '12:00:00', '01:00:00', '05:00:00', '06:51:00', '06:51:00', 1, '2012-12-27 06:51:58', '2012-12-27 06:51:58', NULL),
(8, 'MON', '10:00:00', '12:00:00', '01:00:00', '05:00:00', '12:35:00', '12:35:00', 2, '2012-12-26 12:36:01', '2012-12-26 12:36:01', NULL),
(9, 'TUE', '10:00:00', '12:00:00', '01:00:00', '05:00:00', '12:36:00', '12:36:00', 2, '2012-12-26 12:37:08', '2012-12-26 12:37:08', NULL),
(10, 'WED', '10:00:00', '12:00:00', '01:00:00', '05:00:00', '12:36:00', '12:36:00', 2, '2012-12-26 12:37:08', '2012-12-26 12:37:08', NULL),
(11, 'THU', '10:00:00', '12:00:00', '01:00:00', '05:00:00', '06:51:00', '06:51:00', 2, '2012-12-27 06:51:58', '2012-12-27 06:51:58', NULL),
(12, 'FRI', '10:00:00', '12:00:00', '01:00:00', '05:00:00', '06:51:00', '06:51:00', 2, '2012-12-27 06:51:58', '2012-12-27 06:51:58', NULL),
(13, 'SAT', '10:00:00', '12:00:00', '01:00:00', '05:00:00', '06:51:00', '06:51:00', 2, '2012-12-27 06:51:58', '2012-12-27 06:51:58', NULL),
(14, 'SUN', '10:00:00', '12:00:00', '01:00:00', '05:00:00', '06:51:00', '06:51:00', 2, '2012-12-27 06:51:58', '2012-12-27 06:51:58', NULL),
(15, 'MON', '10:00:00', '12:00:00', '01:00:00', '05:00:00', '12:35:00', '12:35:00', 3, '2012-12-26 12:36:01', '2012-12-26 12:36:01', NULL),
(16, 'TUE', '10:00:00', '12:00:00', '01:00:00', '05:00:00', '12:36:00', '12:36:00', 3, '2012-12-26 12:37:08', '2012-12-26 12:37:08', NULL),
(17, 'WED', '10:00:00', '12:00:00', '01:00:00', '05:00:00', '12:36:00', '12:36:00', 3, '2012-12-26 12:37:08', '2012-12-26 12:37:08', NULL),
(18, 'THU', '10:00:00', '12:00:00', '01:00:00', '05:00:00', '06:51:00', '06:51:00', 3, '2012-12-27 06:51:58', '2012-12-27 06:51:58', NULL),
(19, 'FRI', '10:00:00', '12:00:00', '01:00:00', '05:00:00', '06:51:00', '06:51:00', 3, '2012-12-27 06:51:58', '2012-12-27 06:51:58', NULL),
(20, 'SAT', '10:00:00', '12:00:00', '01:00:00', '05:00:00', '06:51:00', '06:51:00', 3, '2012-12-27 06:51:58', '2012-12-27 06:51:58', NULL),
(21, 'SUN', '10:00:00', '12:00:00', '01:00:00', '05:00:00', '06:51:00', '06:51:00', 3, '2012-12-27 06:51:58', '2012-12-27 06:51:58', NULL),
(22, 'MON', '10:00:00', '12:00:00', '01:00:00', '05:00:00', '12:35:00', '12:35:00', 4, '2012-12-26 12:36:01', '2012-12-26 12:36:01', NULL),
(23, 'TUE', '10:00:00', '12:00:00', '01:00:00', '05:00:00', '12:36:00', '12:36:00', 4, '2012-12-26 12:37:08', '2012-12-26 12:37:08', NULL),
(24, 'WED', '10:00:00', '12:00:00', '01:00:00', '05:00:00', '12:36:00', '12:36:00', 4, '2012-12-26 12:37:08', '2012-12-26 12:37:08', NULL),
(25, 'THU', '10:00:00', '12:00:00', '01:00:00', '05:00:00', '12:36:00', '12:36:00', 4, '2012-12-26 12:37:08', '2012-12-26 12:37:08', NULL),
(26, 'FRI', '10:00:00', '12:00:00', '01:00:00', '05:00:00', '06:51:00', '06:51:00', 4, '2012-12-27 06:51:58', '2012-12-27 06:51:58', NULL),
(27, 'SAT', '10:00:00', '12:00:00', '01:00:00', '05:00:00', '06:51:00', '06:51:00', 4, '2012-12-27 06:51:58', '2012-12-27 06:51:58', NULL),
(28, 'SUN', '10:00:00', '12:00:00', '01:00:00', '05:00:00', '06:51:00', '06:51:00', 4, '2012-12-27 06:51:58', '2012-12-27 06:51:58', NULL);

-- --------------------------------------------------------

--
-- Table structure for table `labbranches`
--

CREATE TABLE IF NOT EXISTS `labbranches` (
  `id` int(11) NOT NULL,
  `lab_id` int(11) DEFAULT NULL,
  `name` varchar(255) COLLATE utf8_unicode_ci DEFAULT NULL,
  `displayname` varchar(255) COLLATE utf8_unicode_ci DEFAULT NULL,
  `branches` int(11) DEFAULT NULL,
  `discontinue` tinyint(1) DEFAULT NULL,
  `expdate` date DEFAULT NULL,
  `address1` text COLLATE utf8_unicode_ci,
  `address2` text COLLATE utf8_unicode_ci,
  `location_id` int(11) DEFAULT NULL,
  `landmarks` varchar(255) COLLATE utf8_unicode_ci DEFAULT NULL,
  `city_id` int(11) DEFAULT NULL,
  `state_id` int(11) DEFAULT NULL,
  `country_id` int(11) DEFAULT NULL,
  `pin` int(11) DEFAULT NULL,
  `fax` int(11) DEFAULT NULL,
  `website` varchar(255) COLLATE utf8_unicode_ci DEFAULT NULL,
  `email` varchar(255) COLLATE utf8_unicode_ci DEFAULT NULL,
  `altemail` varchar(255) COLLATE utf8_unicode_ci DEFAULT NULL,
  `choosefile` varchar(255) COLLATE utf8_unicode_ci DEFAULT NULL,
  `created_at` datetime NOT NULL,
  `updated_at` datetime NOT NULL,
  PRIMARY KEY (`id`)
) ENGINE=InnoDB DEFAULT CHARSET=utf8 COLLATE=utf8_unicode_ci;

--
-- Dumping data for table `labbranches`
--

INSERT INTO `labbranches` (`id`, `lab_id`, `name`, `displayname`, `branches`, `discontinue`, `expdate`, `address1`, `address2`, `location_id`, `landmarks`, `city_id`, `state_id`, `country_id`, `pin`, `fax`, `website`, `email`, `altemail`, `choosefile`, `created_at`, `updated_at`) VALUES
(1, 1, 'Koti Lab', 'Koti', NULL, 0, '2012-02-12', 'hyd', 'hyd', 1, 'hyd', 1, 1, 1, 222222, NULL, '', 's@gmail.com', '', NULL, '2012-12-24 10:45:51', '2012-12-24 10:45:51'),
(2, 2, 'Vijayawada Lab', 'Vijayawada', NULL, 0, '2012-01-12', 'sss', 'sss', 1, 'sss', 1, 1, 1, 222222, NULL, '', 's@gmail.com', '', NULL, '2012-12-24 10:43:06', '2012-12-24 10:43:06'),
(3, 1, 'Madhapur Lab', 'Vijaya', NULL, 0, '2012-08-12', 'www', '', 1, '', 1, NULL, 1, 222222, NULL, '', 's@gmail.com', '', NULL, '2012-12-26 14:34:44', '2012-12-26 14:34:44');

-- --------------------------------------------------------

--
-- Table structure for table `labbranch_timings`
--

CREATE TABLE IF NOT EXISTS `labbranch_timings` (
  `id` int(11) NOT NULL AUTO_INCREMENT,
  `labbranch_id` int(11) DEFAULT NULL,
  `day` varchar(255) COLLATE utf8_unicode_ci DEFAULT NULL,
  `morning_from` time DEFAULT NULL,
  `morning_to` time DEFAULT NULL,
  `evening_from` time DEFAULT NULL,
  `evening_to` time DEFAULT NULL,
  `others_from` time DEFAULT NULL,
  `others_to` time DEFAULT NULL,
  `created_at` datetime NOT NULL,
  `updated_at` datetime NOT NULL,
  PRIMARY KEY (`id`)
) ENGINE=InnoDB DEFAULT CHARSET=utf8 COLLATE=utf8_unicode_ci AUTO_INCREMENT=1 ;

-- --------------------------------------------------------

--
-- Table structure for table `labs`
--

CREATE TABLE IF NOT EXISTS `labs` (
  `id` int(11) NOT NULL,
  `user_id` int(11) DEFAULT NULL,
  `name` varchar(255) COLLATE utf8_unicode_ci DEFAULT NULL,
  `displayname` varchar(255) COLLATE utf8_unicode_ci DEFAULT NULL,
  `branches` int(11) DEFAULT NULL,
  `discontinue` tinyint(1) DEFAULT NULL,
  `expdate` date DEFAULT NULL,
  `address1` text COLLATE utf8_unicode_ci,
  `address2` text COLLATE utf8_unicode_ci,
  `location_id` int(11) DEFAULT NULL,
  `landmarks` varchar(255) COLLATE utf8_unicode_ci DEFAULT NULL,
  `city_id` int(11) DEFAULT NULL,
  `state_id` int(11) DEFAULT NULL,
  `country_id` int(11) DEFAULT NULL,
  `pin` int(11) DEFAULT NULL,
  `fax` int(11) DEFAULT NULL,
  `website` varchar(255) COLLATE utf8_unicode_ci DEFAULT NULL,
  `email` varchar(255) COLLATE utf8_unicode_ci DEFAULT NULL,
  `altemail` varchar(255) COLLATE utf8_unicode_ci DEFAULT NULL,
  `choosefile` varchar(255) COLLATE utf8_unicode_ci DEFAULT NULL,
  `rating` int(11) DEFAULT NULL,
  `discount` int(11) DEFAULT NULL,
  `created_at` datetime NOT NULL,
  `updated_at` datetime NOT NULL,
  `image` varchar(255) COLLATE utf8_unicode_ci DEFAULT NULL,
  PRIMARY KEY (`id`)
) ENGINE=InnoDB DEFAULT CHARSET=utf8 COLLATE=utf8_unicode_ci;

--
-- Dumping data for table `labs`
--

INSERT INTO `labs` (`id`, `user_id`, `name`, `displayname`, `branches`, `discontinue`, `expdate`, `address1`, `address2`, `location_id`, `landmarks`, `city_id`, `state_id`, `country_id`, `pin`, `fax`, `website`, `email`, `altemail`, `choosefile`, `rating`, `discount`, `created_at`, `updated_at`, `image`) VALUES
(1, 1, 'Vijaya Diagnostic Labs', 'Vijaya', 1, 0, '2012-04-12', '\r\nVijaya Hospitals,Ameerpet,Hyderabad-500082', '3', 1, 'sss', 1, 1, 1, 333333, 22, '', 's@gmail.com', '', NULL, 3, 10, '2012-12-24 10:43:06', '2012-12-24 10:43:06', '/vijaya.jpg'),
(2, 2, 'Yashodha Multispeciality Lab', 'Yashodha', 1, 0, '2012-04-12', 'Yashoda Hospitals,Ameerpet,Hyderabad-500082', '4', 1, 'near borabanda', 1, 1, 1, 222222, NULL, 'www', 's@gmail.com', '', NULL, 4, 5, '2012-12-24 10:45:51', '2012-12-24 10:45:51', '/yashodha.jpg');

-- --------------------------------------------------------

--
-- Table structure for table `lab_profile_masters`
--

CREATE TABLE IF NOT EXISTS `lab_profile_masters` (
  `id` int(11) NOT NULL AUTO_INCREMENT,
  `lab_id` int(11) DEFAULT NULL,
  `labbranch_id` int(11) DEFAULT NULL,
  `about` text COLLATE utf8_unicode_ci,
  `services` text COLLATE utf8_unicode_ci,
  `packages` text COLLATE utf8_unicode_ci,
  `photo1` varchar(255) COLLATE utf8_unicode_ci DEFAULT NULL,
  `photo2` varchar(255) COLLATE utf8_unicode_ci DEFAULT NULL,
  `photo3` varchar(255) COLLATE utf8_unicode_ci DEFAULT NULL,
  `photo4` varchar(255) COLLATE utf8_unicode_ci DEFAULT NULL,
  `photo5` varchar(255) COLLATE utf8_unicode_ci DEFAULT NULL,
  `created_at` datetime NOT NULL,
  `updated_at` datetime NOT NULL,
  PRIMARY KEY (`id`),
  KEY `index_clinic_profile_masters_on_clinic_id` (`lab_id`),
  KEY `index_clinic_profile_masters_on_clinicbranches_id` (`labbranch_id`)
) ENGINE=InnoDB  DEFAULT CHARSET=utf8 COLLATE=utf8_unicode_ci AUTO_INCREMENT=3 ;

--
-- Dumping data for table `lab_profile_masters`
--

INSERT INTO `lab_profile_masters` (`id`, `lab_id`, `labbranch_id`, `about`, `services`, `packages`, `photo1`, `photo2`, `photo3`, `photo4`, `photo5`, `created_at`, `updated_at`) VALUES
(1, 1, 1, '\r\nAbout Us\r\n\r\nBrief History\r\n\r\nThe journey of Vijaya Labs started way back in 1989 as a small clinic, where Dr G Surender Rao practised paediatrics. With his international education and experience he became one of Hyderabads leading child specialists in a short span of time. Not satisfied with personal success he joined forces with his brother, Mr Ravinder Rao, an experienced business leader, to start Yashoda Labs.\r\n\r\nYashodha Group has come a long way since then, from a small clinic in Hyderabad, to a 1,000-plus-bed facility, with three hospitals at Secunderabad, Malakpet and Somajiguda. With a nursing school and college attached to each hospital. It has more than 450 doctors, 1,500 nurses and a total of 4,000 staff comprising of paramedical and other support staff.', 'Cardiology,Cardiothoracic Surgery,', 'Vijaya Labs are putting great\r\n effort in the field of hospital managements.', 'hospital.jpg', 'hosp.jpeg', 'hospital.jpg', 'hosp.jpeg', 'hosp.jpeg', '2012-12-01 00:00:00', '2013-01-02 11:15:40'),
(2, 2, 1, '\r\nAbout Us\r\n\r\nBrief History\r\n\r\nThe journey of Yashoda Labs started way back in 1989 as a small clinic, where Dr G Surender Rao practised paediatrics. With his international education and experience he became one of Hyderabads leading child specialists in a short span of time. Not satisfied with personal success he joined forces with his brother, Mr Ravinder Rao, an experienced business leader, to start Yashoda Hospitals.\r\n\r\nYashoda Group has come a long way since then, from a small clinic in Hyderabad, to a 1,000-plus-bed facility, with three hospitals at Secunderabad, Malakpet and Somajiguda. With a nursing school and college attached to each hospital. It has more than 450 doctors, 1,500 nurses and a total of 4,000 staff comprising of paramedical and other support staff.', 'Cardiology,Cardiothoracic Surgery', 'Yashodha Labs are putting greate effort in the field of Lab managements.', NULL, NULL, NULL, NULL, NULL, '2012-12-01 00:00:00', '2012-12-01 00:00:00');

-- --------------------------------------------------------

--
-- Table structure for table `lab_specalities_masters`
--

CREATE TABLE IF NOT EXISTS `lab_specalities_masters` (
  `id` int(11) NOT NULL AUTO_INCREMENT,
  `name` varchar(255) COLLATE utf8_unicode_ci DEFAULT NULL,
  `created_at` datetime NOT NULL,
  `updated_at` datetime NOT NULL,
  PRIMARY KEY (`id`)
) ENGINE=InnoDB  DEFAULT CHARSET=utf8 COLLATE=utf8_unicode_ci AUTO_INCREMENT=53 ;

--
-- Dumping data for table `lab_specalities_masters`
--

INSERT INTO `lab_specalities_masters` (`id`, `name`, `created_at`, `updated_at`) VALUES
(1, 'Acupressure Practitioner Lab', '2012-12-01 00:00:00', '2012-12-01 00:00:00'),
(2, 'Acupuncture Practitioner Lab', '2012-12-01 00:00:00', '2012-12-01 00:00:00'),
(3, 'Addiction Medicine Specialist Lab', '2012-12-01 00:00:00', '2012-12-01 00:00:00'),
(4, 'Adolescent medicine Specialist(chil,teens and mental help)', '2012-12-01 00:00:00', '2012-12-01 00:00:00'),
(5, 'Allergist & Immunologist (Asthma Specialist)', '2012-12-01 00:00:00', '2012-12-01 00:00:00'),
(6, ' Anesthesiologist (Pain Control)', '2012-12-01 00:00:00', '2012-12-01 00:00:00'),
(7, ' Ayurvedic Physician', '2012-12-01 00:00:00', '2012-12-01 00:00:00'),
(8, ' Biomedical Specialist', '2012-12-01 00:00:00', '2012-12-01 00:00:00'),
(9, 'Cardiologist (Heart)', '2012-12-01 00:00:00', '2012-12-01 00:00:00'),
(10, 'Chiropractic Physician (Spione Care)', '2012-12-01 00:00:00', '2012-12-01 00:00:00'),
(11, 'Cosmetologist', '0000-00-00 00:00:00', '0000-00-00 00:00:00'),
(12, 'Dentist', '0000-00-00 00:00:00', '0000-00-00 00:00:00'),
(13, 'Dermatologist (Skin Disease)', '0000-00-00 00:00:00', '0000-00-00 00:00:00'),
(14, 'Dietitian & Nutrition', '0000-00-00 00:00:00', '0000-00-00 00:00:00'),
(15, 'Disaster Medicine Specialist', '0000-00-00 00:00:00', '0000-00-00 00:00:00'),
(16, 'Emergency Physician', '0000-00-00 00:00:00', '0000-00-00 00:00:00'),
(17, 'Endocrinologist (Diabetes, Thyroid & Other Hormones)', '0000-00-00 00:00:00', '0000-00-00 00:00:00'),
(18, 'Eye Care Specialist (Opthalmologist)', '0000-00-00 00:00:00', '0000-00-00 00:00:00'),
(19, 'Gastroentrologist & Hepatologist (Digestive & Liver)', '0000-00-00 00:00:00', '0000-00-00 00:00:00'),
(20, 'General Physician', '0000-00-00 00:00:00', '0000-00-00 00:00:00'),
(21, 'Geneticist', '0000-00-00 00:00:00', '0000-00-00 00:00:00'),
(22, 'Geriatrist', '0000-00-00 00:00:00', '0000-00-00 00:00:00'),
(23, 'Gynecologist & Obstetricians', '0000-00-00 00:00:00', '0000-00-00 00:00:00'),
(24, 'Hematologist', '0000-00-00 00:00:00', '0000-00-00 00:00:00'),
(25, ' HIV and AIDS Specialist', '0000-00-00 00:00:00', '0000-00-00 00:00:00'),
(26, 'Homeopathic Physician', '0000-00-00 00:00:00', '0000-00-00 00:00:00'),
(27, 'Infectious Disease Specialist', '0000-00-00 00:00:00', '0000-00-00 00:00:00'),
(28, 'Internal Medicine Specialist', '0000-00-00 00:00:00', '0000-00-00 00:00:00'),
(29, 'Naturopathy & Yoga Specialist', '0000-00-00 00:00:00', '0000-00-00 00:00:00'),
(30, 'Neurologist', '0000-00-00 00:00:00', '0000-00-00 00:00:00'),
(31, 'Nuclear Medicine Specialist', '0000-00-00 00:00:00', '0000-00-00 00:00:00'),
(32, 'Occupational Medicine Specialist', '0000-00-00 00:00:00', '0000-00-00 00:00:00'),
(33, 'Oncologist', '0000-00-00 00:00:00', '0000-00-00 00:00:00'),
(34, 'Orthopaedician', '0000-00-00 00:00:00', '0000-00-00 00:00:00'),
(35, 'Otolaryngologist', '0000-00-00 00:00:00', '0000-00-00 00:00:00'),
(36, 'Pathologist', '0000-00-00 00:00:00', '0000-00-00 00:00:00'),
(37, 'Pediatrician', '0000-00-00 00:00:00', '0000-00-00 00:00:00'),
(38, 'Physiotherapist', '0000-00-00 00:00:00', '0000-00-00 00:00:00'),
(39, 'Physiotherapist', '0000-00-00 00:00:00', '0000-00-00 00:00:00'),
(40, 'Preventive Medicine and Wellness Specialist', '0000-00-00 00:00:00', '0000-00-00 00:00:00'),
(41, 'Psychiatrist', '0000-00-00 00:00:00', '0000-00-00 00:00:00'),
(42, 'Psychologist', '0000-00-00 00:00:00', '0000-00-00 00:00:00'),
(43, 'Pulmonologist', '0000-00-00 00:00:00', '0000-00-00 00:00:00'),
(44, 'Radiologist', '0000-00-00 00:00:00', '0000-00-00 00:00:00'),
(45, 'Rheumatologist', '0000-00-00 00:00:00', '0000-00-00 00:00:00'),
(46, 'Sexologist', '0000-00-00 00:00:00', '0000-00-00 00:00:00'),
(47, 'Speech Therapist & Audiologist', '0000-00-00 00:00:00', '0000-00-00 00:00:00'),
(48, 'Sports Medicine Specialist', '0000-00-00 00:00:00', '0000-00-00 00:00:00'),
(49, 'Thermologist', '0000-00-00 00:00:00', '0000-00-00 00:00:00'),
(50, 'Unani Physician', '0000-00-00 00:00:00', '0000-00-00 00:00:00'),
(51, 'Urologist & Nephrologist', '0000-00-00 00:00:00', '0000-00-00 00:00:00'),
(52, 'Vascular Medicine Surgeon', '0000-00-00 00:00:00', '0000-00-00 00:00:00');

-- --------------------------------------------------------

--
-- Table structure for table `lab_specalities_masters_lab_specialities`
--

CREATE TABLE IF NOT EXISTS `lab_specalities_masters_lab_specialities` (
  `id` int(11) NOT NULL AUTO_INCREMENT,
  `lab_speciality_id` int(11) DEFAULT NULL,
  `lab_specalities_master_id` int(11) DEFAULT NULL,
  `created_at` datetime NOT NULL,
  `updated_at` datetime NOT NULL,
  PRIMARY KEY (`id`),
  KEY `index_specalities_masters_specialities_on_specility_id` (`lab_speciality_id`),
  KEY `index_specalities_masters_specialities_on_specality_master_id` (`lab_specalities_master_id`)
) ENGINE=InnoDB DEFAULT CHARSET=utf8 COLLATE=utf8_unicode_ci AUTO_INCREMENT=1 ;

-- --------------------------------------------------------

--
-- Table structure for table `lab_specialities`
--

CREATE TABLE IF NOT EXISTS `lab_specialities` (
  `id` int(11) NOT NULL AUTO_INCREMENT,
  `specalities_master_id` int(11) DEFAULT NULL,
  `speciality_id` int(11) DEFAULT NULL,
  `speciality_type` varchar(255) COLLATE utf8_unicode_ci DEFAULT NULL,
  `created_at` datetime NOT NULL,
  `updated_at` datetime NOT NULL,
  PRIMARY KEY (`id`)
) ENGINE=InnoDB  DEFAULT CHARSET=utf8 COLLATE=utf8_unicode_ci AUTO_INCREMENT=7 ;

--
-- Dumping data for table `lab_specialities`
--

INSERT INTO `lab_specialities` (`id`, `specalities_master_id`, `speciality_id`, `speciality_type`, `created_at`, `updated_at`) VALUES
(1, 1, 1, 'Clinic', '2012-12-01 00:00:00', '2012-12-01 00:00:00'),
(2, 2, 1, 'Clinic', '2012-12-01 00:00:00', '2012-12-01 00:00:00'),
(3, 3, 1, 'Clinic', '2012-12-01 00:00:00', '2012-12-01 00:00:00'),
(4, 4, 1, 'Clinic', '2012-12-01 00:00:00', '2012-12-01 00:00:00'),
(5, NULL, NULL, NULL, '2012-12-29 07:38:16', '2012-12-29 07:38:16'),
(6, NULL, 1, 'clinic', '2012-12-29 07:44:08', '2012-12-29 07:44:08');

-- --------------------------------------------------------

--
-- Table structure for table `lab_timings`
--

CREATE TABLE IF NOT EXISTS `lab_timings` (
  `id` int(11) NOT NULL AUTO_INCREMENT,
  `lab_id` int(11) DEFAULT NULL,
  `day` varchar(255) COLLATE utf8_unicode_ci NOT NULL,
  `morning_from` time DEFAULT NULL,
  `morning_to` time DEFAULT NULL,
  `evening_from` time DEFAULT NULL,
  `evening_to` time DEFAULT NULL,
  `others_from` time DEFAULT NULL,
  `others_to` time DEFAULT NULL,
  `created_at` datetime NOT NULL,
  `updated_at` datetime NOT NULL,
  PRIMARY KEY (`id`)
) ENGINE=InnoDB  DEFAULT CHARSET=utf8 COLLATE=utf8_unicode_ci AUTO_INCREMENT=16 ;

--
-- Dumping data for table `lab_timings`
--

INSERT INTO `lab_timings` (`id`, `lab_id`, `day`, `morning_from`, `morning_to`, `evening_from`, `evening_to`, `others_from`, `others_to`, `created_at`, `updated_at`) VALUES
(1, 1, 'MON', '12:24:00', '12:24:00', '12:24:00', '12:24:00', '12:24:00', NULL, '2012-12-26 12:24:12', '2012-12-26 12:24:12'),
(3, 2, 'MON', '12:30:00', '12:30:00', '12:30:00', '12:30:00', '12:30:00', '12:30:00', '2012-12-26 12:32:15', '2012-12-26 12:32:15'),
(4, 1, 'TUES', NULL, NULL, NULL, NULL, NULL, NULL, '0000-00-00 00:00:00', '0000-00-00 00:00:00'),
(5, 1, 'WED', NULL, NULL, NULL, NULL, NULL, NULL, '0000-00-00 00:00:00', '0000-00-00 00:00:00'),
(6, 1, 'THU', NULL, NULL, NULL, NULL, NULL, NULL, '0000-00-00 00:00:00', '0000-00-00 00:00:00'),
(7, 1, 'FRI', NULL, NULL, NULL, NULL, NULL, NULL, '0000-00-00 00:00:00', '0000-00-00 00:00:00'),
(8, 1, 'SAT', NULL, NULL, NULL, NULL, NULL, NULL, '0000-00-00 00:00:00', '0000-00-00 00:00:00'),
(9, 1, 'SUN', NULL, NULL, NULL, NULL, NULL, NULL, '0000-00-00 00:00:00', '0000-00-00 00:00:00'),
(10, 2, 'TUE', '12:30:00', '12:30:00', '12:30:00', '12:30:00', '12:30:00', '12:30:00', '2012-12-26 12:32:15', '2012-12-26 12:32:15'),
(11, 2, 'WED', '12:30:00', '12:30:00', '12:30:00', '12:30:00', '12:30:00', '12:30:00', '2012-12-26 12:32:15', '2012-12-26 12:32:15'),
(12, 2, 'THU', '12:30:00', '12:30:00', '12:30:00', '12:30:00', '12:30:00', '12:30:00', '2012-12-26 12:32:15', '2012-12-26 12:32:15'),
(13, 2, 'FRI', '12:30:00', '12:30:00', '12:30:00', '12:30:00', '12:30:00', '12:30:00', '2012-12-26 12:32:15', '2012-12-26 12:32:15'),
(14, 2, 'SAT', '12:30:00', '12:30:00', '12:30:00', '12:30:00', '12:30:00', '12:30:00', '2012-12-26 12:32:15', '2012-12-26 12:32:15'),
(15, 2, 'SUN', '12:30:00', '12:30:00', '12:30:00', '12:30:00', '12:30:00', '12:30:00', '2012-12-26 12:32:15', '2012-12-26 12:32:15');

-- --------------------------------------------------------

--
-- Table structure for table `locationmaps`
--

CREATE TABLE IF NOT EXISTS `locationmaps` (
  `id` int(11) NOT NULL AUTO_INCREMENT,
  `name` varchar(255) COLLATE utf8_unicode_ci DEFAULT NULL,
  `address` varchar(255) COLLATE utf8_unicode_ci DEFAULT NULL,
  `longitude` float DEFAULT NULL,
  `latitude` float DEFAULT NULL,
  `gmaps` tinyint(1) DEFAULT NULL,
  `created_at` datetime NOT NULL,
  `updated_at` datetime NOT NULL,
  PRIMARY KEY (`id`)
) ENGINE=InnoDB DEFAULT CHARSET=utf8 COLLATE=utf8_unicode_ci AUTO_INCREMENT=1 ;

-- --------------------------------------------------------

--
-- Table structure for table `locations`
--

CREATE TABLE IF NOT EXISTS `locations` (
  `id` int(11) NOT NULL AUTO_INCREMENT,
  `name` varchar(255) COLLATE utf8_unicode_ci DEFAULT NULL,
  `address` varchar(255) COLLATE utf8_unicode_ci DEFAULT NULL,
  `longitude` float DEFAULT NULL,
  `latitude` float DEFAULT NULL,
  `gmaps` tinyint(1) DEFAULT NULL,
  `city_id` int(11) DEFAULT NULL,
  `created_at` datetime NOT NULL,
  `updated_at` datetime NOT NULL,
  PRIMARY KEY (`id`)
) ENGINE=InnoDB  DEFAULT CHARSET=utf8 COLLATE=utf8_unicode_ci AUTO_INCREMENT=53 ;

--
-- Dumping data for table `locations`
--

INSERT INTO `locations` (`id`, `name`, `address`, `longitude`, `latitude`, `gmaps`, `city_id`, `created_at`, `updated_at`) VALUES
(1, 'ABIDS', NULL, NULL, NULL, NULL, NULL, '0000-00-00 00:00:00', '0000-00-00 00:00:00'),
(2, 'AMBERPET', NULL, NULL, NULL, NULL, NULL, '0000-00-00 00:00:00', '0000-00-00 00:00:00'),
(3, 'BALANAGAR', NULL, NULL, NULL, NULL, NULL, '0000-00-00 00:00:00', '0000-00-00 00:00:00'),
(4, 'BARKAS', NULL, NULL, NULL, NULL, NULL, '0000-00-00 00:00:00', '0000-00-00 00:00:00'),
(5, 'BASHEERBAGH', NULL, NULL, NULL, NULL, NULL, '0000-00-00 00:00:00', '0000-00-00 00:00:00'),
(6, 'BOLARAM', NULL, NULL, NULL, NULL, NULL, '0000-00-00 00:00:00', '0000-00-00 00:00:00'),
(7, 'BHEL', NULL, NULL, NULL, NULL, NULL, '0000-00-00 00:00:00', '0000-00-00 00:00:00'),
(8, 'CHIKKADPALLY', NULL, NULL, NULL, NULL, NULL, '0000-00-00 00:00:00', '0000-00-00 00:00:00'),
(9, 'CMNR', NULL, NULL, NULL, NULL, NULL, '0000-00-00 00:00:00', '0000-00-00 00:00:00'),
(10, 'DILSUKHNAGAR', NULL, NULL, NULL, NULL, NULL, '0000-00-00 00:00:00', '0000-00-00 00:00:00'),
(11, 'ECIL X ROAD', NULL, NULL, NULL, NULL, NULL, '0000-00-00 00:00:00', '0000-00-00 00:00:00'),
(12, 'ESI', NULL, NULL, NULL, NULL, NULL, '0000-00-00 00:00:00', '0000-00-00 00:00:00'),
(13, 'GOLCONDA', NULL, NULL, NULL, NULL, NULL, '0000-00-00 00:00:00', '0000-00-00 00:00:00'),
(14, 'JBS', NULL, NULL, NULL, NULL, NULL, '0000-00-00 00:00:00', '0000-00-00 00:00:00'),
(15, 'JOM', NULL, NULL, NULL, NULL, NULL, '0000-00-00 00:00:00', '0000-00-00 00:00:00'),
(16, 'KACHIGUDA', NULL, NULL, NULL, NULL, NULL, '0000-00-00 00:00:00', '0000-00-00 00:00:00'),
(17, 'K. BAD', NULL, NULL, NULL, NULL, NULL, '0000-00-00 00:00:00', '0000-00-00 00:00:00'),
(18, 'KOTI', NULL, NULL, NULL, NULL, NULL, '0000-00-00 00:00:00', '0000-00-00 00:00:00'),
(19, 'AGAPURA', NULL, NULL, NULL, NULL, NULL, '0000-00-00 00:00:00', '0000-00-00 00:00:00'),
(20, 'AMEERPET', NULL, NULL, NULL, NULL, NULL, '0000-00-00 00:00:00', '0000-00-00 00:00:00'),
(21, 'ALWAL', NULL, NULL, NULL, NULL, NULL, '0000-00-00 00:00:00', '0000-00-00 00:00:00'),
(22, 'KUSHIGUDA', NULL, NULL, NULL, NULL, NULL, '0000-00-00 00:00:00', '0000-00-00 00:00:00'),
(23, 'KUKATPALLI', NULL, NULL, NULL, NULL, NULL, '0000-00-00 00:00:00', '0000-00-00 00:00:00'),
(24, 'LB NAGAR ', NULL, NULL, NULL, NULL, NULL, '0000-00-00 00:00:00', '0000-00-00 00:00:00'),
(25, 'LAKADIKAPOOL', NULL, NULL, NULL, NULL, NULL, '0000-00-00 00:00:00', '0000-00-00 00:00:00'),
(26, 'LANGURHOUSE', NULL, NULL, NULL, NULL, NULL, '0000-00-00 00:00:00', '0000-00-00 00:00:00'),
(27, 'MEHIDIPATNAM', NULL, NULL, NULL, NULL, NULL, '0000-00-00 00:00:00', '0000-00-00 00:00:00'),
(28, 'MALAKPET', NULL, NULL, NULL, NULL, NULL, '0000-00-00 00:00:00', '0000-00-00 00:00:00'),
(29, 'MASABTANK', NULL, NULL, NULL, NULL, NULL, '0000-00-00 00:00:00', '0000-00-00 00:00:00'),
(30, 'MOULAALI', NULL, NULL, NULL, NULL, NULL, '0000-00-00 00:00:00', '0000-00-00 00:00:00'),
(31, 'NAMPALLY', NULL, NULL, NULL, NULL, NULL, '0000-00-00 00:00:00', '0000-00-00 00:00:00'),
(32, 'OSAMNIA UNIV(OU) ', NULL, NULL, NULL, NULL, NULL, '0000-00-00 00:00:00', '0000-00-00 00:00:00'),
(33, 'PUNJA GUTTA ', NULL, NULL, NULL, NULL, NULL, '0000-00-00 00:00:00', '0000-00-00 00:00:00'),
(34, 'PATAN CHERU', NULL, NULL, NULL, NULL, NULL, '0000-00-00 00:00:00', '0000-00-00 00:00:00'),
(35, 'RISALABAZAR', NULL, NULL, NULL, NULL, NULL, '0000-00-00 00:00:00', '0000-00-00 00:00:00'),
(36, 'RAM NAGAR ', NULL, NULL, NULL, NULL, NULL, '0000-00-00 00:00:00', '0000-00-00 00:00:00'),
(37, 'RANIGUNJ', NULL, NULL, NULL, NULL, NULL, '0000-00-00 00:00:00', '0000-00-00 00:00:00'),
(38, 'RAJENDRANAGAR', NULL, NULL, NULL, NULL, NULL, '0000-00-00 00:00:00', '0000-00-00 00:00:00'),
(39, 'R. PUR ', NULL, NULL, NULL, NULL, NULL, '0000-00-00 00:00:00', '0000-00-00 00:00:00'),
(40, 'RTC ''X'' ROAD  ', NULL, NULL, NULL, NULL, NULL, '0000-00-00 00:00:00', '0000-00-00 00:00:00'),
(41, 'SANATNAGAR', NULL, NULL, NULL, NULL, NULL, '0000-00-00 00:00:00', '0000-00-00 00:00:00'),
(42, 'SEETAFUL MANDI ', NULL, NULL, NULL, NULL, NULL, '0000-00-00 00:00:00', '0000-00-00 00:00:00'),
(43, 'S. MUTT ', NULL, NULL, NULL, NULL, NULL, '0000-00-00 00:00:00', '0000-00-00 00:00:00'),
(44, 'SECUNDERA BAD ', NULL, NULL, NULL, NULL, NULL, '0000-00-00 00:00:00', '0000-00-00 00:00:00'),
(45, 'SRR. NAGAR ', NULL, NULL, NULL, NULL, NULL, '0000-00-00 00:00:00', '0000-00-00 00:00:00'),
(46, 'TANKBUND', NULL, NULL, NULL, NULL, NULL, '0000-00-00 00:00:00', '0000-00-00 00:00:00'),
(47, 'TARNAKA', NULL, NULL, NULL, NULL, NULL, '0000-00-00 00:00:00', '0000-00-00 00:00:00'),
(48, 'TALLA GADDA ', NULL, NULL, NULL, NULL, NULL, '0000-00-00 00:00:00', '0000-00-00 00:00:00'),
(49, 'BORABANDA', NULL, NULL, NULL, NULL, NULL, '0000-00-00 00:00:00', '0000-00-00 00:00:00'),
(50, 'NGO''S COLONY ', NULL, NULL, NULL, NULL, NULL, '0000-00-00 00:00:00', '0000-00-00 00:00:00'),
(51, 'WARASIGUDA ', NULL, NULL, NULL, NULL, NULL, '0000-00-00 00:00:00', '0000-00-00 00:00:00'),
(52, 'SEETA FULMANDI ', NULL, NULL, NULL, NULL, NULL, '0000-00-00 00:00:00', '0000-00-00 00:00:00');

-- --------------------------------------------------------

--
-- Table structure for table `referral_charges`
--

CREATE TABLE IF NOT EXISTS `referral_charges` (
  `id` int(11) NOT NULL AUTO_INCREMENT,
  `charge_master_id` int(11) NOT NULL,
  `s_no` int(11) DEFAULT NULL,
  `referral_id` varchar(250) COLLATE utf8_unicode_ci NOT NULL,
  `name` varchar(255) COLLATE utf8_unicode_ci DEFAULT NULL,
  `price` float DEFAULT NULL,
  `commission_per` float DEFAULT NULL,
  `commission_amt` float DEFAULT NULL,
  `cost` float DEFAULT NULL,
  `created_at` datetime DEFAULT NULL,
  `updated_at` datetime DEFAULT NULL,
  PRIMARY KEY (`id`)
) ENGINE=InnoDB  DEFAULT CHARSET=utf8 COLLATE=utf8_unicode_ci AUTO_INCREMENT=45 ;

--
-- Dumping data for table `referral_charges`
--

INSERT INTO `referral_charges` (`id`, `charge_master_id`, `s_no`, `referral_id`, `name`, `price`, `commission_per`, `commission_amt`, `cost`, `created_at`, `updated_at`) VALUES
(1, 825, 1, '1', 'Sara Begam', NULL, NULL, NULL, NULL, '2013-01-07 12:09:58', '2013-01-07 12:09:58'),
(2, 824, 1, '1', 'Sara Begam', NULL, NULL, NULL, NULL, '2013-01-07 12:47:19', '2013-01-07 12:47:19'),
(3, 833, 1, '1', 'Sara Begam', NULL, NULL, NULL, NULL, '2013-01-08 10:47:32', '2013-01-08 10:47:32'),
(4, 799, 1, '1', 'Sara Begam', NULL, NULL, NULL, NULL, '2013-01-10 14:57:49', '2013-01-10 14:57:49'),
(5, 479, 1, '1', 'Sara Begam', NULL, NULL, NULL, NULL, '2013-01-10 15:33:27', '2013-01-10 15:33:27'),
(6, 478, 1, '1', 'Sara Begam', NULL, NULL, NULL, NULL, '2013-01-10 15:40:03', '2013-01-10 15:40:03'),
(7, 832, 1, '1', 'Sara Begam', NULL, NULL, NULL, NULL, '2013-01-10 15:53:06', '2013-01-10 15:53:06'),
(8, 834, 1, '1', 'Sara Begam', NULL, NULL, NULL, NULL, '2013-01-10 15:57:18', '2013-01-10 15:57:18'),
(9, 448, 1, '1', 'Sara Begam', NULL, NULL, NULL, NULL, '2013-01-11 08:49:47', '2013-01-11 08:49:47'),
(10, 244, 1, '1', 'Sara Begam', NULL, NULL, NULL, NULL, '2013-01-11 08:52:07', '2013-01-11 08:52:07'),
(11, 371, 1, '1', 'Sara Begam', NULL, NULL, NULL, NULL, '2013-01-11 08:53:23', '2013-01-11 08:53:23'),
(12, 447, 1, '1', 'Sara Begam', NULL, NULL, NULL, NULL, '2013-01-11 08:56:07', '2013-01-11 08:56:07'),
(13, 433, 1, '1', 'Sara Begam', NULL, NULL, NULL, NULL, '2013-01-11 08:56:55', '2013-01-11 08:56:55'),
(14, 96, 1, '1', 'Sara Begam', NULL, NULL, NULL, NULL, '2013-01-11 09:14:10', '2013-01-11 09:14:10'),
(15, 95, 1, '1', 'Sara Begam', NULL, NULL, NULL, NULL, '2013-01-11 09:16:50', '2013-01-11 09:16:50'),
(16, 835, 1, '1', 'Sara Begam', NULL, NULL, NULL, NULL, '2013-01-11 09:18:26', '2013-01-11 09:18:26'),
(17, 836, 1, '1', 'Sara Begam', NULL, NULL, NULL, NULL, '2013-01-11 09:19:45', '2013-01-11 09:19:45'),
(18, 837, 1, '1', 'Sara Begam', NULL, NULL, NULL, NULL, '2013-01-11 10:29:34', '2013-01-11 10:29:34'),
(19, 815, 1, '1', 'Sara Begam', NULL, NULL, NULL, NULL, '2013-01-12 05:07:11', '2013-01-12 05:07:11'),
(20, 838, 1, '1', 'Sara Begam', NULL, NULL, NULL, NULL, '2013-01-12 07:56:43', '2013-01-12 07:56:43'),
(21, 436, 1, '1', 'Sara Begam', NULL, NULL, NULL, NULL, '2013-01-12 14:56:54', '2013-01-12 14:56:54'),
(22, 839, 1, '1', 'Sara Begam', NULL, NULL, NULL, NULL, '2013-01-12 15:03:35', '2013-01-12 15:03:35'),
(23, 518, 1, '1', 'Sara Begam', NULL, NULL, NULL, NULL, '2013-01-15 08:31:20', '2013-01-15 08:31:20'),
(24, 840, 1, '1', 'Sara Begam', NULL, NULL, NULL, NULL, '2013-01-15 08:35:10', '2013-01-15 08:35:10'),
(25, 841, 1, '1', 'Sara Begam', NULL, NULL, NULL, NULL, '2013-01-15 08:54:30', '2013-01-15 08:54:30'),
(26, 498, 1, '1', 'Sara Begam', NULL, NULL, NULL, NULL, '2013-01-15 13:00:19', '2013-01-15 13:00:19'),
(27, 483, 1, '1', 'Sara Begam', NULL, NULL, NULL, NULL, '2013-01-15 13:01:19', '2013-01-15 13:01:19'),
(28, 842, 1, '1', 'Sara Begam', NULL, NULL, NULL, NULL, '2013-01-15 13:14:09', '2013-01-15 13:14:09'),
(29, 796, 1, '1', 'Sara Begam', NULL, NULL, NULL, NULL, '2013-01-16 09:01:28', '2013-01-16 09:01:28'),
(30, 843, 1, '1', 'Sara Begam', NULL, NULL, NULL, NULL, '2013-01-16 09:02:21', '2013-01-16 09:02:21'),
(31, 504, 1, '1', 'Sara Begam', NULL, NULL, NULL, NULL, '2013-01-16 09:03:19', '2013-01-16 09:03:19'),
(32, 303, 1, '1', 'Sara Begam', NULL, NULL, NULL, NULL, '2013-01-16 09:04:11', '2013-01-16 09:04:11'),
(33, 503, 1, '1', 'Sara Begam', NULL, NULL, NULL, NULL, '2013-01-16 09:09:12', '2013-01-16 09:09:12'),
(34, 844, 1, '1', 'Sara Begam', NULL, NULL, NULL, NULL, '2013-01-16 09:13:16', '2013-01-16 09:13:16'),
(35, 196, 1, '1', 'Sara Begam', NULL, NULL, NULL, NULL, '2013-01-16 09:53:53', '2013-01-16 09:53:53'),
(36, 845, 1, '1', 'Sara Begam', NULL, NULL, NULL, NULL, '2013-01-16 11:47:53', '2013-01-16 11:47:53'),
(37, 514, 1, '1', 'Sara Begam', NULL, NULL, NULL, NULL, '2013-01-16 15:25:11', '2013-01-16 15:25:11'),
(38, 846, 1, '1', 'Sara Begam', NULL, NULL, NULL, NULL, '2013-01-16 15:26:01', '2013-01-16 15:26:01'),
(39, 5, 1, '1', 'Sara Begam', NULL, NULL, NULL, NULL, '2013-01-16 15:26:53', '2013-01-16 15:26:53'),
(40, 831, 1, '1', 'Sara Begam', NULL, NULL, NULL, NULL, '2013-01-16 15:56:36', '2013-01-16 15:56:36'),
(41, 511, 1, '1', 'Sara Begam', NULL, NULL, NULL, NULL, '2013-01-16 15:59:36', '2013-01-16 15:59:36'),
(42, 437, 1, '1', 'Sara Begam', NULL, NULL, NULL, NULL, '2013-01-17 09:18:44', '2013-01-17 09:18:44'),
(43, 847, 1, '1', 'Sara Begam', NULL, NULL, NULL, NULL, '2013-01-17 09:20:48', '2013-01-17 09:20:48'),
(44, 848, 1, '1', 'Sara Begam', NULL, NULL, NULL, NULL, '2013-01-18 12:46:56', '2013-01-18 12:46:56');

-- --------------------------------------------------------

--
-- Table structure for table `schema_migrations`
--

CREATE TABLE IF NOT EXISTS `schema_migrations` (
  `version` varchar(255) COLLATE utf8_unicode_ci NOT NULL,
  UNIQUE KEY `unique_schema_migrations` (`version`)
) ENGINE=InnoDB DEFAULT CHARSET=utf8 COLLATE=utf8_unicode_ci;

--
-- Dumping data for table `schema_migrations`
--

INSERT INTO `schema_migrations` (`version`) VALUES
('20121214071728'),
('20121214072645'),
('20121214073103'),
('20121214122153'),
('20121217123641'),
('20121217132547'),
('20121218133450'),
('20121218134638'),
('20121218141517'),
('20121219091036'),
('20121220121302'),
('20121220132815'),
('20121225132053'),
('20121225132930'),
('20121226053341'),
('20121226054525'),
('20121226065642'),
('20121226074835'),
('20121226075029'),
('20121226075131'),
('20121226110410'),
('20121227061335'),
('20121227070103'),
('20121229073026'),
('20130102060850'),
('20130103095533'),
('20130104113136'),
('20130104124707'),
('20130104185856');

-- --------------------------------------------------------

--
-- Table structure for table `simple_captcha_data`
--

CREATE TABLE IF NOT EXISTS `simple_captcha_data` (
  `id` int(11) NOT NULL AUTO_INCREMENT,
  `key` varchar(40) DEFAULT NULL,
  `value` varchar(6) DEFAULT NULL,
  `created_at` datetime NOT NULL,
  `updated_at` datetime NOT NULL,
  PRIMARY KEY (`id`),
  KEY `idx_key` (`key`)
) ENGINE=InnoDB  DEFAULT CHARSET=latin1 AUTO_INCREMENT=14 ;

--
-- Dumping data for table `simple_captcha_data`
--

INSERT INTO `simple_captcha_data` (`id`, `key`, `value`, `created_at`, `updated_at`) VALUES
(10, 'f97135da4d469bfbd907a308fa8b749889319de4', 'ABNKVD', '2013-01-16 10:27:54', '2013-01-16 10:27:54'),
(11, '38bc07e86382e16b41bcefeb181296eb7bf531e4', 'WLQSCI', '2013-01-17 14:08:57', '2013-01-17 14:21:28'),
(12, 'df7877980d233afb8436a1d70e2bcfdd6f119f91', 'NXLLPJ', '2013-01-19 06:01:47', '2013-01-19 06:01:47'),
(13, 'c2839c0440dd80773c7803af7ff92f37b638a75a', 'DNMFQN', '2013-01-20 10:23:28', '2013-01-20 10:23:28');

-- --------------------------------------------------------

--
-- Table structure for table `specalities_masters`
--

CREATE TABLE IF NOT EXISTS `specalities_masters` (
  `id` int(11) NOT NULL AUTO_INCREMENT,
  `name` varchar(255) COLLATE utf8_unicode_ci DEFAULT NULL,
  `created_at` datetime NOT NULL,
  `updated_at` datetime NOT NULL,
  PRIMARY KEY (`id`)
) ENGINE=InnoDB  DEFAULT CHARSET=utf8 COLLATE=utf8_unicode_ci AUTO_INCREMENT=53 ;

--
-- Dumping data for table `specalities_masters`
--

INSERT INTO `specalities_masters` (`id`, `name`, `created_at`, `updated_at`) VALUES
(1, 'Acupressure Practitioner', '2012-12-01 00:00:00', '2012-12-01 00:00:00'),
(2, 'Acupuncture Practitioner', '2012-12-01 00:00:00', '2012-12-01 00:00:00'),
(3, 'Addiction Medicine Specialist', '2012-12-01 00:00:00', '2012-12-01 00:00:00'),
(4, 'Adolescent medicine Specialist(chil,teens and mental help)', '2012-12-01 00:00:00', '2012-12-01 00:00:00'),
(5, 'Allergist & Immunologist (Asthma Specialist)', '2012-12-01 00:00:00', '2012-12-01 00:00:00'),
(6, ' Anesthesiologist (Pain Control)', '2012-12-01 00:00:00', '2012-12-01 00:00:00'),
(7, ' Ayurvedic Physician', '2012-12-01 00:00:00', '2012-12-01 00:00:00'),
(8, ' Biomedical Specialist', '2012-12-01 00:00:00', '2012-12-01 00:00:00'),
(9, 'Cardiologist (Heart)', '2012-12-01 00:00:00', '2012-12-01 00:00:00'),
(10, 'Chiropractic Physician (Spione Care)', '2012-12-01 00:00:00', '2012-12-01 00:00:00'),
(11, 'Cosmetologist', '0000-00-00 00:00:00', '0000-00-00 00:00:00'),
(12, 'Dentist', '0000-00-00 00:00:00', '0000-00-00 00:00:00'),
(13, 'Dermatologist (Skin Disease)', '0000-00-00 00:00:00', '0000-00-00 00:00:00'),
(14, 'Dietitian & Nutrition', '0000-00-00 00:00:00', '0000-00-00 00:00:00'),
(15, 'Disaster Medicine Specialist', '0000-00-00 00:00:00', '0000-00-00 00:00:00'),
(16, 'Emergency Physician', '0000-00-00 00:00:00', '0000-00-00 00:00:00'),
(17, 'Endocrinologist (Diabetes, Thyroid & Other Hormones)', '0000-00-00 00:00:00', '0000-00-00 00:00:00'),
(18, 'Eye Care Specialist (Opthalmologist)', '0000-00-00 00:00:00', '0000-00-00 00:00:00'),
(19, 'Gastroentrologist & Hepatologist (Digestive & Liver)', '0000-00-00 00:00:00', '0000-00-00 00:00:00'),
(20, 'General Physician', '0000-00-00 00:00:00', '0000-00-00 00:00:00'),
(21, 'Geneticist', '0000-00-00 00:00:00', '0000-00-00 00:00:00'),
(22, 'Geriatrist', '0000-00-00 00:00:00', '0000-00-00 00:00:00'),
(23, 'Gynecologist & Obstetricians', '0000-00-00 00:00:00', '0000-00-00 00:00:00'),
(24, 'Hematologist', '0000-00-00 00:00:00', '0000-00-00 00:00:00'),
(25, ' HIV and AIDS Specialist', '0000-00-00 00:00:00', '0000-00-00 00:00:00'),
(26, 'Homeopathic Physician', '0000-00-00 00:00:00', '0000-00-00 00:00:00'),
(27, 'Infectious Disease Specialist', '0000-00-00 00:00:00', '0000-00-00 00:00:00'),
(28, 'Internal Medicine Specialist', '0000-00-00 00:00:00', '0000-00-00 00:00:00'),
(29, 'Naturopathy & Yoga Specialist', '0000-00-00 00:00:00', '0000-00-00 00:00:00'),
(30, 'Neurologist', '0000-00-00 00:00:00', '0000-00-00 00:00:00'),
(31, 'Nuclear Medicine Specialist', '0000-00-00 00:00:00', '0000-00-00 00:00:00'),
(32, 'Occupational Medicine Specialist', '0000-00-00 00:00:00', '0000-00-00 00:00:00'),
(33, 'Oncologist', '0000-00-00 00:00:00', '0000-00-00 00:00:00'),
(34, 'Orthopaedician', '0000-00-00 00:00:00', '0000-00-00 00:00:00'),
(35, 'Otolaryngologist', '0000-00-00 00:00:00', '0000-00-00 00:00:00'),
(36, 'Pathologist', '0000-00-00 00:00:00', '0000-00-00 00:00:00'),
(37, 'Pediatrician', '0000-00-00 00:00:00', '0000-00-00 00:00:00'),
(38, 'Physiotherapist', '0000-00-00 00:00:00', '0000-00-00 00:00:00'),
(39, 'Physiotherapist', '0000-00-00 00:00:00', '0000-00-00 00:00:00'),
(40, 'Preventive Medicine and Wellness Specialist', '0000-00-00 00:00:00', '0000-00-00 00:00:00'),
(41, 'Psychiatrist', '0000-00-00 00:00:00', '0000-00-00 00:00:00'),
(42, 'Psychologist', '0000-00-00 00:00:00', '0000-00-00 00:00:00'),
(43, 'Pulmonologist', '0000-00-00 00:00:00', '0000-00-00 00:00:00'),
(44, 'Radiologist', '0000-00-00 00:00:00', '0000-00-00 00:00:00'),
(45, 'Rheumatologist', '0000-00-00 00:00:00', '0000-00-00 00:00:00'),
(46, 'Sexologist', '0000-00-00 00:00:00', '0000-00-00 00:00:00'),
(47, 'Speech Therapist & Audiologist', '0000-00-00 00:00:00', '0000-00-00 00:00:00'),
(48, 'Sports Medicine Specialist', '0000-00-00 00:00:00', '0000-00-00 00:00:00'),
(49, 'Thermologist', '0000-00-00 00:00:00', '0000-00-00 00:00:00'),
(50, 'Unani Physician', '0000-00-00 00:00:00', '0000-00-00 00:00:00'),
(51, 'Urologist & Nephrologist', '0000-00-00 00:00:00', '0000-00-00 00:00:00'),
(52, 'Vascular Medicine Surgeon', '0000-00-00 00:00:00', '0000-00-00 00:00:00');

-- --------------------------------------------------------

--
-- Table structure for table `specalities_masters_specialities`
--

CREATE TABLE IF NOT EXISTS `specalities_masters_specialities` (
  `id` int(11) NOT NULL AUTO_INCREMENT,
  `speciality_id` int(11) DEFAULT NULL,
  `specalities_master_id` int(11) DEFAULT NULL,
  `created_at` datetime NOT NULL,
  `updated_at` datetime NOT NULL,
  PRIMARY KEY (`id`),
  KEY `index_specalities_masters_specialities_on_specility_id` (`speciality_id`),
  KEY `index_specalities_masters_specialities_on_specality_master_id` (`specalities_master_id`)
) ENGINE=InnoDB  DEFAULT CHARSET=utf8 COLLATE=utf8_unicode_ci AUTO_INCREMENT=14 ;

--
-- Dumping data for table `specalities_masters_specialities`
--

INSERT INTO `specalities_masters_specialities` (`id`, `speciality_id`, `specalities_master_id`, `created_at`, `updated_at`) VALUES
(1, 5, 1, '0000-00-00 00:00:00', '0000-00-00 00:00:00'),
(2, 5, 2, '0000-00-00 00:00:00', '0000-00-00 00:00:00'),
(3, 5, 3, '0000-00-00 00:00:00', '0000-00-00 00:00:00'),
(4, 5, 4, '0000-00-00 00:00:00', '0000-00-00 00:00:00'),
(5, 5, 5, '0000-00-00 00:00:00', '0000-00-00 00:00:00'),
(6, 5, 6, '0000-00-00 00:00:00', '0000-00-00 00:00:00'),
(7, 5, 7, '0000-00-00 00:00:00', '0000-00-00 00:00:00'),
(8, 6, 1, '0000-00-00 00:00:00', '0000-00-00 00:00:00'),
(9, 6, 2, '0000-00-00 00:00:00', '0000-00-00 00:00:00'),
(10, 6, 3, '0000-00-00 00:00:00', '0000-00-00 00:00:00'),
(11, 6, 4, '0000-00-00 00:00:00', '0000-00-00 00:00:00'),
(12, 6, 5, '0000-00-00 00:00:00', '0000-00-00 00:00:00'),
(13, 6, 6, '0000-00-00 00:00:00', '0000-00-00 00:00:00');

-- --------------------------------------------------------

--
-- Table structure for table `specialities`
--

CREATE TABLE IF NOT EXISTS `specialities` (
  `id` int(11) NOT NULL AUTO_INCREMENT,
  `specalities_master_id` int(11) DEFAULT NULL,
  `speciality_id` int(11) DEFAULT NULL,
  `speciality_type` varchar(255) COLLATE utf8_unicode_ci DEFAULT NULL,
  `created_at` datetime NOT NULL,
  `updated_at` datetime NOT NULL,
  PRIMARY KEY (`id`)
) ENGINE=InnoDB  DEFAULT CHARSET=utf8 COLLATE=utf8_unicode_ci AUTO_INCREMENT=7 ;

--
-- Dumping data for table `specialities`
--

INSERT INTO `specialities` (`id`, `specalities_master_id`, `speciality_id`, `speciality_type`, `created_at`, `updated_at`) VALUES
(1, 1, 1, 'Clinic', '2012-12-01 00:00:00', '2012-12-01 00:00:00'),
(2, 2, 1, 'Clinic', '2012-12-01 00:00:00', '2012-12-01 00:00:00'),
(3, 3, 1, 'Clinic', '2012-12-01 00:00:00', '2012-12-01 00:00:00'),
(4, 4, 1, 'Clinic', '2012-12-01 00:00:00', '2012-12-01 00:00:00'),
(5, NULL, NULL, NULL, '2012-12-29 07:38:16', '2012-12-29 07:38:16'),
(6, NULL, 1, 'clinic', '2012-12-29 07:44:08', '2012-12-29 07:44:08');

-- --------------------------------------------------------

--
-- Table structure for table `sudheers`
--

CREATE TABLE IF NOT EXISTS `sudheers` (
  `id` int(11) NOT NULL AUTO_INCREMENT,
  `name` varchar(255) COLLATE utf8_unicode_ci DEFAULT NULL,
  `address` varchar(255) COLLATE utf8_unicode_ci DEFAULT NULL,
  `email` varchar(255) COLLATE utf8_unicode_ci DEFAULT NULL,
  `phone` varchar(255) COLLATE utf8_unicode_ci DEFAULT NULL,
  `possible` tinyint(1) DEFAULT NULL,
  `created_at` datetime NOT NULL,
  `updated_at` datetime NOT NULL,
  PRIMARY KEY (`id`)
) ENGINE=InnoDB DEFAULT CHARSET=utf8 COLLATE=utf8_unicode_ci AUTO_INCREMENT=1 ;

-- --------------------------------------------------------

--
-- Table structure for table `tests`
--

CREATE TABLE IF NOT EXISTS `tests` (
  `id` int(11) NOT NULL AUTO_INCREMENT,
  `name` varchar(255) COLLATE utf8_unicode_ci DEFAULT NULL,
  `clinicbranch_id` int(11) DEFAULT NULL,
  `created_at` datetime NOT NULL,
  `updated_at` datetime NOT NULL,
  PRIMARY KEY (`id`),
  KEY `index_tests_on_clinicbranch_id` (`clinicbranch_id`)
) ENGINE=InnoDB DEFAULT CHARSET=utf8 COLLATE=utf8_unicode_ci AUTO_INCREMENT=1 ;

-- --------------------------------------------------------

--
-- Table structure for table `test_groups`
--

CREATE TABLE IF NOT EXISTS `test_groups` (
  `id` int(11) NOT NULL AUTO_INCREMENT,
  `branch_code` varchar(255) COLLATE utf8_unicode_ci DEFAULT NULL,
  `branch_location` varchar(255) COLLATE utf8_unicode_ci DEFAULT NULL,
  `discontinued` varchar(255) COLLATE utf8_unicode_ci DEFAULT NULL,
  `department` varchar(250) COLLATE utf8_unicode_ci NOT NULL,
  `group_id` varchar(255) COLLATE utf8_unicode_ci DEFAULT NULL,
  `group_name` varchar(255) COLLATE utf8_unicode_ci DEFAULT NULL,
  `created_at` datetime DEFAULT NULL,
  `updated_at` datetime DEFAULT NULL,
  PRIMARY KEY (`id`)
) ENGINE=InnoDB  DEFAULT CHARSET=utf8 COLLATE=utf8_unicode_ci AUTO_INCREMENT=31 ;

--
-- Dumping data for table `test_groups`
--

INSERT INTO `test_groups` (`id`, `branch_code`, `branch_location`, `discontinued`, `department`, `group_id`, `group_name`, `created_at`, `updated_at`) VALUES
(1, 'Nandi Diagnostics', 'Hyderabad', '0', '1', '1', 'HEMATOLOGY', '2012-09-26 06:09:03', '2012-09-26 06:09:03'),
(2, 'Nandi Diagnostics', 'Hyderabad', '0', '1', '2', 'BLOOD CLINICAL CHEMISTRY', '2012-09-26 06:09:35', '2012-09-26 06:09:35'),
(3, 'Nandi Diagnostics', 'Hyderabad', '0', '1', '3', 'SEROLOGY TESTS', '2012-09-26 06:09:48', '2012-09-26 06:09:48'),
(4, 'Nandi Diagnostics', 'Hyderabad', '0', '1', '4', 'TROCH TESTS', '2012-09-26 06:10:01', '2012-09-26 06:10:01'),
(5, 'Nandi Diagnostics', 'Hyderabad', '0', '1', '5', 'MICROBIOLOGY', '2012-09-26 06:10:21', '2012-09-26 06:10:21'),
(6, 'Nandi Diagnostics', 'Hyderabad', '0', '1', '6', 'ELECTROPHORESIS', '2012-09-26 06:10:53', '2012-09-26 06:10:53'),
(7, 'Nandi Diagnostics', 'Hyderabad', '0', '1', '7', 'ENDOCRINOLOGY', '2012-09-26 06:11:23', '2012-09-26 06:11:23'),
(8, 'Nandi Diagnostics', 'Hyderabad', '0', '1', '8', 'IMMUNOLOGY', '2012-09-26 06:11:37', '2012-09-26 06:11:37'),
(9, 'Nandi Diagnostics', 'Hyderabad', '0', '1', '9', 'PATHOLOGY', '2012-09-26 06:11:47', '2012-09-26 06:11:47'),
(10, 'Nandi Diagnostics', 'Hyderabad', '0', '1', '10', 'PARASYTOLOGY', '2012-09-26 06:11:58', '2012-09-26 06:11:58'),
(11, 'Nandi Diagnostics', 'Hyderabad', '0', '1', '11', 'HIV', '2012-09-26 06:12:04', '2012-09-26 06:12:04'),
(12, 'Nandi Diagnostics', 'Hyderabad', '0', '1', '12', 'MOLECULAR BIOLOGY(PCR)', '2012-09-26 06:13:03', '2012-09-26 06:13:03'),
(13, 'Nandi Diagnostics', 'Hyderabad', '0', '1', '13', 'DRUG OF ABUSE', '2012-09-26 06:13:18', '2012-09-26 06:13:18'),
(14, 'Nandi Diagnostics', 'Hyderabad', '0', '1', '14', 'TUMAR MARKERS', '2012-09-26 06:13:41', '2012-09-26 06:13:41'),
(15, 'Nandi Diagnostics', 'Hyderabad', '0', '1', '15', 'DRUG MONITORING', '2012-09-26 06:13:59', '2012-09-26 06:13:59'),
(16, 'Nandi Diagnostics', 'Hyderabad', '0', '1', '16', 'HEPATITIS MARKERS', '2012-09-26 06:14:18', '2012-09-26 06:14:18'),
(17, 'Nandi Diagnostics', 'Hyderabad', '0', '1', '17', 'AIDS II', '2012-09-26 06:14:34', '2012-11-21 10:45:35'),
(18, 'Nandi Diagnostics', 'Hyderabad', '0', '2', '18', 'VITAMEINES', '2012-09-26 06:15:04', '2012-10-04 10:09:23'),
(19, 'Nandi Diagnostics', 'Hyderabad', '0', '2', '19', 'CT SCAN', '2012-11-17 05:06:19', '2012-11-17 05:06:19'),
(20, 'Nandi Diagnostics', 'Hyderabad', '0', '2', '20', 'X - RAY', '2012-11-17 11:07:22', '2012-11-17 11:07:22'),
(21, 'Nandi Diagnostics', 'Hyderabad', '0', '1', '21', 'COLOR DOPPLER & ULTRA SOUND', '2012-11-17 12:04:10', '2012-12-22 13:53:35'),
(22, 'Nandi Diagnostics', 'Hyderabad', '0', '2', '22', 'MRI', '2012-11-17 13:24:26', '2012-11-17 13:24:26'),
(23, 'Nandi Diagnostics', 'Hyderabad', '0', '1', '23', 'DFDFF', '2012-12-03 06:17:59', '2012-12-03 06:17:59'),
(24, 'Nandi Diagnostics', 'Hyderabad', '0', '1', '24', 'QWER', '2012-12-10 13:07:47', '2012-12-10 13:07:47'),
(25, 'Nandi Diagnostics', 'Hyderabad', '0', '1', '25', 'BLOOD', '2012-12-12 10:39:36', '2012-12-12 10:39:36'),
(28, 'Nandi Diagnostics', 'Hyderabad', '0', '1', '26', 'BIOCHEMISTRY', '2012-12-21 06:42:13', '2012-12-21 06:42:13'),
(30, 'Nandi Diagnostics', 'Hyderabad', '0', '1', '27', 'HISTOPATHOLOGY', '2012-12-24 15:30:46', '2012-12-24 15:30:46');

-- --------------------------------------------------------

--
-- Table structure for table `test_masters`
--

CREATE TABLE IF NOT EXISTS `test_masters` (
  `id` int(11) NOT NULL AUTO_INCREMENT,
  `branch_code` varchar(255) COLLATE utf8_unicode_ci DEFAULT NULL,
  `branch_location` varchar(255) COLLATE utf8_unicode_ci DEFAULT NULL,
  `discontinued` varchar(255) COLLATE utf8_unicode_ci DEFAULT NULL,
  `test_group_id` int(11) NOT NULL,
  `test_sub_group_id` int(11) NOT NULL,
  `test_id` varchar(250) COLLATE utf8_unicode_ci NOT NULL,
  `test_name` varchar(255) COLLATE utf8_unicode_ci DEFAULT NULL,
  `specimen` text COLLATE utf8_unicode_ci,
  `report_collection_days` varchar(250) COLLATE utf8_unicode_ci DEFAULT NULL,
  `report_collection_time` varchar(250) COLLATE utf8_unicode_ci DEFAULT NULL,
  `investigation_text_details` text COLLATE utf8_unicode_ci,
  `temp` varchar(250) COLLATE utf8_unicode_ci NOT NULL,
  `frequency` varchar(250) COLLATE utf8_unicode_ci NOT NULL,
  `method` varchar(250) COLLATE utf8_unicode_ci DEFAULT NULL,
  `created_at` datetime DEFAULT NULL,
  `updated_at` datetime DEFAULT NULL,
  `compltn_time` int(11) DEFAULT NULL,
  `compltn_type` varchar(255) COLLATE utf8_unicode_ci DEFAULT NULL,
  `method2` varchar(255) COLLATE utf8_unicode_ci DEFAULT NULL,
  `method3` varchar(255) COLLATE utf8_unicode_ci DEFAULT NULL,
  `disclaim` varchar(255) COLLATE utf8_unicode_ci DEFAULT NULL,
  PRIMARY KEY (`id`),
  KEY `branch_code` (`branch_code`,`branch_location`)
) ENGINE=InnoDB  DEFAULT CHARSET=utf8 COLLATE=utf8_unicode_ci AUTO_INCREMENT=851 ;

--
-- Dumping data for table `test_masters`
--

INSERT INTO `test_masters` (`id`, `branch_code`, `branch_location`, `discontinued`, `test_group_id`, `test_sub_group_id`, `test_id`, `test_name`, `specimen`, `report_collection_days`, `report_collection_time`, `investigation_text_details`, `temp`, `frequency`, `method`, `created_at`, `updated_at`, `compltn_time`, `compltn_type`, `method2`, `method3`, `disclaim`) VALUES
(16, 'Nandi Diagnostics', 'Hyderabad', '0', 28, 15, '1', '5-dihydrotesterone', 'Serum', '48 HRS', '', '', 'R', '2,5', 'ELISA', '2012-11-07 11:01:37', '2012-12-24 14:02:05', NULL, 'Days', '', '', ''),
(17, 'Nandi Diagnostics', 'Hyderabad', '0', 1, 1, '2', '5-hydroxy acetic acid', 'Urine 24hrs', '0', NULL, '', 'A/R', '2,5', 'Chromatography', '2012-11-07 11:08:36', '2012-11-07 11:08:36', NULL, NULL, NULL, NULL, NULL),
(18, 'Nandi Diagnostics', 'Hyderabad', '0', 1, 1, '3', '17-ketosteriods', 'Urine 24hrs', '0', NULL, '', 'A/R', '2,5', 'Chromatography', '2012-11-07 11:12:38', '2012-11-07 11:12:38', NULL, NULL, NULL, NULL, NULL),
(19, 'Nandi Diagnostics', 'Hyderabad', '0', 1, 1, '4', '24 hrs urinary cortisol/ creatinine ratic', 'Urine 24hrs', '0', NULL, '', 'A/R', 'Daily', 'Spectrophotometry', '2012-11-07 11:15:20', '2012-11-07 11:15:20', NULL, NULL, NULL, NULL, NULL),
(20, 'Nandi Diagnostics', 'Hyderabad', '0', 28, 15, '5', '25 - Hydroxy Vitamin D3', 'Serum', 'Same Days', '48 Hrs', 'Vitamin D is a fat-solubie sterid hormone precursor that is mainly produced in the skin by exposure to sunlight or it is supplied via dietary sources(mainly egg yolk,fish oil and plants). Vitamin D is biologically inert and must dihydroxylate in position 25 forming 25-OH vitamin D. 25-OH vitamin Dis the metabolite that should be measured in blood to determine the overall vitamin D status because it is the major storage from of vitamin D in the human body. this primary circulating from of vitamin D is biologically inactive with ievels approximately 1000-fold greater than the circlating 1,25(OH)2vitamin D.The half life of circulating 25-OH vitamin D is 2-3 weeks.More than 95% of 25-OH vitamin D,measuarable in serum,is 25-OH vitamin D3 whereas 25-OH vitamin D2 reaches measurable levels only in patients taking vitamin D2 supplements. Vitamin D deficiency is a common cause of secondary hyperparathroidism.Elevations of PTH levels, especially in elderly vitamin Ddeficient adults can result in osteomalacia,increased bone turnover,reduced bone mass and risk of bone fractures. Low 25-OH vitamin D concentrations are also associated with lower bone mineral density. In conjuction with other clinical data, the result may be used as an aid in the assessment of bone metabolism. The Roche Coabs Vitamin D3(25-OH)assay employs a polyclonal antibody directed against vitamin D3.\r\n\r\nNOTE:-Clinical diagnosis should not be made on the findings of a single test result,but should integer both clinical and laboratory data.', 'R/F', '2,5', 'CLIA', '2012-11-07 11:17:42', '2013-01-18 12:15:58', 1, 'Days', '', '', ''),
(21, 'Nandi Diagnostics', 'Hyderabad', '0', 28, 15, '6', '17 - alpha hydroxy progesterone (17- ohp)', 'Serum', 'Next Days', 'Next Days', '', 'A', '2,4', 'R.I.A', '2012-11-07 11:21:54', '2013-01-10 13:31:02', 1, 'Days', '', '', ''),
(22, 'Nandi Diagnostics', 'Hyderabad', '0', 1, 1, '7', 'Absolute lymphocyte count', 'WB - EDTA', '0', NULL, '', 'A', 'Daily', 'cell Counter / Microscopy', '2012-11-07 11:23:54', '2012-11-07 11:23:54', NULL, NULL, NULL, NULL, NULL),
(23, 'Nandi Diagnostics', 'Hyderabad', '0', 1, 1, '8', 'Absolute Neutrophil count', 'WB - EDTA', '0', NULL, '', 'A', 'Daily', 'cell Counter / Microscopy', '2012-11-07 11:25:39', '2012-11-07 14:18:15', NULL, NULL, NULL, NULL, NULL),
(24, 'Nandi Diagnostics', 'Hyderabad', '0', 1, 1, '9', 'Absolute esonophil count', 'WB - EDTA', '0', NULL, '', 'A', 'Daily', 'cell Counter / Microscopy', '2012-11-07 11:27:59', '2012-11-07 11:27:59', NULL, NULL, NULL, NULL, NULL),
(25, 'Nandi Diagnostics', 'Hyderabad', '0', 1, 1, '10', 'Acid fast suspectibility - 10 drugs', 'Mycobacterium Positive Culture', '2 Weeks', NULL, '', 'R', 'Daily', 'Bactec MGIT', '2012-11-07 11:30:30', '2012-11-07 11:30:30', NULL, NULL, NULL, NULL, NULL),
(26, 'Nandi Diagnostics', 'Hyderabad', '0', 1, 1, '11', 'Acid fast suspectibility - 10', 'Mycobacterium Positive Culture', '4 Weeks', NULL, '', 'R', 'Daily', 'L - J Method', '2012-11-07 11:34:04', '2012-11-07 11:34:04', NULL, NULL, NULL, NULL, NULL),
(27, 'Nandi Diagnostics', 'Hyderabad', '0', 1, 1, '12', 'Acid fast suspectibility - 5 drugs', 'Mycobacterium Positive Culture', '2 Weeks', NULL, '', 'R', 'Daily', 'Bactec MGIT', '2012-11-07 11:36:18', '2012-11-07 11:36:18', NULL, NULL, NULL, NULL, NULL),
(28, 'Nandi Diagnostics', 'Hyderabad', '0', 1, 1, '13', 'Acid fast suspecibility - 5 drugs', 'Mycobacterium Positive Culture', '4 Weeks', NULL, '', 'R', 'Daily', 'L-J Method ', '2012-11-07 11:39:29', '2012-11-07 11:39:29', NULL, NULL, NULL, NULL, NULL),
(29, 'Nandi Diagnostics', 'Hyderabad', '0', 1, 1, '14', 'Acid phosphatase - prostatic (pap)', 'Serum', '0', NULL, '', 'R/F', 'Daily', 'spectrophtomery', '2012-11-07 11:41:27', '2012-11-07 11:41:27', NULL, NULL, NULL, NULL, NULL),
(30, 'Nandi Diagnostics', 'Hyderabad', '0', 1, 1, '15', 'Acid phosphatase - total', 'Serum', '0', NULL, '', 'R/F', 'Daily', 'spectrophtomery', '2012-11-07 11:42:45', '2012-11-07 11:42:45', NULL, NULL, NULL, NULL, NULL),
(31, 'Nandi Diagnostics', 'Hyderabad', '0', 1, 11, '16', 'Activated partial thromboplastin time (appt/pttk)', 'citrated Plasma', '0', '', '', 'F', 'Daily', 'clotting', '2012-11-07 11:46:41', '2012-12-03 06:36:03', NULL, NULL, NULL, NULL, NULL),
(32, 'Nandi Diagnostics', 'Hyderabad', '0', 1, 1, '17', 'Acetyl chloine receptor antibody', 'Serum', '0', NULL, '', 'A/R', '2,5', 'RIA', '2012-11-07 11:55:23', '2012-11-07 11:55:23', NULL, NULL, NULL, NULL, NULL),
(33, 'Nandi Diagnostics', 'Hyderabad', '0', 1, 1, '18', 'Adenosine deaminase(ada)', 'Serum', '0', NULL, '', 'R/F', 'Daily', 'Spectrophtometry', '2012-11-07 11:56:59', '2012-11-07 11:56:59', NULL, NULL, NULL, NULL, NULL),
(34, 'Nandi Diagnostics', 'Hyderabad', '0', 1, 1, '19', 'Adenosine deaminase(ada)', 'CSF', '0', NULL, '', 'R/F', 'Daily', 'spectrophtometry', '2012-11-07 11:59:24', '2012-11-07 11:59:24', NULL, NULL, NULL, NULL, NULL),
(35, 'Nandi Diagnostics', 'Hyderabad', '0', 1, 1, '20', 'Adenosine deaminase(ada)', 'Pleural fluid', '0', NULL, '', 'R/F', 'Daily', 'Spectrophtomery', '2012-11-07 12:01:42', '2012-11-07 12:01:42', NULL, NULL, NULL, NULL, NULL),
(36, 'Nandi Diagnostics', 'Hyderabad', '0', 1, 11, '21', 'Ascitic Fluid Adenosine Deaminase(ADA)', 'Ascitic Fluid', 'SAME DAY', 'SAME DAY', '', 'R/F', 'Daily', 'Spectrophtometry', '2012-11-07 12:03:38', '2013-01-16 15:52:18', 1, 'Days', '', '', ''),
(37, 'Nandi Diagnostics', 'Hyderabad', '0', 3, 3, '22', 'Pericardial fluid Adenosine Deaminase(ADA)', 'Pericardial fiuld', 'SAME DAY', 'SAME DAY', '', 'R/F', 'Daily', 'Spectrophtometry', '2012-11-07 12:21:19', '2013-01-16 15:50:39', 1, 'Days', '', '', ''),
(38, 'Nandi Diagnostics', 'Hyderabad', '0', 3, 3, '23', 'PLEURAL FLUID Adenosine Deaminase(ADA)', 'PLEURAL FLUID', 'SAME DAY', 'SAME DAY', '', 'A/R', 'Daily', 'Spectrophtometry', '2012-11-07 12:22:59', '2013-01-16 15:46:46', 1, 'Days', '', '', ''),
(39, 'Nandi Diagnostics', 'Hyderabad', '0', 1, 1, '24', 'Adreno corticotrophic hormone(acth)', 'Plasma-EDTA  ', '0', NULL, '', 'F', 'Daily', 'Chemiluminescence ', '2012-11-07 12:24:25', '2012-11-07 12:24:25', NULL, NULL, NULL, NULL, NULL),
(40, 'Nandi Diagnostics', 'Hyderabad', '0', 1, 1, '25', 'Afb culture', 'Body fluids/CSF/ Sputum/Urine  ', '4 Weeks', NULL, '', 'A', 'Daily', 'Bactec MGIT ', '2012-11-07 12:25:52', '2012-11-07 12:25:52', NULL, NULL, NULL, NULL, NULL),
(41, 'Nandi Diagnostics', 'Hyderabad', '0', 1, 1, '26', 'Afb culture', 'Body fluids/CSF/Sputum/Urine  ', '6 Weeks', NULL, '', 'A', 'Daily', 'L-J Method ', '2012-11-07 12:27:29', '2012-11-07 12:27:29', NULL, NULL, NULL, NULL, NULL),
(42, 'Nandi Diagnostics', 'Hyderabad', '0', 1, 1, '27', 'Alanine transaminase (alt/sgpt)', 'Serum ', '0', NULL, '', 'A/R', 'Daily', 'spectrophtometry ', '2012-11-07 12:29:18', '2012-11-07 12:29:18', NULL, NULL, NULL, NULL, NULL),
(43, 'Nandi Diagnostics', 'Hyderabad', '0', 1, 1, '28', 'Albumin', 'Serum  ', '0', NULL, '', 'A/R', 'Daily', 'spectrophtometry ', '2012-11-07 12:30:23', '2012-11-07 12:30:23', NULL, NULL, NULL, NULL, NULL),
(44, 'Nandi Diagnostics', 'Hyderabad', '0', 1, 1, '29', 'Albumin/crearinine ratio', 'urine  ', '0', NULL, '', 'A', 'Daily', 'spectrophtometry ', '2012-11-07 12:31:34', '2012-11-07 12:31:34', NULL, NULL, NULL, NULL, NULL),
(45, 'Nandi Diagnostics', 'Hyderabad', '0', 1, 1, '30', 'Alcohol', 'Serum  ', '0', NULL, '', 'R/F', 'Daily', 'spectrophtometry ', '2012-11-07 12:32:50', '2012-11-07 12:32:50', NULL, NULL, NULL, NULL, NULL),
(46, 'Nandi Diagnostics', 'Hyderabad', '0', 1, 1, '31', 'Alcohol', 'Urine Random  ', '0', NULL, '', 'R/F', 'Daily', 'spectrophtometry ', '2012-11-07 12:34:02', '2012-11-07 12:34:02', NULL, NULL, NULL, NULL, NULL),
(47, 'Nandi Diagnostics', 'Hyderabad', '0', 1, 1, '32', 'Aldolase', 'Serum  ', '0', NULL, '', 'R/F', 'Daily', 'spectrophtometry ', '2012-11-07 12:34:56', '2012-11-07 12:34:56', NULL, NULL, NULL, NULL, NULL),
(48, 'Nandi Diagnostics', 'Hyderabad', '0', 1, 1, '33', 'Aldosterone', 'Serum  ', '0', NULL, '', 'F', '1,3,6', 'ELISA ', '2012-11-07 12:36:24', '2012-11-07 12:36:24', NULL, NULL, NULL, NULL, NULL),
(49, 'Nandi Diagnostics', 'Hyderabad', '0', 1, 1, '34', 'Alkaline phosphatase (alp)', 'Serum  ', '0', NULL, '', 'A/R', 'Daily', 'spectrophtometry ', '2012-11-07 12:37:34', '2012-11-07 12:37:34', NULL, NULL, NULL, NULL, NULL),
(50, 'Nandi Diagnostics', 'Hyderabad', '0', 1, 1, '35', 'Allergy - food (vegetarian)', 'Serum  ', '0', NULL, '', 'A/R', '2,5', 'Immunocap ', '2012-11-07 12:38:50', '2012-11-07 12:38:50', NULL, NULL, NULL, NULL, NULL),
(51, 'Nandi Diagnostics', 'Hyderabad', '0', 1, 1, '36', 'Allergy - food                                                              (non-vegetarian only)', 'Serum  ', '0', NULL, '', 'A/R', '2,5', 'Immunocap ', '2012-11-07 12:40:12', '2012-11-07 12:40:12', NULL, NULL, NULL, NULL, NULL),
(52, 'Nandi Diagnostics', 'Hyderabad', '0', 1, 1, '37', 'Allergy -lnhalants', 'Serum  ', '0', NULL, '', 'A/R', '2,5', 'Immunocap ', '2012-11-07 12:46:29', '2012-11-07 12:46:29', NULL, NULL, NULL, NULL, NULL),
(53, 'Nandi Diagnostics', 'Hyderabad', '0', 1, 1, '38', 'Allergy - drug', 'Serum  ', '0', NULL, '', 'A', '2,5', 'Immunocap ', '2012-11-07 12:47:37', '2012-11-07 12:47:37', NULL, NULL, NULL, NULL, NULL),
(54, 'Nandi Diagnostics', 'Hyderabad', '0', 1, 1, '39', 'Alpha feto protein (afp)', 'Serum  ', '0', NULL, '', 'A/R', 'Daily', 'Chemiluminescence ', '2012-11-07 12:49:13', '2012-11-07 12:49:13', NULL, NULL, NULL, NULL, NULL),
(55, 'Nandi Diagnostics', 'Hyderabad', '0', 1, 1, '40', 'Alpha feto protein (afp)', 'Amniotic Fluid  ', '0', NULL, '', 'R/F', 'Daily', 'Chemiluminescence ', '2012-11-07 12:50:13', '2012-11-07 12:50:13', NULL, NULL, NULL, NULL, NULL),
(56, 'Nandi Diagnostics', 'Hyderabad', '0', 1, 1, '41', 'Alpha-1 antitrypsin (aat)', 'Serum  ', '0', NULL, '', 'A/R', 'Daily', 'Nephlometry ', '2012-11-07 12:51:20', '2012-11-07 12:51:20', NULL, NULL, NULL, NULL, NULL),
(57, 'Nandi Diagnostics', 'Hyderabad', '0', 1, 1, '42', 'Aluminium', 'Serum/EDTA/Plasma  ', '72 hrs', NULL, '', 'A', 'Daily', 'AAS ', '2012-11-07 12:52:37', '2012-11-07 12:52:37', NULL, NULL, NULL, NULL, NULL),
(58, 'Nandi Diagnostics', 'Hyderabad', '0', 1, 1, '43', 'Albert stain (diptheria bacilli)', 'Throat Swab ', '0', NULL, '', 'A/R', 'Daily', 'Microscopy ', '2012-11-07 12:53:44', '2012-11-07 12:53:44', NULL, NULL, NULL, NULL, NULL),
(59, 'Nandi Diagnostics', 'Hyderabad', '0', 1, 1, '44', 'aminolevulinic acid (ala)', 'Urine (24 Hrs) ', '0', NULL, '', 'A/R', '3,6', 'Chromatography ', '2012-11-07 12:55:35', '2012-11-07 12:55:35', NULL, NULL, NULL, NULL, NULL),
(60, 'Nandi Diagnostics', 'Hyderabad', '0', 1, 1, '45', 'Ammonia', 'Plasma - Na. Heparin  ', '0', NULL, '', 'F', 'Daily', 'spectrophtometry ', '2012-11-07 12:58:37', '2012-11-07 12:58:37', NULL, NULL, NULL, NULL, NULL),
(61, 'Nandi Diagnostics', 'Hyderabad', '0', 1, 1, '46', 'Amphetamine', 'Urine ', '0', NULL, '', 'A/R', '3,6', 'Immuno Chromatography ', '2012-11-07 13:00:06', '2012-11-07 13:00:06', NULL, NULL, NULL, NULL, NULL),
(62, 'Nandi Diagnostics', 'Hyderabad', '0', 1, 1, '47', 'Amylase', 'Serum ', '0', NULL, '', 'A/R', 'Daily', 'spectrophtometry ', '2012-11-07 13:01:22', '2012-11-07 13:01:22', NULL, NULL, NULL, NULL, NULL),
(63, 'Nandi Diagnostics', 'Hyderabad', '0', 1, 1, '48', 'Amylase', 'Urine ', '0', NULL, '', 'A/R', 'Daily', 'spectrophtometry ', '2012-11-07 13:03:36', '2012-11-07 13:03:36', NULL, NULL, NULL, NULL, NULL),
(64, 'Nandi Diagnostics', 'Hyderabad', '0', 1, 1, '49', 'Amylase', 'Body Fluids ', '0', NULL, '', 'A/R', 'Daily', 'spectrophtometry ', '2012-11-07 13:05:15', '2012-11-07 13:05:15', NULL, NULL, NULL, NULL, NULL),
(65, 'Nandi Diagnostics', 'Hyderabad', '0', 1, 1, '50', 'Anaerobic stool culture', 'Stool in Sterile Transport Medium ', '72 hrs', NULL, '', 'A', 'Daily', 'Anaerobic Culture ', '2012-11-07 13:06:19', '2012-11-07 13:06:19', NULL, NULL, NULL, NULL, NULL),
(66, 'Nandi Diagnostics', 'Hyderabad', '0', 1, 1, '51', 'Anaerobic blood culture', 'Blood - Na.Heparin  ', '72 hrs', NULL, '', 'A', 'Daily', 'Anaerobic Culture ', '2012-11-07 13:07:19', '2012-11-07 13:07:19', NULL, NULL, NULL, NULL, NULL),
(67, 'Nandi Diagnostics', 'Hyderabad', '0', 1, 1, '52', 'Anaerobic pus/ body fluids culture', 'Pus / Body Fluids In Sterile   Transport Medium ', '72 hrs', NULL, '', 'A', 'Daily', 'Anaerobic Culture ', '2012-11-07 13:09:30', '2012-11-07 13:09:30', NULL, NULL, NULL, NULL, NULL),
(68, 'Nandi Diagnostics', 'Hyderabad', '0', 1, 1, '53', 'Anaerobic swab culture', 'Swab in Sterile Transport Medium ', '72 hrs', NULL, '', 'A', 'Daily', 'Anaerobic Culture ', '2012-11-07 13:11:16', '2012-11-07 13:11:16', NULL, NULL, NULL, NULL, NULL),
(69, 'Nandi Diagnostics', 'Hyderabad', '0', 1, 1, '54', 'Anca - myeloperoxidase             (p - anca)', 'Serum ', '0', NULL, '', 'A', 'Daily', 'ELISA ', '2012-11-07 13:13:07', '2012-11-07 13:13:07', NULL, NULL, NULL, NULL, NULL),
(70, 'Nandi Diagnostics', 'Hyderabad', '0', 1, 1, '55', 'Anca - serine proteinase 3         (c - anca)', 'Serum ', '0', NULL, '', 'A', 'Daily', 'ELISA ', '2012-11-07 13:13:56', '2012-11-07 13:13:56', NULL, NULL, NULL, NULL, NULL),
(71, 'Nandi Diagnostics', 'Hyderabad', '0', 1, 1, '56', 'Androstenedione (a4)', 'Serum ', '0', NULL, '', 'A/R', 'Daily', 'Chemiluminescence ', '2012-11-07 13:15:04', '2012-11-07 13:15:04', NULL, NULL, NULL, NULL, NULL),
(72, 'Nandi Diagnostics', 'Hyderabad', '0', 1, 1, '57', 'Angiotensin converting enzyme (ace)', 'Serum ', '0', NULL, '', 'A', 'Daily', 'spectrophtometry ', '2012-11-07 13:16:21', '2012-11-07 13:16:21', NULL, NULL, NULL, NULL, NULL),
(73, 'Nandi Diagnostics', 'Hyderabad', '0', 1, 1, '58', 'Anti cyclic citrullinated peptide antibody (ccp)', 'Serum ', '0', NULL, '', 'A', '3,6', 'ELISA ', '2012-11-07 13:18:12', '2012-11-07 13:18:12', NULL, NULL, NULL, NULL, NULL),
(74, 'Nandi Diagnostics', 'Hyderabad', '0', 1, 1, '59', 'Anti cysticercosis (igg) antibody', 'Serum ', '0', NULL, '', 'A', '1,5', 'ELISA ', '2012-11-07 13:19:12', '2012-11-07 13:19:12', NULL, NULL, NULL, NULL, NULL),
(75, 'Nandi Diagnostics', 'Hyderabad', '0', 1, 1, '60', 'Anti ds - dna antibody titre', 'Serum ', '0', NULL, '', 'A', '1,3,6', 'IFA ', '2012-11-07 13:20:37', '2012-11-07 13:20:37', NULL, NULL, NULL, NULL, NULL),
(76, 'Nandi Diagnostics', 'Hyderabad', '0', 1, 1, '61', 'Anti ds - dna antibody', 'Serum ', '0', NULL, '', 'A', 'Daily', 'ELISA ', '2012-11-07 13:22:58', '2012-11-07 13:22:58', NULL, NULL, NULL, NULL, NULL),
(77, 'Nandi Diagnostics', 'Hyderabad', '0', 1, 1, '62', 'Anti ds - dna antibody', 'Serum ', '0', NULL, '', 'A', '1,3,6', 'IFA ', '2012-11-07 13:24:40', '2012-11-07 13:24:40', NULL, NULL, NULL, NULL, NULL),
(78, 'Nandi Diagnostics', 'Hyderabad', '0', 1, 11, '63', 'Anti microsomal / thryropeoxidase anti body (ama/anti tpo)', 'Serum ', 'Same Day', 'Same Day', '', 'A/R', 'Daily', 'Chemiluminescence ', '2012-11-07 13:26:49', '2013-01-15 12:53:53', 1, 'Days', '', '', ''),
(79, 'Nandi Diagnostics', 'Hyderabad', '0', 1, 1, '64', 'Anti mitochondrial antibody', 'Serum ', '0', NULL, '', 'A', 'Daily', 'ELISA ', '2012-11-07 13:28:10', '2012-11-07 13:28:10', NULL, NULL, NULL, NULL, NULL),
(80, 'Nandi Diagnostics', 'Hyderabad', '0', 1, 1, '65', 'Anti mitochondrial antibody', 'Serum ', '0', NULL, '', 'A', '1,3,6', 'IFA ', '2012-11-07 13:29:38', '2012-11-07 13:29:38', NULL, NULL, NULL, NULL, NULL),
(81, 'Nandi Diagnostics', 'Hyderabad', '0', 1, 1, '66', 'Anti mullerian anty bodies', 'Serum ', '0', NULL, '', 'A/R', '2,5', 'Chemiluminescence ', '2012-11-07 13:31:05', '2012-11-07 13:31:05', NULL, NULL, NULL, NULL, NULL),
(82, 'Nandi Diagnostics', 'Hyderabad', '0', 1, 1, '67', 'Anti ss - a antibody', 'Serum ', '0', NULL, '', 'A/R', '1,3,6', 'ELISA ', '2012-11-07 13:32:37', '2012-11-07 13:32:37', NULL, NULL, NULL, NULL, NULL),
(83, 'Nandi Diagnostics', 'Hyderabad', '0', 1, 1, '68', 'Anti ss - b antibody', 'Serum ', '0', NULL, '', 'A/R', '1,3,6', 'ELISA ', '2012-11-07 13:33:47', '2012-11-07 13:33:47', NULL, NULL, NULL, NULL, NULL),
(84, 'Nandi Diagnostics', 'Hyderabad', '0', 1, 1, '69', 'Anti jo - i antibody', 'Serum ', '0', NULL, '', 'A/R', '1,3,6', 'ELISA ', '2012-11-07 13:36:19', '2012-11-07 13:36:19', NULL, NULL, NULL, NULL, NULL),
(85, 'Nandi Diagnostics', 'Hyderabad', '0', 1, 1, '70', 'Anti neutrophilic cytoplasmic antibody (anca)', 'Serum ', '0', NULL, '', 'A', '1,3,6', 'IFA ', '2012-11-07 13:37:54', '2012-11-07 13:37:54', NULL, NULL, NULL, NULL, NULL),
(86, 'Nandi Diagnostics', 'Hyderabad', '0', 1, 1, '71', 'Anti neutrophilic cytoplasmic antibody (anca) titer', 'Serum ', '0', NULL, '', 'A', '1,3,6', 'IFA ', '2012-11-07 13:40:21', '2012-11-07 13:40:21', NULL, NULL, NULL, NULL, NULL),
(87, 'Nandi Diagnostics', 'Hyderabad', '0', 1, 11, '72', 'Anti Nuclear Antibody (ANA)', 'Serum ', 'SAME DAY', 'SAME DAY', '', 'A/R', 'Daily', 'ELISA ', '2012-11-07 13:41:50', '2013-01-16 15:36:59', 1, 'Days', '', '', ''),
(88, 'Nandi Diagnostics', 'Hyderabad', '0', 1, 1, '73', 'Anti nuclear antibody (ana)', 'Serum ', '0', NULL, '', 'A', '1,3,6', 'IFA ', '2012-11-07 13:43:36', '2012-11-07 13:43:36', NULL, NULL, NULL, NULL, NULL),
(89, 'Nandi Diagnostics', 'Hyderabad', '0', 1, 1, '74', 'Anti nuclear antibody                     (ana) titer', 'Serum ', '0', NULL, '', 'A', '1,3,6', 'IFA ', '2012-11-07 13:44:49', '2012-11-07 13:44:49', NULL, NULL, NULL, NULL, NULL),
(90, 'Nandi Diagnostics', 'Hyderabad', '0', 1, 1, '75', 'Anti phospholipid antibody igg', 'Serum ', '0', NULL, '', 'A', 'Daily', 'ELISA ', '2012-11-07 13:46:01', '2012-11-07 13:46:01', NULL, NULL, NULL, NULL, NULL),
(91, 'Nandi Diagnostics', 'Hyderabad', '0', 1, 1, '76', 'Anti phospholipid antibody igm', 'Serum ', '0', NULL, '', 'A', 'Daily', 'ELISA ', '2012-11-07 13:47:43', '2012-11-07 13:47:43', NULL, NULL, NULL, NULL, NULL),
(92, 'Nandi Diagnostics', 'Hyderabad', '0', 1, 1, '77', 'Anti sm - antibody', 'Serum ', '0', NULL, '', 'A', '1,3,6', 'ELISA ', '2012-11-07 13:48:50', '2012-11-07 13:48:50', NULL, NULL, NULL, NULL, NULL),
(93, 'Nandi Diagnostics', 'Hyderabad', '0', 1, 1, '78', 'Anti smooth muscle antibody - titer (asma)', 'Serum ', '0', NULL, '', 'A', '1,3,6', 'IFA ', '2012-11-07 13:50:11', '2012-11-07 13:50:11', NULL, NULL, NULL, NULL, NULL),
(94, 'Nandi Diagnostics', 'Hyderabad', '0', 1, 1, '79', 'Anti smooth muscle antibody  (asma)', 'Serum ', '0', NULL, '', 'A', '1,3,6', 'IFA ', '2012-11-07 13:53:57', '2012-11-07 13:53:57', NULL, NULL, NULL, NULL, NULL),
(95, 'Nandi Diagnostics', 'Hyderabad', '0', 1, 1, '80', 'Anti sperm antibody (asab)', 'Serum ', '0', NULL, '', 'A', '1,3,6', 'ELISA ', '2012-11-07 13:55:12', '2012-11-07 13:55:12', NULL, NULL, NULL, NULL, NULL),
(96, 'Nandi Diagnostics', 'Hyderabad', '0', 1, 1, '81', 'Anti thrombin iii (antigenic)', 'Citrated Plasma ', '0', NULL, '', 'F/R', '1,3,6', 'Turbidometry ', '2012-11-07 14:06:43', '2012-11-07 14:06:43', NULL, NULL, NULL, NULL, NULL),
(97, 'Nandi Diagnostics', 'Hyderabad', '0', 1, 1, '82', 'Anti thyroglobulin antibody (atg)', 'serum ', '0', NULL, '', 'A', 'Daily', 'Chemiluminescence ', '2012-11-07 14:07:58', '2012-11-07 14:07:58', NULL, NULL, NULL, NULL, NULL),
(98, 'Nandi Diagnostics', 'Hyderabad', '0', 1, 1, '83', 'Apolipoprotien a1 (apo-a1)', 'serum ', '0', NULL, '', 'A/R', 'Daily', 'Immunoturbidometry ', '2012-11-07 14:09:44', '2012-11-07 14:09:44', NULL, NULL, NULL, NULL, NULL),
(99, 'Nandi Diagnostics', 'Hyderabad', '0', 1, 1, '84', 'Apolipoprotien b (apo-b)', 'serum ', '0', NULL, '', 'A/R', 'Daily', 'Immunoturbidometry ', '2012-11-07 14:10:34', '2012-11-07 14:10:34', NULL, NULL, NULL, NULL, NULL),
(100, 'Nandi Diagnostics', 'Hyderabad', '0', 1, 1, '85', 'Arsenic', 'WB - Heparin ', '72 hrs', NULL, '', 'A/R', 'Daily', 'AAS ', '2012-11-07 14:12:31', '2012-11-07 14:12:31', NULL, NULL, NULL, NULL, NULL),
(101, 'Nandi Diagnostics', 'Hyderabad', '0', 1, 1, '86', 'Arsenic', 'Urine (25 ml) ', '72 hrs', NULL, '', 'A/R', 'Daily', 'AAS ', '2012-11-08 05:40:16', '2012-11-08 05:40:16', NULL, NULL, NULL, NULL, NULL),
(102, 'Nandi Diagnostics', 'Hyderabad', '0', 1, 1, '87', 'Aso titres (anti streptolysin o)', 'serum ', '0', NULL, '', 'A/R', 'Daily', 'Immunoturbidometry ', '2012-11-08 05:41:53', '2012-11-08 05:41:53', NULL, NULL, NULL, NULL, NULL),
(103, 'Nandi Diagnostics', 'Hyderabad', '0', 1, 1, '88', 'Aspartate aminotransferase (ast/sgot)', 'serum ', '0', NULL, '', 'A/R', 'Daily', 'spectrophtometry ', '2012-11-08 05:43:08', '2012-11-08 05:43:08', NULL, NULL, NULL, NULL, NULL),
(104, 'Nandi Diagnostics', 'Hyderabad', '0', 1, 1, '89', 'Auramine rhodamine stain', 'Sputum ', '0', NULL, '', 'A', 'Daily', 'Microscopy ', '2012-11-08 05:44:20', '2012-11-08 05:44:20', NULL, NULL, NULL, NULL, NULL),
(105, 'Nandi Diagnostics', 'Hyderabad', '0', 1, 1, '90', 'Bcr-abl (quantitative)', 'WB-EDTA ', '6', NULL, '', 'R', '3', 'Real Time PCR ', '2012-11-08 05:47:31', '2012-11-08 05:47:31', NULL, NULL, NULL, NULL, NULL),
(106, 'Nandi Diagnostics', 'Hyderabad', '0', 1, 1, '91', 'Barbiturates', 'Urine ', '0', NULL, '', 'A/R', 'Daily', 'Flow Chromatography ', '2012-11-08 05:48:36', '2012-11-08 05:48:36', NULL, NULL, NULL, NULL, NULL),
(107, 'Nandi Diagnostics', 'Hyderabad', '0', 1, 1, '92', 'Bence jones protein                            (bj protein)', 'Urine Random ', '0', NULL, '', 'A/R', 'Daily', 'Biochemical ', '2012-11-08 05:50:30', '2012-11-08 05:50:30', NULL, NULL, NULL, NULL, NULL),
(108, 'Nandi Diagnostics', 'Hyderabad', '0', 1, 1, '93', 'Beta 2 microglobulin', 'Serum/Urine ', '0', NULL, '', 'A/R', 'Daily', 'Chemiluminescence ', '2012-11-08 05:51:56', '2012-11-08 05:51:56', NULL, NULL, NULL, NULL, NULL),
(109, 'Nandi Diagnostics', 'Hyderabad', '0', 1, 1, '94', 'Beta human chorionic gonodotropin hormone', 'serum ', '0', NULL, '', 'A/R', 'Daily', 'Chemiluminescence ', '2012-11-08 05:53:08', '2012-11-08 05:53:08', NULL, NULL, NULL, NULL, NULL),
(110, 'Nandi Diagnostics', 'Hyderabad', '0', 28, 15, '95', 'Beta human chorionic gonodotropin hormone', 'Urine ', '0', '', 'Human Chorionic Gonadotropin(hCG)is a glycoprotein hormone normally produced by the placenta during pregnancy.the hCg molecule consists of two combined,subunits designated alpha and beta.Thebeta subunit, with a molecular weight of approximately 30,000 altons, confers biological and immunological specificity Vitamin D is a fat-solubie sterid hormone precursor that is mainly produced in the skin by exposure to sunlight or it is supplied via dietary sources(mainly egg yolk,fish oil and plants). Vitamin D is biologically inert and must dihydroxylate in position 25 forming 25-OH vitamin D. 25-OH vitamin Dis the metabolite that should be measured in blood to determine the overall vitamin D status because it is the major storage from of vitamin D in the human body. this primary circulating from of vitamin D is biologically inactive with ievels approximately 1000-fold greater than the circlating 1,25(OH)2vitamin D.The half life of circulating 25-OH vitamin D is 2-3 weeks.More than 95% of 25-OH vitamin D,measuarable in serum,is 25-OH vitamin D3 whereas 25-OH vitamin D2 reaches measurable levels only in patients taking vitamin D2 supplements. Vitamin D deficiency is a common cause of secondary hyperparathroidism.Elevations of PTH levels, especially in elderly vitamin Ddeficient adults can result in osteomalacia,increased bone turnover,reduced bone mass and risk of bone fractures. Low 25-OH vitamin D concentrations are also associated with lower bone mineral density. In conjuction with other clinical data, the result may be used as an aid in the assessment of bone metabolism. The Roche Coabs Vitamin D3(25-OH)assay employs a polyclonal antibody directed against vitamin D3.\r\n\r\nNOTE:-Clinical diagnosis should not be made on the findings of a single test result,but should integer both clinical and laboratory data.', 'A/R', 'Daily', 'Chemiluminescence ', '2012-11-08 05:54:16', '2013-01-18 12:38:47', NULL, 'Days', '', '', ''),
(111, 'Nandi Diagnostics', 'Hyderabad', '0', 28, 15, '96', 'Beta human chorionic gonodotropin hormone titer', 'serum ', 'Same Day', 'Same Day', '', 'A/R', 'Daily', 'Chemiluminescence ', '2012-11-08 05:55:41', '2013-01-11 10:28:48', 1, 'Days', '', '', ''),
(112, 'Nandi Diagnostics', 'Hyderabad', '0', 1, 1, '97', 'Beta human chorionic gonodotropin hormone (free)', 'serum ', '0', NULL, '', 'A/R', 'Daily', 'Chemiluminescence ', '2012-11-08 05:59:53', '2012-11-08 05:59:53', NULL, NULL, NULL, NULL, NULL),
(113, 'Nandi Diagnostics', 'Hyderabad', '0', 1, 1, '98', 'Bicarbonate                     (calculated from co2)', 'serum ', '0', NULL, '', 'A/R', 'Daily', 'spectrophtometry ', '2012-11-08 06:01:03', '2012-11-08 06:01:03', NULL, NULL, NULL, NULL, NULL),
(114, 'Nandi Diagnostics', 'Hyderabad', '0', 1, 1, '99', 'Bilirubin (total + direct)', 'serum ', '0', NULL, '', 'A', 'Daily', 'spectrophtometry ', '2012-11-08 06:02:37', '2012-11-08 06:02:37', NULL, NULL, NULL, NULL, NULL),
(115, 'Nandi Diagnostics', 'Hyderabad', '0', 1, 1, '100', 'Bilirubin ( direct)', 'serum ', '0', NULL, '', 'A/R', 'Daily', 'spectrophtometry ', '2012-11-08 06:03:35', '2012-11-08 06:03:35', NULL, NULL, NULL, NULL, NULL),
(116, 'Nandi Diagnostics', 'Hyderabad', '0', 1, 1, '101', 'Bilirubin (total )', 'Serum ', '0', NULL, '', 'A', 'Daily', 'spectrophtometry ', '2012-11-08 06:16:58', '2012-11-08 06:16:58', NULL, NULL, NULL, NULL, NULL),
(117, 'Nandi Diagnostics', 'Hyderabad', '0', 1, 1, '102', 'Biopsy -  bone', 'Tissue ', '168 hrs', NULL, '', 'A', 'Daily', 'Microscopy ', '2012-11-08 06:26:30', '2012-11-08 06:26:30', NULL, NULL, NULL, NULL, NULL),
(118, 'Nandi Diagnostics', 'Hyderabad', '0', 1, 1, '103', 'Biopsy - large specimen (> 5cm)', 'Tissue ', '96 hrs', NULL, '', 'A', 'Daily', 'Microscopy ', '2012-11-08 08:02:39', '2012-11-08 08:02:39', NULL, NULL, NULL, NULL, NULL),
(119, 'Nandi Diagnostics', 'Hyderabad', '0', 1, 1, '104', 'Biopsy - medium specimen      (up to 5 cm)', 'Tissue ', '96 hrs', NULL, '', 'A', 'Daily', 'Microscopy ', '2012-11-08 08:05:21', '2012-11-08 08:05:21', NULL, NULL, NULL, NULL, NULL),
(120, 'Nandi Diagnostics', 'Hyderabad', '0', 1, 1, '105', 'Biopsy - small specimen                 ( < 2 cm)', 'Tissue ', '96 hrs', NULL, '', 'A', 'Daily', 'Microscopy ', '2012-11-08 08:07:07', '2012-11-08 08:07:07', NULL, NULL, NULL, NULL, NULL),
(121, 'Nandi Diagnostics', 'Hyderabad', '0', 1, 1, '106', 'Biopsy - ulterus with both tubes and ovaries', 'Tissue ', '96 hrs', NULL, '', 'A', 'Daily', 'Microscopy ', '2012-11-08 08:08:28', '2012-11-08 08:08:28', NULL, NULL, NULL, NULL, NULL),
(122, 'Nandi Diagnostics', 'Hyderabad', '0', 1, 1, '107', 'Biopsy - ulterus with one tubes and ovaries', 'Tissue ', '96 hrs', NULL, '', 'A', 'Daily', 'Microscopy ', '2012-11-08 08:13:17', '2012-11-08 08:13:17', NULL, NULL, NULL, NULL, NULL),
(123, 'Nandi Diagnostics', 'Hyderabad', '0', 1, 1, '108', 'Biopsy - ulterus without  tubes and ovaries', 'Tissue ', '96hrs', '', '', 'A', 'Daily', 'Microscopy ', '2012-11-08 08:14:47', '2012-11-08 08:19:20', NULL, NULL, NULL, NULL, NULL),
(124, 'Nandi Diagnostics', 'Hyderabad', '0', 1, 1, '109', 'Bleeding time (bt)', 'Local Procedure ', '0', NULL, '', 'A', 'Daily', 'Manual Method ', '2012-11-08 08:17:02', '2012-11-08 08:17:02', NULL, NULL, NULL, NULL, NULL),
(125, 'Nandi Diagnostics', 'Hyderabad', '0', 1, 1, '110', 'Block for processing', 'Paraffin Blocks ', '48 HRS ', '', '', 'A', 'Daily', 'Microtomy / H & E Staining ', '2012-11-08 09:17:36', '2012-11-08 09:17:36', NULL, NULL, NULL, NULL, NULL),
(126, 'Nandi Diagnostics', 'Hyderabad', '0', 1, 1, '111', 'Extra large specimen', 'Specimen in Formalin ', '120 HRS ', '', '', 'A', 'Daily', 'Specimen in Formalin ', '2012-11-08 09:18:30', '2012-11-08 09:18:30', NULL, NULL, NULL, NULL, NULL),
(127, 'Nandi Diagnostics', 'Hyderabad', '0', 1, 1, '112', 'Blood grouping (a,b,o) and      rh factor', 'WB-EDTA ', 'Same Day ', '', '', 'A', 'Daily', 'Slide/Tube method ', '2012-11-08 09:19:31', '2012-11-08 09:19:31', NULL, NULL, NULL, NULL, NULL),
(128, 'Nandi Diagnostics', 'Hyderabad', '0', 1, 1, '113', 'Blood picture - peripheral smear examination', 'WB EDTA & Smear ', 'Same Day ', '', '', 'A', 'Daily', 'Cell Counter/ Microscopy ', '2012-11-08 09:20:27', '2012-11-08 09:20:27', NULL, NULL, NULL, NULL, NULL),
(129, 'Nandi Diagnostics', 'Hyderabad', '0', 1, 1, '114', 'Blood urea nitrogen (bun)', 'serum ', 'Same Day ', '', '', 'R/F', 'Daily', 'spectrophtometry ', '2012-11-08 09:21:15', '2012-11-08 09:21:15', NULL, NULL, NULL, NULL, NULL),
(130, 'Nandi Diagnostics', 'Hyderabad', '0', 1, 1, '115', 'Bone marrow examination', 'Bone Marrow Smear ', '48 HRS ', '', '', 'A', 'Daily', 'Microscopy ', '2012-11-08 09:23:18', '2012-11-08 09:23:18', NULL, NULL, NULL, NULL, NULL),
(131, 'Nandi Diagnostics', 'Hyderabad', '0', 1, 1, '116', 'Bone marrow smear', 'Bone Marrow Smear ', '48 HRS ', '', '', 'A', 'Daily', 'Microscopy ', '2012-11-08 10:44:18', '2012-11-08 10:44:18', NULL, NULL, NULL, NULL, NULL),
(132, 'Nandi Diagnostics', 'Hyderabad', '0', 1, 1, '117', 'Brucella antibody                  (b.abortus & b.melitensis)', 'serum ', 'Same Day ', '', '', 'A', 'Daily', 'Agglutination Method ', '2012-11-08 10:46:01', '2012-11-08 10:46:01', NULL, NULL, NULL, NULL, NULL),
(133, 'Nandi Diagnostics', 'Hyderabad', '0', 1, 1, '118', 'Brucella igg', 'serum ', 'Next Day ', '', '', 'A', 'Daily', 'ELISA ', '2012-11-08 10:47:13', '2012-11-08 10:47:13', NULL, NULL, NULL, NULL, NULL),
(134, 'Nandi Diagnostics', 'Hyderabad', '0', 1, 1, '119', 'Brucella igm', 'serum ', 'Next Day ', '', '', 'A', 'Daily', 'ELISA ', '2012-11-08 10:55:33', '2012-11-08 10:55:33', NULL, NULL, NULL, NULL, NULL),
(135, 'Nandi Diagnostics', 'Hyderabad', '0', 1, 1, '120', 'Brucella dna pcr', 'WB-EDTA ', 'Next Day ', '', '', 'A/R', '4', 'Real Time PCR ', '2012-11-08 10:57:31', '2012-11-08 10:57:31', NULL, NULL, NULL, NULL, NULL),
(136, 'Nandi Diagnostics', 'Hyderabad', '0', 1, 1, '121', 'Benzodiazepines', 'Urine ', 'Same Day ', '', '', 'A/R', 'Daily', 'Flow Chromatography ', '2012-11-08 10:58:35', '2012-11-08 10:58:35', NULL, NULL, NULL, NULL, NULL),
(137, 'Nandi Diagnostics', 'Hyderabad', '0', 1, 1, '122', 'Ca 125 - ovarian cancer marker', 'serum ', 'Same Day ', '', '', 'R/F', 'Daily', 'Chemiluminescence ', '2012-11-08 10:59:50', '2012-11-08 10:59:50', NULL, NULL, NULL, NULL, NULL),
(138, 'Nandi Diagnostics', 'Hyderabad', '0', 1, 1, '123', 'Ca 15.3 -breast cancer maker', 'serum ', 'Same Day ', '', '', 'R/F', 'Daily', 'Chemiluminescence ', '2012-11-08 11:01:57', '2012-11-08 11:01:57', NULL, NULL, NULL, NULL, NULL),
(139, 'Nandi Diagnostics', 'Hyderabad', '0', 1, 1, '124', 'Ca 19.9 - pancreatic cancer marker', 'serum ', 'Same Day ', '', '', 'A/R', 'Daily', 'Chemiluminescence ', '2012-11-08 11:06:14', '2012-11-08 11:06:14', NULL, NULL, NULL, NULL, NULL),
(140, 'Nandi Diagnostics', 'Hyderabad', '0', 1, 1, '125', 'Cadmium', 'WB-NA. Heparin ', '72 hours ', '', '', 'A/R', 'Daily', 'AAS ', '2012-11-08 11:34:22', '2012-11-08 11:34:22', NULL, NULL, NULL, NULL, NULL),
(141, 'Nandi Diagnostics', 'Hyderabad', '0', 1, 1, '126', 'Cadmium', 'Urine ', '72 hours ', '', '', 'A', 'Daily', 'AAS ', '2012-11-08 11:36:22', '2012-11-08 11:36:22', NULL, NULL, NULL, NULL, NULL),
(142, 'Nandi Diagnostics', 'Hyderabad', '0', 1, 1, '127', 'Calcitonine', 'serum ', 'Same Day ', '', '', 'R', 'Daily', 'Chemiluminescence ', '2012-11-08 11:38:35', '2012-11-08 11:38:35', NULL, NULL, NULL, NULL, NULL),
(145, 'Nandi Diagnostics', 'Hyderabad', '0', 1, 1, '130', 'Carbamazepine (tegretol)', 'Serum ', 'Same Day ', '', '', 'A/R', 'Daily', 'Chemiluminescence ', '2012-11-08 11:42:26', '2012-11-08 11:42:26', NULL, NULL, NULL, NULL, NULL),
(146, 'Nandi Diagnostics', 'Hyderabad', '0', 1, 1, '131', 'Carcino embryonic antigen (cea)', 'serum ', 'Same Day ', '', '', 'R/F', 'Daily', 'Chemiluminescence ', '2012-11-08 11:43:34', '2012-11-08 11:43:34', NULL, NULL, NULL, NULL, NULL),
(147, 'Nandi Diagnostics', 'Hyderabad', '0', 1, 1, '132', 'Cardiolipin iga antibody', 'serum ', 'Next Day ', '', '', 'A', 'Daily', 'ELISA ', '2012-11-08 11:45:04', '2012-11-08 11:45:04', NULL, NULL, NULL, NULL, NULL),
(148, 'Nandi Diagnostics', 'Hyderabad', '0', 1, 1, '133', 'Cardiolipin igg antibody', 'serum ', 'Next Day ', '', '', 'A', 'Daily', 'ELISA ', '2012-11-08 11:46:22', '2012-11-08 11:46:22', NULL, NULL, NULL, NULL, NULL),
(149, 'Nandi Diagnostics', 'Hyderabad', '0', 1, 1, '134', 'Cardiolipin igm antibody', 'serum ', 'Next Day ', '', '', 'A', 'Daily', 'ELISA ', '2012-11-08 11:47:31', '2012-11-08 11:47:31', NULL, NULL, NULL, NULL, NULL),
(150, 'Nandi Diagnostics', 'Hyderabad', '0', 1, 1, '135', 'Catecholamines', 'Urine ', 'Same Day ', '', '', 'A/R', '2,5', 'Chromatography ', '2012-11-08 11:48:50', '2012-11-08 11:48:50', NULL, NULL, NULL, NULL, NULL),
(151, 'Nandi Diagnostics', 'Hyderabad', '0', 1, 1, '136', 'Centromere antibody igg', 'Serum ', 'Same Day ', '', '', 'A', '1,3,6', 'IFA ', '2012-11-08 11:50:28', '2012-11-08 11:50:28', NULL, NULL, NULL, NULL, NULL),
(152, 'Nandi Diagnostics', 'Hyderabad', '0', 1, 1, '137', 'Cd3 absolute count', 'WB-EDTA ', 'Same Day ', '', '', 'A/R', 'Daily', 'Immunophenotyping ', '2012-11-08 11:51:42', '2012-11-08 11:51:42', NULL, NULL, NULL, NULL, NULL),
(153, 'Nandi Diagnostics', 'Hyderabad', '0', 1, 1, '138', 'Cd3/cd4/cd8', 'WB-EDTA ', 'Same Day ', '', '', 'A/R', 'Daily', 'Immunophenotyping ', '2012-11-08 11:52:47', '2012-11-08 11:52:47', NULL, NULL, NULL, NULL, NULL),
(154, 'Nandi Diagnostics', 'Hyderabad', '0', 1, 1, '139', 'Cd4 absolute count', 'WB-EDTA ', 'Same Day ', '', '', 'A/R', 'Daily', 'Immunophenotyping ', '2012-11-08 11:53:48', '2012-11-08 11:53:48', NULL, NULL, NULL, NULL, NULL),
(155, 'Nandi Diagnostics', 'Hyderabad', '0', 1, 1, '140', 'Ceruloplasmin', 'Serum ', 'Same Day ', '', '', 'A/R', 'Daily', 'Immunophenotyping ', '2012-11-08 11:55:00', '2012-11-08 11:55:00', NULL, NULL, NULL, NULL, NULL),
(156, 'Nandi Diagnostics', 'Hyderabad', '0', 1, 1, '141', 'Chloride', 'Serum ', 'Same Day ', '', '', 'A/R', 'Daily', 'ISE ', '2012-11-08 11:57:47', '2012-11-08 11:57:47', NULL, NULL, NULL, NULL, NULL),
(157, 'Nandi Diagnostics', 'Hyderabad', '0', 1, 1, '142', 'Chloride', 'Urine ', 'Same Day ', '', '', 'A/R', 'Daily', 'ISE ', '2012-11-08 12:03:18', '2012-11-08 12:03:18', NULL, NULL, NULL, NULL, NULL),
(158, 'Nandi Diagnostics', 'Hyderabad', '0', 1, 1, '143', 'Chloride', 'CSF ', 'Same Day ', '', '', 'A/R', 'Daily', 'ISE ', '2012-11-08 12:04:46', '2012-11-08 12:04:46', NULL, NULL, NULL, NULL, NULL),
(159, 'Nandi Diagnostics', 'Hyderabad', '0', 1, 1, '144', 'Cholesterol - hdl', 'Serum ', 'Same Day ', '', '', 'A/R', 'Daily', 'spectrophtometry ', '2012-11-08 12:07:23', '2012-11-08 12:07:23', NULL, NULL, NULL, NULL, NULL),
(160, 'Nandi Diagnostics', 'Hyderabad', '0', 1, 1, '145', 'Cholesterol - ldl', 'Serum ', 'Same Day ', '', '', 'A/R', 'Daily', 'spectrophtometry ', '2012-11-08 12:08:52', '2012-11-08 12:08:52', NULL, NULL, NULL, NULL, NULL),
(161, 'Nandi Diagnostics', 'Hyderabad', '0', 1, 1, '146', 'Cholesterol - total', 'Serum ', 'Same Day ', '', '', 'A/R', 'Daily', 'spectrophtometry ', '2012-11-08 12:12:31', '2012-11-08 12:12:31', NULL, NULL, NULL, NULL, NULL),
(162, 'Nandi Diagnostics', 'Hyderabad', '0', 1, 1, '147', 'Cholinesterase', 'Serum ', 'Same Day ', '', '', 'A/R', 'Daily', 'spectrophtometry ', '2012-11-08 12:17:33', '2012-11-08 12:17:33', NULL, NULL, NULL, NULL, NULL),
(163, 'Nandi Diagnostics', 'Hyderabad', '0', 1, 1, '148', 'Chromium', 'WB - EDTA ', '72 HRS ', '', '', 'A/R', 'Daily', 'AAS ', '2012-11-08 12:18:29', '2012-11-08 12:18:29', NULL, NULL, NULL, NULL, NULL),
(164, 'Nandi Diagnostics', 'Hyderabad', '0', 1, 1, '149', 'Chromium', 'Urine ', '72 HRS ', '', '', 'A/R', 'Daily', 'AAS ', '2012-11-08 12:21:20', '2012-11-08 12:21:20', NULL, NULL, NULL, NULL, NULL),
(165, 'Nandi Diagnostics', 'Hyderabad', '0', 1, 1, '150', 'Chromium', 'Serum ', '72 HRS ', '', '', 'A/R', 'Daily', 'AAS ', '2012-11-08 12:35:42', '2012-11-08 12:35:42', NULL, NULL, NULL, NULL, NULL),
(166, 'Nandi Diagnostics', 'Hyderabad', '0', 1, 1, '151', 'Chromosome analysis', 'Paripheral blood - Na Heparin ', '21 Days ', '', '', 'A/R', 'Daily', 'Karyotping ', '2012-11-08 13:00:09', '2012-11-08 13:00:09', NULL, NULL, NULL, NULL, NULL),
(167, 'Nandi Diagnostics', 'Hyderabad', '0', 1, 1, '152', 'Chromosome analysis', 'Bone Marrow - Na .Heparin ', '21 Days ', '', '', 'A/R', 'Daily', 'Karyotping ', '2012-11-08 13:01:24', '2012-11-08 13:01:24', NULL, NULL, NULL, NULL, NULL),
(168, 'Nandi Diagnostics', 'Hyderabad', '0', 1, 1, '153', 'Chromosome analysis', 'Products of Conception in                Sterile Container ', '21 Days ', '', '', 'A/R', 'Daily', 'Karyotping ', '2012-11-08 13:03:11', '2012-11-08 13:03:11', NULL, NULL, NULL, NULL, NULL),
(169, 'Nandi Diagnostics', 'Hyderabad', '0', 1, 1, '154', 'Chikungunya', 'Serum ', '24 hrs ', '', '', 'A', 'Daily', 'ELISA ', '2012-11-08 13:04:18', '2012-11-08 13:04:18', NULL, NULL, NULL, NULL, NULL),
(170, 'Nandi Diagnostics', 'Hyderabad', '0', 1, 1, '155', 'Chikungunya', 'Serum ', '8 Hrs ', '', '', 'A', 'Daily', 'Flow Chromatography ', '2012-11-08 13:06:16', '2012-11-08 13:06:16', NULL, NULL, NULL, NULL, NULL),
(171, 'Nandi Diagnostics', 'Hyderabad', '0', 1, 1, '156', 'Chikungunya rna pcr', 'WB - EDTA ', '48 HRS ', '', '', 'R', 'Daily', 'Real Time PCR ', '2012-11-08 13:09:14', '2012-11-08 13:09:14', NULL, NULL, NULL, NULL, NULL),
(172, 'Nandi Diagnostics', 'Hyderabad', '0', 1, 1, '157', 'Chlymedia igg', 'Serum ', '24 hrs ', '', '', 'A', 'Daily', 'ELISA ', '2012-11-08 13:10:59', '2012-11-08 13:10:59', NULL, NULL, NULL, NULL, NULL),
(173, 'Nandi Diagnostics', 'Hyderabad', '0', 1, 1, '158', 'Chlymedia igm', 'Serum ', '24 hrs ', '', '', 'A', 'Daily', 'ELISA ', '2012-11-08 13:12:19', '2012-11-08 13:12:19', NULL, NULL, NULL, NULL, NULL),
(174, 'Nandi Diagnostics', 'Hyderabad', '0', 1, 1, '159', 'Circulating immounocomplex (cic)', 'Serum ', 'Next Day ', '', '', 'A/R', '2,5', 'ELISA ', '2012-11-08 13:13:40', '2012-11-08 13:13:40', NULL, NULL, NULL, NULL, NULL),
(175, 'Nandi Diagnostics', 'Hyderabad', '0', 1, 1, '160', 'Clotting time (ct)', 'Local Procedure ', 'Same Day ', '', '', 'A', 'Daily', 'Capillary Method ', '2012-11-08 13:14:45', '2012-11-08 13:14:45', NULL, NULL, NULL, NULL, NULL),
(176, 'Nandi Diagnostics', 'Hyderabad', '0', 1, 1, '161', 'Cocine', 'Urine (25 ml) ', 'Same Day ', '', '', 'A', 'Daily', 'Immunochromatography ', '2012-11-09 09:32:34', '2012-11-09 09:32:34', NULL, NULL, NULL, NULL, NULL),
(177, 'Nandi Diagnostics', 'Hyderabad', '0', 1, 1, '162', 'Complemant 3 (c3)', 'Serum ', 'Same Day ', '', '', 'R/F', 'Daily', 'Immunochromatography ', '2012-11-09 09:33:32', '2012-11-09 09:33:32', NULL, NULL, NULL, NULL, NULL),
(178, 'Nandi Diagnostics', 'Hyderabad', '0', 1, 1, '163', 'Complemant 4 (c4)', 'Serum ', 'Same Day ', '', '', 'R/F', 'Daily', 'Immunochromatography ', '2012-11-09 09:35:13', '2012-11-09 09:35:13', NULL, NULL, NULL, NULL, NULL),
(179, 'Nandi Diagnostics', 'Hyderabad', '0', 1, 16, '164', 'Complete blood count (cbc)', 'WB-EDTA ', 'Same Day ', '', '', 'A/R', 'Daily', 'Cell Counter/ Microscopy ', '2012-11-09 09:39:46', '2013-01-16 09:36:40', 1, 'Hours', '', '', ''),
(180, 'Nandi Diagnostics', 'Hyderabad', '0', 9, 16, '165', 'Complete urine analysis (cue)', 'Urine ', 'Same Day ', 'Same Day ', '', 'A/R', 'Daily', 'Strip / Microscopy ', '2012-11-09 09:41:03', '2013-01-16 09:35:34', 1, 'Days', '', '', ''),
(181, 'Nandi Diagnostics', 'Hyderabad', '0', 1, 1, '166', 'Coombs test - direct', 'WB-EDTA ', 'Same Day ', '', '', 'A/R', 'Daily', 'Microtyping (Manual) ', '2012-11-09 09:43:51', '2012-11-09 09:43:51', NULL, NULL, NULL, NULL, NULL),
(182, 'Nandi Diagnostics', 'Hyderabad', '0', 1, 1, '167', 'Coombs test -indirect', 'Serum ', 'Same Day ', '', '', 'A/R', 'Daily', 'Microtyping (Manual) ', '2012-11-09 09:44:50', '2012-11-09 09:44:50', NULL, NULL, NULL, NULL, NULL),
(183, 'Nandi Diagnostics', 'Hyderabad', '0', 1, 1, '168', 'Copper', 'Serum ', 'Same Day ', '', '', 'A/R', 'Daily', 'spectrophtometry ', '2012-11-09 09:46:03', '2012-11-09 09:46:03', NULL, NULL, NULL, NULL, NULL),
(184, 'Nandi Diagnostics', 'Hyderabad', '0', 1, 1, '169', 'Copper', 'urine ', 'Same Day ', '', '', 'A/R', 'Daily', 'spectrophtometry ', '2012-11-09 09:47:02', '2012-11-09 09:47:02', NULL, NULL, NULL, NULL, NULL),
(185, 'Nandi Diagnostics', 'Hyderabad', '0', 1, 1, '170', 'Cortisol serum (3 to 5 pm)', 'Serum ', 'Same Day ', '', '', 'A/R', 'Daily', 'Chemiluminescence ', '2012-11-09 09:48:01', '2012-11-09 09:48:01', NULL, NULL, NULL, NULL, NULL),
(186, 'Nandi Diagnostics', 'Hyderabad', '0', 1, 1, '171', 'Cortisol serum (7 to 9 am)', 'Serum ', 'Same Day ', '', '', 'A/R', 'Daily', 'Chemiluminescence ', '2012-11-09 09:49:21', '2012-11-09 09:49:21', NULL, NULL, NULL, NULL, NULL),
(187, 'Nandi Diagnostics', 'Hyderabad', '0', 1, 1, '172', 'Cortisol urine total', 'Urine ', 'Same Day ', '', '', 'R/F', 'Daily', 'Chemiluminescence ', '2012-11-09 09:52:51', '2012-11-09 09:52:51', NULL, NULL, NULL, NULL, NULL),
(188, 'Nandi Diagnostics', 'Hyderabad', '0', 1, 1, '173', 'C - pepitide', 'Serum ', 'Same Day ', '', '', 'R/F', 'Daily', 'Chemiluminescence ', '2012-11-09 09:53:53', '2012-11-09 09:53:53', NULL, NULL, NULL, NULL, NULL),
(189, 'Nandi Diagnostics', 'Hyderabad', '0', 1, 1, '174', 'C -reactive protein ( crp)', 'Serum ', 'Same Day ', '', '', 'A/R', 'Daily', 'Nephlometry ', '2012-11-09 09:55:01', '2012-11-09 09:55:01', NULL, NULL, NULL, NULL, NULL),
(190, 'Nandi Diagnostics', 'Hyderabad', '0', 1, 1, '175', 'Creatine kinase mb (ck- mb)', 'Serum ', 'Same Day ', '', '', 'A/R', 'Daily', 'spectrophtometry ', '2012-11-09 09:56:03', '2012-11-09 09:56:03', NULL, NULL, NULL, NULL, NULL),
(191, 'Nandi Diagnostics', 'Hyderabad', '0', 1, 1, '176', 'Creatinine', 'Serum ', 'Same Day ', '', '', 'A', 'Daily', 'spectrophtometry ', '2012-11-09 09:57:33', '2012-11-09 09:57:33', NULL, NULL, NULL, NULL, NULL),
(192, 'Nandi Diagnostics', 'Hyderabad', '0', 28, 15, '177', 'Creatinine', 'Urine ', 'Same Day ', 'Same Day', '', 'A/R', 'Daily', 'spectrophtometry ', '2012-11-09 09:58:38', '2013-01-07 12:37:58', 1, 'Hours', '', '', ''),
(193, 'Nandi Diagnostics', 'Hyderabad', '0', 1, 1, '178', 'Creatinine clearence test', 'Serum and Urine ', 'Same Day ', '', '', 'A/R', 'Daily', 'spectrophtometry ', '2012-11-09 09:59:50', '2012-11-09 09:59:50', NULL, NULL, NULL, NULL, NULL),
(194, 'Nandi Diagnostics', 'Hyderabad', '0', 1, 1, '179', 'Creatinine kinase (cpk)', 'Serum ', 'Same Day ', '', '', 'A/R', 'Daily', 'spectrophtometry ', '2012-11-09 10:01:05', '2012-11-09 10:01:05', NULL, NULL, NULL, NULL, NULL),
(195, 'Nandi Diagnostics', 'Hyderabad', '0', 1, 1, '180', 'Cryptococcus antigen', 'Serum /CSF ', 'Same Day ', '', '', 'A', 'Daily', 'Agglutination Method ', '2012-11-09 10:02:37', '2012-11-09 10:02:37', NULL, NULL, NULL, NULL, NULL),
(196, 'Nandi Diagnostics', 'Hyderabad', '0', 1, 1, '181', 'Culture,aerobic,cervical swab', 'Swab in Sterile Transport Medium ', '48 HRS ', '', '', 'A', 'Daily', 'Culture & Sensitivity ', '2012-11-09 10:04:26', '2012-11-09 10:04:26', NULL, NULL, NULL, NULL, NULL),
(197, 'Nandi Diagnostics', 'Hyderabad', '0', 5, 12, '182', 'Culture & sensitivity, Urine', 'Morning mid Strem Urine Sample in Sterile Container ', '48 HRS ', '48 HRS', 'Culture:-Proteusmerabulas\r\nAmikacin-S                              Tobramycin-S\r\nAmpicillin(30ug)-s                      Netilmicin-S\r\nAmoxycillin-Clavulanic acid-S           Gentamycin-S\r\nCephalexin-S                            Piperacillin-S\r\n', 'A/R', 'Daily', 'Culture & Sensitivity ', '2012-11-09 10:05:58', '2013-01-18 11:46:15', 1, 'Days', '', '', ''),
(198, 'Nandi Diagnostics', 'Hyderabad', '0', 1, 1, '183', 'Culture & sensitivity, urine                     (22 drugs)', 'Morning mid Strem Urine Sample in Sterile Container ', '48 HRS ', '', '', 'A', 'Daily', 'Culture & Sensitivity ', '2012-11-09 10:06:59', '2012-11-09 10:06:59', NULL, NULL, NULL, NULL, NULL),
(199, 'Nandi Diagnostics', 'Hyderabad', '0', 5, 2, '184', 'Culture & Sensitivity Blood', 'Blood - Na.Heparin ', '72 HRS ', '72', '', 'A/R', 'Daily', 'Culture & Sensitivity ', '2012-11-09 10:07:57', '2013-01-16 09:51:47', 1, 'Days', '', '', ''),
(200, 'Nandi Diagnostics', 'Hyderabad', '0', 5, 2, '185', 'Culture & Sensitivity  Body fluids', 'Fluids in Sterile Container ', '48 HRS ', '48 HRS', '', 'A', 'Daily', 'Culture & Sensitivity ', '2012-11-09 10:09:58', '2013-01-16 09:48:42', 1, 'Days', '', '', ''),
(201, 'Nandi Diagnostics', 'Hyderabad', '0', 1, 11, '186', 'Culture & Sensitivity  CSF', 'CSF in Sterile Container ', '48 HRS ', '48 HRS', '', 'A/R', 'Daily', 'Culture & Sensitivity ', '2012-11-09 10:11:38', '2013-01-16 09:47:40', 1, 'Days', '', '', ''),
(202, 'Nandi Diagnostics', 'Hyderabad', '0', 1, 1, '187', 'Culture,aerobic,ear swab', 'Swab in Sterile Container ', '48 HRS ', '', '', 'A', 'Daily', 'Culture & Sensitivity ', '2012-11-09 10:12:53', '2012-11-09 10:12:53', NULL, NULL, NULL, NULL, NULL),
(203, 'Nandi Diagnostics', 'Hyderabad', '0', 1, 1, '188', 'Culture,aerobic,eye swab', 'Swab in Sterile Container ', '48 HRS ', '', '', 'A', 'Daily', 'Culture & Sensitivity ', '2012-11-09 10:15:22', '2012-11-09 10:15:22', NULL, NULL, NULL, NULL, NULL),
(204, 'Nandi Diagnostics', 'Hyderabad', '0', 1, 1, '189', 'Culture,aerobic,miscellaneous', 'Specimen in Sterile Container ', '48 HRS ', '', '', 'A', 'Daily', 'Culture & Sensitivity ', '2012-11-09 10:16:45', '2012-11-09 10:16:45', NULL, NULL, NULL, NULL, NULL),
(205, 'Nandi Diagnostics', 'Hyderabad', '0', 1, 1, '190', 'Culture,aerobic,nasal swab', 'Swab in Sterile Container ', '48 HRS ', '', '', 'A', 'Daily', 'Culture & Sensitivity ', '2012-11-09 10:17:42', '2012-11-09 10:17:42', NULL, NULL, NULL, NULL, NULL),
(206, 'Nandi Diagnostics', 'Hyderabad', '0', 5, 2, '191', 'Culture & Sensitivity Pus', 'Pus in Sterile Container ', '48 HRS ', '48 HRS', '', 'A/R', 'Daily', 'Culture & Sensitivity ', '2012-11-09 10:19:04', '2013-01-16 09:49:18', 1, 'Days', '', '', ''),
(207, 'Nandi Diagnostics', 'Hyderabad', '0', 5, 2, '192', 'Culture & Sensitivity Seman', 'Seman in Sterile Container ', '48 HRS ', '48 HRS', '', 'A/R', 'Daily', 'Culture & Sensitivity ', '2012-11-09 10:20:16', '2013-01-16 09:44:39', 1, 'Days', '', '', ''),
(208, 'Nandi Diagnostics', 'Hyderabad', '0', 5, 2, '193', 'Culture & Sensitivity Sputum', 'Sputum in Sterile Container ', '48 HRS ', '48 HRS', '', 'A/R', 'Daily', 'Culture & Sensitivity ', '2012-11-09 10:21:31', '2013-01-16 09:43:13', 1, 'Days', '', '', ''),
(209, 'Nandi Diagnostics', 'Hyderabad', '0', 5, 2, '194', 'Culture & Sensitivity Throat swab', 'Swab in Sterile Container ', '48 HRS ', '48 HRS ', '', 'A/R', 'Daily', 'Culture & Sensitivity ', '2012-11-09 10:23:07', '2013-01-16 09:42:02', 1, 'Days', '', '', ''),
(210, 'Nandi Diagnostics', 'Hyderabad', '0', 5, 2, '195', 'Culture & Sensitivity  Vaginal swab', 'Swab in Sterile Container ', '48 HRS ', '48 HRS ', '', 'A', 'Daily', 'Culture & Sensitivity ', '2012-11-09 10:24:22', '2013-01-16 09:18:41', 1, 'Days', '', '', ''),
(211, 'Nandi Diagnostics', 'Hyderabad', '0', 5, 2, '196', 'Culture & Sensitivity  Stool', 'Stool in Sterile Container ', '48 HRS ', '48 HRS', '', 'A/R', 'Daily', 'Culture & Sensitivity ', '2012-11-09 10:26:38', '2013-01-16 11:47:26', NULL, 'Days', '', '', ''),
(212, 'Nandi Diagnostics', 'Hyderabad', '0', 1, 1, '197', 'Cytology - fluid', 'Fluids ', 'Same Day ', '', '', 'A', 'Daily', 'Cytocentrifuge ', '2012-11-09 10:28:44', '2012-11-09 10:28:44', NULL, NULL, NULL, NULL, NULL),
(213, 'Nandi Diagnostics', 'Hyderabad', '0', 1, 1, '198', 'Cytology - fnac', 'FNAC ', 'Same Day ', '', '', 'A', 'Daily', 'Air Dried/Fixed Slides ', '2012-11-09 10:29:54', '2012-11-09 10:29:54', NULL, NULL, NULL, NULL, NULL),
(214, 'Nandi Diagnostics', 'Hyderabad', '0', 1, 1, '199', 'Cytology - pap', 'PAP Smear ', 'Same Day ', '', '', 'A', 'Daily', 'Air Dried/Fixed Slides ', '2012-11-09 10:32:54', '2012-11-09 10:32:54', NULL, NULL, NULL, NULL, NULL),
(215, 'Nandi Diagnostics', 'Hyderabad', '0', 1, 1, '200', 'Cytomegalovirus igg antibody', 'Serum ', 'Next Day ', '', '', 'A', 'Daily', 'ELISA ', '2012-11-09 10:34:20', '2012-11-09 10:34:20', NULL, NULL, NULL, NULL, NULL),
(216, 'Nandi Diagnostics', 'Hyderabad', '0', 1, 1, '201', 'Cytomegalovirus igm antibody', 'Serum ', 'Next Day ', '', '', 'A', 'Daily', 'ELISA ', '2012-11-09 10:35:38', '2012-11-09 10:35:38', NULL, NULL, NULL, NULL, NULL),
(217, 'Nandi Diagnostics', 'Hyderabad', '0', 1, 1, '202', 'Cytomegalovirus igg antibody', 'CSF ', 'Next Day ', '', '', 'A', 'Daily', 'ELISA ', '2012-11-09 10:36:56', '2012-11-09 10:36:56', NULL, NULL, NULL, NULL, NULL),
(218, 'Nandi Diagnostics', 'Hyderabad', '0', 1, 1, '203', 'Cytomegalovirus igm antibody', 'CSF ', 'Next Day ', '', '', 'A', 'Daily', 'ELISA ', '2012-11-09 10:38:19', '2012-11-09 10:38:19', NULL, NULL, NULL, NULL, NULL),
(219, 'Nandi Diagnostics', 'Hyderabad', '0', 1, 1, '204', 'Cytomegalovirus dna pcr', 'WE -ETDA / CSF ', 'Next Day ', '', '', 'A/R', '5 Days', 'Real Time PCR ', '2012-11-09 10:40:18', '2012-11-09 10:40:18', NULL, NULL, NULL, NULL, NULL);
INSERT INTO `test_masters` (`id`, `branch_code`, `branch_location`, `discontinued`, `test_group_id`, `test_sub_group_id`, `test_id`, `test_name`, `specimen`, `report_collection_days`, `report_collection_time`, `investigation_text_details`, `temp`, `frequency`, `method`, `created_at`, `updated_at`, `compltn_time`, `compltn_type`, `method2`, `method3`, `disclaim`) VALUES
(220, 'Nandi Diagnostics', 'Hyderabad', '0', 1, 1, '205', 'D -dimer', 'Plasma - Na Citrated ', 'Same Day ', '', '', 'A', 'Daily', 'Chemiluminescence ', '2012-11-09 10:41:30', '2012-11-09 10:41:30', NULL, NULL, NULL, NULL, NULL),
(221, 'Nandi Diagnostics', 'Hyderabad', '0', 1, 1, '206', 'Dehydroepiandrosterone (dhea)', 'Serum ', 'Next Day ', '', '', 'A', 'Daily', 'ELISA ', '2012-11-09 10:42:32', '2012-11-09 10:42:32', NULL, NULL, NULL, NULL, NULL),
(222, 'Nandi Diagnostics', 'Hyderabad', '0', 28, 15, '207', 'Dehydroepiandrosterone sulphate (DHEAs)', 'Serum ', 'Next Day', 'Next Day', '', 'A/R', 'Daily', 'Chemiluminescence ', '2012-11-09 10:43:34', '2013-01-10 14:11:31', 1, 'Days', '', '', ''),
(223, 'Nandi Diagnostics', 'Hyderabad', '0', 3, 3, '208', 'Dengue IgG', 'Serum ', 'SAME DAY', 'SAME DAY', '', 'A/R', 'Daily', 'ELISA ', '2012-11-09 10:44:30', '2013-01-16 15:40:44', 1, 'Days', '', '', ''),
(224, 'Nandi Diagnostics', 'Hyderabad', '0', 3, 3, '209', 'Dengue IgM', 'Serum ', 'SAME DAY', 'SAME DAY', '', 'A/R', 'Daily', 'ELISA ', '2012-11-09 10:45:23', '2013-01-16 15:39:20', 1, 'Days', '', '', ''),
(225, 'Nandi Diagnostics', 'Hyderabad', '0', 3, 0, '210', 'Dengue - NS1 Antigen', 'Serum', 'Same Day', 'Same Day', '', 'A/R', '5 Days', 'Chromatography', '2012-11-09 10:47:36', '2013-01-16 15:42:45', 1, 'Days', '', '', ''),
(226, 'Nandi Diagnostics', 'Hyderabad', '0', 1, 1, '211', 'Differential count (dc)', 'WB- EDTA ', 'Same Day ', '', '', 'A', 'Daily', 'Call Count/Microscopy ', '2012-11-09 12:27:56', '2012-11-09 12:27:56', NULL, NULL, NULL, NULL, NULL),
(227, 'Nandi Diagnostics', 'Hyderabad', '0', 1, 1, '212', 'Digoxin', 'Serum ', 'Same Day ', '', '', 'A/R', 'Daily', 'Chemiluminescence ', '2012-11-09 12:41:40', '2012-11-09 12:41:40', NULL, NULL, NULL, NULL, NULL),
(228, 'Nandi Diagnostics', 'Hyderabad', '0', 1, 1, '213', 'Drugs of abuse (qualitative) - methamphetamine, amphetamine, opiates, mariguana, cocaine', 'Urine ', 'Same Day ', '', '', 'A', 'Daily', 'Immuno Chromatography ', '2012-11-09 12:45:12', '2012-11-09 12:45:12', NULL, NULL, NULL, NULL, NULL),
(229, 'Nandi Diagnostics', 'Hyderabad', '0', 1, 1, '214', 'Echinococcus antibody, igg (hydatid serology)', 'Serum ', 'Next Day ', '', '', 'A/R', 'Daily', 'ELISA ', '2012-11-09 12:46:50', '2012-11-09 12:46:50', NULL, NULL, NULL, NULL, NULL),
(230, 'Nandi Diagnostics', 'Hyderabad', '0', 1, 1, '215', 'Endomysial antibody igm', 'Serum ', 'Next Day ', '', '', 'A/R', 'Daily', 'ELISA ', '2012-11-09 12:47:48', '2012-11-09 12:47:48', NULL, NULL, NULL, NULL, NULL),
(231, 'Nandi Diagnostics', 'Hyderabad', '0', 1, 1, '216', 'Endomysial antibody igg', 'Serum ', 'Next Day ', '', '', 'A/R', 'Daily', 'ELISA ', '2012-11-09 12:49:22', '2012-11-09 12:49:22', NULL, NULL, NULL, NULL, NULL),
(232, 'Nandi Diagnostics', 'Hyderabad', '0', 1, 1, '217', 'Endomysial antibody iga', 'Serum ', 'Next Day ', '', '', 'A/R', 'Daily', 'ELISA ', '2012-11-09 12:51:22', '2012-11-09 12:51:22', NULL, NULL, NULL, NULL, NULL),
(233, 'Nandi Diagnostics', 'Hyderabad', '0', 1, 1, '218', 'Epstein bar virus igg', 'Serum ', 'Next Day ', '', '', 'A/R', 'Daily', 'ELISA ', '2012-11-09 12:52:55', '2012-11-09 12:52:55', NULL, NULL, NULL, NULL, NULL),
(234, 'Nandi Diagnostics', 'Hyderabad', '0', 1, 1, '219', 'Epstein bar virus igm', 'Serum ', 'Next Day ', '', '', 'A/R', 'Daily', 'ELISA ', '2012-11-09 12:54:04', '2012-11-09 12:54:04', NULL, NULL, NULL, NULL, NULL),
(235, 'Nandi Diagnostics', 'Hyderabad', '0', 1, 1, '220', 'Erythrocyte count (rbc count)', 'WB - EDTA ', 'Same Day ', '', '', 'A/R', 'Daily', 'Cell counter ', '2012-11-09 12:56:10', '2012-11-09 12:56:10', NULL, NULL, NULL, NULL, NULL),
(236, 'Nandi Diagnostics', 'Hyderabad', '0', 9, 16, '221', 'Erythrocyte Sedimentation Rate (ESR)', 'WB - EDTA ', 'Same Day ', 'Same Day ', '', 'A/R', 'Daily', 'Westergrens Method ', '2012-11-09 12:57:40', '2013-01-16 15:33:07', 1, 'Days', '', '', ''),
(237, 'Nandi Diagnostics', 'Hyderabad', '0', 1, 1, '222', 'Erythropoiein (epo)', 'Serum ', 'Same Day ', '', '', 'A/R', 'Daily', 'Chemiluminescence ', '2012-11-09 12:59:12', '2012-11-09 12:59:12', NULL, NULL, NULL, NULL, NULL),
(238, 'Nandi Diagnostics', 'Hyderabad', '0', 1, 1, '223', 'Estradiol (e2)', 'Serum ', 'Same Day ', '', '', 'A/R', 'Daily', 'Chemiluminescence ', '2012-11-09 13:00:11', '2012-11-09 13:00:11', NULL, NULL, NULL, NULL, NULL),
(239, 'Nandi Diagnostics', 'Hyderabad', '0', 1, 1, '224', 'Estiol,unconjugated (e3)', 'Serum ', 'Same Day ', '', '', 'A/R', 'Daily', 'Chemiluminescence/ ELISA ', '2012-11-09 13:02:43', '2012-11-09 13:02:43', NULL, NULL, NULL, NULL, NULL),
(240, 'Nandi Diagnostics', 'Hyderabad', '0', 1, 1, '225', 'Estrogen/progesteron receptor (er / pr )', 'Paraffin block/ Tissue in Buffered Formalim ', '1, 3 & 6 ', '', '', 'A/R', 'Daily', 'IHC ', '2012-11-09 13:04:24', '2012-11-09 13:04:24', NULL, NULL, NULL, NULL, NULL),
(241, 'Nandi Diagnostics', 'Hyderabad', '0', 1, 11, '226', 'Electrolytes - Urine', 'URINE', 'Same Day ', 'Same Day ', '', 'A/R', 'Daily', 'ISE ', '2012-11-09 13:06:00', '2013-01-15 07:56:11', 1, 'Days', '', '', ''),
(242, 'Nandi Diagnostics', 'Hyderabad', '0', 28, 15, '227', 'Electrolytes - Serum', 'Serum', 'Same Day ', 'Same Day', '', 'A/R', 'Daily', 'ISE ', '2012-11-09 13:07:26', '2013-01-15 07:47:34', 1, 'Days', '', '', ''),
(243, 'Nandi Diagnostics', 'Hyderabad', '0', 1, 1, '228', 'Entamoeba histolytica (amebiasis),antibody igg', 'Serum ', 'Next Day ', '', '', 'A/R', 'Daily', 'ELISA ', '2012-11-09 13:09:23', '2012-11-09 13:09:23', NULL, NULL, NULL, NULL, NULL),
(244, 'Nandi Diagnostics', 'Hyderabad', '0', 1, 1, '229', 'Entamoeba histolytica detection', 'Stool ', 'Same Day ', '', '', 'A', 'Daily', 'Microscopy ', '2012-11-09 13:10:26', '2012-11-09 13:10:26', NULL, NULL, NULL, NULL, NULL),
(245, 'Nandi Diagnostics', 'Hyderabad', '0', 1, 1, '230', 'Factor - v', 'Citrated Plasma ', 'Same Day ', '', '', 'F', '1,3,6', 'clotting ', '2012-11-09 13:12:32', '2012-11-09 13:12:32', NULL, NULL, NULL, NULL, NULL),
(246, 'Nandi Diagnostics', 'Hyderabad', '0', 1, 1, '231', 'Factor - ix', 'Citrated Plasma ', 'Same Day ', '', '', 'F', '1,3,7', 'clotting ', '2012-11-09 13:15:18', '2012-11-09 13:15:18', NULL, NULL, NULL, NULL, NULL),
(247, 'Nandi Diagnostics', 'Hyderabad', '0', 1, 1, '232', 'Factor - viii', 'Citrated Plasma ', 'clotting ', '', '', 'F', '1,3,8', 'clotting ', '2012-11-09 13:20:29', '2012-11-09 13:20:29', NULL, NULL, NULL, NULL, NULL),
(248, 'Nandi Diagnostics', 'Hyderabad', '0', 1, 1, '233', 'Factor - v leiden mutation', 'WB - EDTA ', 'Next Day ', '', '', 'A/R', '1,3,6', 'Real Time PCR ', '2012-11-09 13:23:41', '2012-11-09 13:23:41', NULL, NULL, NULL, NULL, NULL),
(249, 'Nandi Diagnostics', 'Hyderabad', '0', 1, 1, '234', 'Ferritin', 'Serum ', 'Same Day ', '', '', 'A/R', 'Daily', 'Chemiluminescence ', '2012-11-09 13:25:14', '2012-11-09 13:25:14', NULL, NULL, NULL, NULL, NULL),
(250, 'Nandi Diagnostics', 'Hyderabad', '0', 1, 1, '235', 'Fibrinogen', 'Plasma - Citrated ', 'Same Day ', '', '', 'R/F', 'Daily', 'clotting ', '2012-11-09 13:27:39', '2012-11-09 13:27:39', NULL, NULL, NULL, NULL, NULL),
(251, 'Nandi Diagnostics', 'Hyderabad', '0', 1, 1, '236', 'Fluid cell count', 'Fluid ', 'Same Day ', '', '', 'A', 'Daily', 'Microscopy ', '2012-11-09 13:31:24', '2012-11-09 13:31:24', NULL, NULL, NULL, NULL, NULL),
(252, 'Nandi Diagnostics', 'Hyderabad', '0', 1, 1, '237', 'Fibrinogen degradation product (fdp)', 'Serum ', 'Same Day ', '', '', 'A/R', 'Daily', 'Rapid Method ', '2012-11-09 13:35:47', '2012-11-09 13:35:47', NULL, NULL, NULL, NULL, NULL),
(253, 'Nandi Diagnostics', 'Hyderabad', '0', 1, 1, '238', 'Fluid examination - routine', 'CSF ', 'Same Day ', '', '', 'A/R', 'Daily', 'spect / Microscopy ', '2012-11-10 04:49:55', '2012-11-10 04:49:55', NULL, NULL, NULL, NULL, NULL),
(254, 'Nandi Diagnostics', 'Hyderabad', '0', 1, 1, '239', 'Fluid examination - routine', 'Pleural fluid ', 'Same Day ', '', '', 'A/R', 'Daily', 'spect / Microscopy ', '2012-11-10 04:51:28', '2012-11-10 04:51:28', NULL, NULL, NULL, NULL, NULL),
(255, 'Nandi Diagnostics', 'Hyderabad', '0', 1, 1, '240', 'Fluid examination - routine', 'Ascitic Fiuid ', 'Same Day ', '', '', 'A/R', 'Daily', 'spect / Microscopy ', '2012-11-10 04:52:21', '2012-11-10 04:52:21', NULL, NULL, NULL, NULL, NULL),
(256, 'Nandi Diagnostics', 'Hyderabad', '0', 1, 1, '241', 'Fluid examination - routine', 'Synovial Fluid ', 'Same Day ', '', '', 'A/R', 'Daily', 'spect / Microscopy ', '2012-11-10 04:53:33', '2012-11-10 04:53:33', NULL, NULL, NULL, NULL, NULL),
(257, 'Nandi Diagnostics', 'Hyderabad', '0', 1, 1, '242', 'Fluid examination - routine', 'Other Fluids ', 'Same Day ', '', '', 'A/R', 'Daily', 'spect / Microscopy ', '2012-11-10 04:55:17', '2012-11-10 04:55:17', NULL, NULL, NULL, NULL, NULL),
(258, 'Nandi Diagnostics', 'Hyderabad', '0', 1, 1, '243', 'Folate serum (folic acid)', 'Serum ', 'Same Day ', '', '', 'A/R', 'Daily', 'Chemiluminescence ', '2012-11-10 04:57:49', '2012-11-10 04:57:49', NULL, NULL, NULL, NULL, NULL),
(259, 'Nandi Diagnostics', 'Hyderabad', '0', 1, 1, '244', 'Follicle stimulating hormone (fsh)', 'Serum ', 'Same Day ', '', '', 'A/R', 'Daily', 'Chemiluminescence ', '2012-11-10 05:00:06', '2012-11-10 05:00:06', NULL, NULL, NULL, NULL, NULL),
(260, 'Nandi Diagnostics', 'Hyderabad', '0', 5, 2, '245', 'Fungus culture', 'Swab/Urine/Pus/Nail/Hair/Sputum/Body Fluids/CSF/Blood ', '1 Month ', '1 Month ', '', 'A/R', 'Daily', 'Culture & Identification ', '2012-11-10 05:01:20', '2013-01-16 09:15:16', 1, 'Days', '', '', ''),
(261, 'Nandi Diagnostics', 'Hyderabad', '0', 1, 1, '246', 'Fungal stain', 'Swab/Urine/Pus/Nail/Hair/Sputum/Body Fluids/CSF/Blood ', 'Same Day ', '', '', 'A', 'Daily', 'Microscopy ', '2012-11-10 05:03:14', '2012-11-10 05:03:14', NULL, NULL, NULL, NULL, NULL),
(262, 'Nandi Diagnostics', 'Hyderabad', '0', 1, 1, '247', 'Fungal element', 'Nail(Clipting) ', 'Same Day ', '', '', 'A', 'Daily', 'Menual ', '2012-11-10 05:04:37', '2012-11-10 05:04:37', NULL, NULL, NULL, NULL, NULL),
(263, 'Nandi Diagnostics', 'Hyderabad', '0', 1, 1, '248', 'Gamma glutamyl transferase(ggt)', 'Serum ', 'Same Day ', '', '', 'R/F', 'Daily', 'spectrophtometry ', '2012-11-10 05:09:52', '2012-11-10 05:09:52', NULL, NULL, NULL, NULL, NULL),
(264, 'Nandi Diagnostics', 'Hyderabad', '0', 1, 1, '249', 'Giemsa stain', 'WB - EDTA ', 'Same Day ', '', '', 'A', 'Daily', 'Microscopy ', '2012-11-10 05:11:51', '2012-11-10 05:11:51', NULL, NULL, NULL, NULL, NULL),
(265, 'Nandi Diagnostics', 'Hyderabad', '0', 1, 1, '250', 'Globulin', 'Serum ', 'Same Day ', '', '', 'A', 'Daily', 'Calculation ', '2012-11-10 05:13:14', '2012-11-10 05:13:14', NULL, NULL, NULL, NULL, NULL),
(266, 'Nandi Diagnostics', 'Hyderabad', '0', 28, 15, '251', 'Glucose -fasting', 'Plasma - Na F ', 'Same Day ', 'same day', '', 'A/R', 'Daily', 'Spectrophtometry ', '2012-11-10 05:14:36', '2013-01-07 12:38:56', 1, 'Hours', '', '', ''),
(267, 'Nandi Diagnostics', 'Hyderabad', '0', 28, 15, '252', 'Post Lunch Blood Sugar', 'Plasma - Na F ', 'Same Day ', '', '', 'A/R', 'Daily', 'Spectrophtometry ', '2012-11-10 05:17:30', '2012-12-30 08:00:19', 1, 'Days', '', '', ''),
(268, 'Nandi Diagnostics', 'Hyderabad', '0', 28, 15, '253', 'Glucose -random', 'Plasma - Na F ', 'Same Day ', '1', '', 'A/R', 'Daily', 'Spectrophtometry ', '2012-11-10 05:18:54', '2013-01-10 10:08:56', 0, 'Days', '', '', ''),
(269, 'Nandi Diagnostics', 'Hyderabad', '0', 1, 1, '254', 'Glucose 6 phosphate dehydrogenase (g6pd)', 'WB - EDTA ', 'Same Day ', '', '', 'A/R', 'Daily', 'Spectrophtometry ', '2012-11-10 05:21:57', '2012-11-10 05:21:57', NULL, NULL, NULL, NULL, NULL),
(270, 'Nandi Diagnostics', 'Hyderabad', '0', 28, 15, '255', 'Glucose f/pp', 'Serum / Urine ', 'Same Day ', 'Same Day', '', 'A/R', 'Daily', 'Spectrophtometry ', '2012-11-10 05:25:27', '2013-01-10 10:09:53', 1, 'Days', '', '', ''),
(271, 'Nandi Diagnostics', 'Hyderabad', '0', 1, 11, '256', 'Glycosylated hemoglobin (ghb/ hba1c)', 'WB - EDTA ', 'Same Day ', '1', '', 'R/F', 'Daily', 'HPLC ', '2012-11-10 05:26:55', '2012-12-25 09:40:33', 1, 'Days', '', '', ''),
(272, 'Nandi Diagnostics', 'Hyderabad', '0', 1, 1, '257', 'Gliadin antibody igg', 'Serum ', 'Next Day ', '', '', 'A/R', '2,5', 'ELISA ', '2012-11-10 05:34:09', '2012-11-10 05:34:09', NULL, NULL, NULL, NULL, NULL),
(273, 'Nandi Diagnostics', 'Hyderabad', '0', 1, 1, '258', 'Gliadin antibody igm', 'Serum ', 'Next Day ', '', '', 'A/R', '2,5', 'ELISA ', '2012-11-10 05:35:33', '2012-11-10 05:35:33', NULL, NULL, NULL, NULL, NULL),
(274, 'Nandi Diagnostics', 'Hyderabad', '0', 1, 1, '259', 'Glomerular filtration rate (gfr)', 'Serum ', 'Same Day ', '', '', 'A/R', 'Daily', 'spectrophtometry ', '2012-11-10 05:36:39', '2012-11-10 05:36:39', NULL, NULL, NULL, NULL, NULL),
(275, 'Nandi Diagnostics', 'Hyderabad', '0', 1, 1, '260', 'Glomerular basement membrane antibody igg', 'Serum ', 'Next Day ', '', '', 'A', '2,5', 'ELISA ', '2012-11-10 05:37:47', '2012-11-10 05:37:47', NULL, NULL, NULL, NULL, NULL),
(276, 'Nandi Diagnostics', 'Hyderabad', '0', 1, 1, '261', 'Gram stain', 'Any Specimen Slides ', 'Same Day ', '', '', 'A', 'Daily', 'Microscopy ', '2012-11-10 05:39:00', '2012-11-10 05:39:00', NULL, NULL, NULL, NULL, NULL),
(277, 'Nandi Diagnostics', 'Hyderabad', '0', 28, 15, '262', 'Growth hormone (gh)', 'Serum ', 'Same Day ', 'Same Day', '', 'A/R', 'Daily', 'Chemiluminescence ', '2012-11-10 05:42:35', '2013-01-08 12:36:29', 1, 'Days', '', '', ''),
(278, 'Nandi Diagnostics', 'Hyderabad', '0', 1, 1, '263', 'Haptoglobulin', 'Serum ', 'Same Day ', '', '', 'A/R', 'Daily', 'Nephlometry ', '2012-11-10 05:43:33', '2012-11-10 05:43:33', NULL, NULL, NULL, NULL, NULL),
(279, 'Nandi Diagnostics', 'Hyderabad', '0', 1, 1, '264', 'Helicobacter pylorii igg', 'Serum ', 'Next Day ', '', '', 'A/R', '1,3,6', 'ELISA ', '2012-11-10 05:45:14', '2012-11-10 05:45:14', NULL, NULL, NULL, NULL, NULL),
(280, 'Nandi Diagnostics', 'Hyderabad', '0', 1, 1, '265', 'Helicobacter pylorii igm', 'Serum ', 'Next Day ', '', '', 'A/R', '1,3,6', 'ELISA ', '2012-11-10 05:46:10', '2012-11-10 05:46:10', NULL, NULL, NULL, NULL, NULL),
(281, 'Nandi Diagnostics', 'Hyderabad', '0', 1, 11, '266', 'Hemoglobin', 'WB - EDTA ', 'Same Day ', '', '', 'A', 'Daily', 'Cell Count ', '2012-11-10 05:47:39', '2012-12-03 12:20:45', NULL, NULL, NULL, NULL, NULL),
(282, 'Nandi Diagnostics', 'Hyderabad', '0', 1, 1, '267', 'Hb electrophoresis by hplc', 'WB - EDTA ', 'Same Day ', '', '', 'A', 'Daily', 'HPLC ', '2012-11-10 05:50:32', '2012-11-10 05:50:32', NULL, NULL, NULL, NULL, NULL),
(283, 'Nandi Diagnostics', 'Hyderabad', '0', 1, 1, '268', 'Hepatitis a virus - igm                        (hav - igm)', 'Serum ', 'Next Day ', '', '', 'A', 'Daily', 'ELISA ', '2012-11-10 05:51:33', '2012-11-10 05:51:33', NULL, NULL, NULL, NULL, NULL),
(284, 'Nandi Diagnostics', 'Hyderabad', '0', 1, 1, '269', 'Hepatitis a virus - total                      (hav - total)', 'Serum ', 'Next Day ', '', '', 'A', 'Daily', 'ELISA ', '2012-11-10 05:52:39', '2012-11-10 05:52:39', NULL, NULL, NULL, NULL, NULL),
(285, 'Nandi Diagnostics', 'Hyderabad', '0', 1, 1, '270', 'Hepatitis b envelope antibody          (anti hbe)', 'Serum ', 'Next Day ', '', '', 'A', 'Daily', 'ELISA ', '2012-11-10 05:54:45', '2012-11-10 05:54:45', NULL, NULL, NULL, NULL, NULL),
(286, 'Nandi Diagnostics', 'Hyderabad', '0', 1, 1, '271', 'Hepatitis b envelope antigen               ( hbeag)', 'Serum ', 'Next Day ', '', '', 'A', 'Daily', 'ELISA ', '2012-11-10 06:05:15', '2012-11-10 06:05:15', NULL, NULL, NULL, NULL, NULL),
(287, 'Nandi Diagnostics', 'Hyderabad', '0', 1, 1, '272', 'Hepatitis b surface antibody total (anti hbs)', 'Serum ', 'Next Day ', '', '', 'A', 'Daily', 'ELISA ', '2012-11-10 06:10:36', '2012-11-10 06:10:36', NULL, NULL, NULL, NULL, NULL),
(288, 'Nandi Diagnostics', 'Hyderabad', '0', 1, 1, '273', 'Hepatitis b surface antigen  (hbsag)', 'Serum ', 'Next Day ', '', '', 'A', 'Daily', 'CLIA / ELISA ', '2012-11-10 06:11:36', '2012-11-10 06:11:36', NULL, NULL, NULL, NULL, NULL),
(289, 'Nandi Diagnostics', 'Hyderabad', '0', 1, 1, '274', 'Hepatitis b virus  - viral load', 'WB - EDTA/ Serum ', 'Same Day ', '', '', 'R/F', '1,3,5', 'Real Time PCR ', '2012-11-10 06:13:44', '2012-11-10 06:13:44', NULL, NULL, NULL, NULL, NULL),
(290, 'Nandi Diagnostics', 'Hyderabad', '0', 1, 1, '275', 'Hepatitis b virus  -  qualitative', 'WB - EDTA ', 'Same Day ', '', '', 'R/F', '1,3,5', 'Real Time PCR ', '2012-11-10 06:14:43', '2012-11-10 06:14:43', NULL, NULL, NULL, NULL, NULL),
(291, 'Nandi Diagnostics', 'Hyderabad', '0', 1, 1, '276', 'Hepatitis c virus  -  qualitative', 'WB - EDTA ', 'Same Day ', '', '', 'R/F', '2,4,6', 'Real Time PCR ', '2012-11-10 06:17:07', '2012-11-10 06:17:07', NULL, NULL, NULL, NULL, NULL),
(292, 'Nandi Diagnostics', 'Hyderabad', '0', 1, 1, '277', 'Hepatitis c virus  -  viral load', 'WB - EDTA ', 'Same Day ', '', '', 'R/F', '2,4,6', 'Real Time PCR ', '2012-11-10 06:18:28', '2012-11-10 06:18:28', NULL, NULL, NULL, NULL, NULL),
(293, 'Nandi Diagnostics', 'Hyderabad', '0', 1, 1, '278', 'Hepatitis c virus  -  genotyping', 'Serum ', 'Next Day ', '', '', 'R/F', '4', 'Real Time PCR ', '2012-11-10 06:25:57', '2012-11-10 06:25:57', NULL, NULL, NULL, NULL, NULL),
(294, 'Nandi Diagnostics', 'Hyderabad', '0', 1, 1, '279', 'Hepatitis c virus                                       (hcv antibody)', 'Serum ', 'Next Day ', '', '', 'A', 'Daily', 'ELISA ', '2012-11-10 06:27:05', '2012-11-10 06:27:05', NULL, NULL, NULL, NULL, NULL),
(295, 'Nandi Diagnostics', 'Hyderabad', '0', 1, 1, '280', 'Hepatitis c ore antibody igm (anti hbc igm )', 'Serum ', 'Same Day ', '', '', 'A', 'Daily', 'CLIA ', '2012-11-10 06:28:16', '2012-11-10 06:28:16', NULL, NULL, NULL, NULL, NULL),
(296, 'Nandi Diagnostics', 'Hyderabad', '0', 1, 1, '281', 'Hepatitis c ore antibody total             ( hbcab total )', 'Serum ', 'Same Day ', '', '', 'A', 'Daily', 'CLIA ', '2012-11-10 06:29:20', '2012-11-10 06:29:20', NULL, NULL, NULL, NULL, NULL),
(297, 'Nandi Diagnostics', 'Hyderabad', '0', 1, 1, '282', 'Hepatitis e virus  - igg (hev igg)', 'Serum ', 'Next Day ', '', '', 'A', 'Daily', 'ELISA ', '2012-11-10 06:30:24', '2012-11-10 06:30:24', NULL, NULL, NULL, NULL, NULL),
(298, 'Nandi Diagnostics', 'Hyderabad', '0', 1, 1, '283', 'Hepatitis simplex virus  -1 & 2 igg', 'Serum ', 'Next Day ', '', '', 'A', 'Daily', 'ELISA ', '2012-11-10 06:31:15', '2012-11-10 06:31:15', NULL, NULL, NULL, NULL, NULL),
(299, 'Nandi Diagnostics', 'Hyderabad', '0', 1, 1, '284', 'Hepatitis simplex virus  -1 & 2 igm', 'Serum ', 'Next Day ', '', '', 'A', 'Daily', 'ELISA ', '2012-11-10 06:32:22', '2012-11-10 06:32:22', NULL, NULL, NULL, NULL, NULL),
(300, 'Nandi Diagnostics', 'Hyderabad', '0', 1, 1, '285', 'Hepatitis simplex virus  -1  igg', 'Serum ', 'Next Day ', '', '', 'A', 'Daily', 'ELISA ', '2012-11-10 06:33:43', '2012-11-10 06:33:43', NULL, NULL, NULL, NULL, NULL),
(301, 'Nandi Diagnostics', 'Hyderabad', '0', 1, 1, '286', 'Hepatitis simplex virus  -1 igm', 'Serum ', 'Next Day ', '', '', 'A', 'Daily', 'ELISA ', '2012-11-10 06:34:33', '2012-11-10 06:34:33', NULL, NULL, NULL, NULL, NULL),
(302, 'Nandi Diagnostics', 'Hyderabad', '0', 1, 1, '287', 'Hepatitis simplex virus  -2 igg', 'Serum ', 'Next Day ', '', '', 'A', 'Daily', 'ELISA ', '2012-11-10 06:35:44', '2012-11-10 06:35:44', NULL, NULL, NULL, NULL, NULL),
(303, 'Nandi Diagnostics', 'Hyderabad', '0', 1, 1, '288', 'Hepatitis simplex virus  - 2 igm', 'Serum ', 'Next Day ', '', '', 'A', 'Daily', 'ELISA ', '2012-11-10 06:36:52', '2012-11-10 06:36:52', NULL, NULL, NULL, NULL, NULL),
(304, 'Nandi Diagnostics', 'Hyderabad', '0', 1, 1, '289', 'Hepatitis simplex virus  dna pcr', 'CSF / WB - EDTA ', 'Next Day ', '', '', 'R/F', '3', 'Real Time PCR ', '2012-11-10 06:37:50', '2012-11-10 06:37:50', NULL, NULL, NULL, NULL, NULL),
(305, 'Nandi Diagnostics', 'Hyderabad', '0', 1, 1, '290', 'High sensitive crp (hs crp)', 'Serum ', 'Same Day ', '', '', 'A', 'Daily', 'Immunoturbidometry ', '2012-11-10 06:38:45', '2012-11-10 06:38:45', NULL, NULL, NULL, NULL, NULL),
(306, 'Nandi Diagnostics', 'Hyderabad', '0', 1, 1, '291', 'Hiv - quantitative (viral load)', 'WB - EDTA ', 'Same Day ', '', '', 'R/F', '2,4,6', 'Real Time PCR ', '2012-11-10 06:39:45', '2012-11-10 06:39:45', NULL, NULL, NULL, NULL, NULL),
(307, 'Nandi Diagnostics', 'Hyderabad', '0', 1, 1, '292', 'Hiv 1 & 2 antibody', 'Serum ', 'Next Day ', '', '', 'A', 'Daily', 'ELISA ', '2012-11-10 06:41:26', '2012-11-10 06:41:26', NULL, NULL, NULL, NULL, NULL),
(308, 'Nandi Diagnostics', 'Hyderabad', '0', 1, 1, '293', 'Hiv 1 western blot', 'Serum ', 'Next Day ', '', '', 'A', 'Daily', 'Western Blot ', '2012-11-10 06:42:18', '2012-11-10 06:42:18', NULL, NULL, NULL, NULL, NULL),
(309, 'Nandi Diagnostics', 'Hyderabad', '0', 1, 1, '294', 'Hiv - dna pcr - qualitative', 'WB - EDTA ', 'Same Day ', '', '', 'R/F', '1,3,5', 'Real Time PCR ', '2012-11-10 06:43:08', '2012-11-10 06:43:08', NULL, NULL, NULL, NULL, NULL),
(310, 'Nandi Diagnostics', 'Hyderabad', '0', 1, 1, '295', 'Hiv - rna pcr - qualitative', 'WB - EDTA ', 'Same Day ', '', '', 'R/F', '2,4,6', 'Real Time PCR ', '2012-11-10 06:44:02', '2012-11-10 06:44:02', NULL, NULL, NULL, NULL, NULL),
(311, 'Nandi Diagnostics', 'Hyderabad', '0', 1, 1, '296', 'Hiv - i durg resistance assay (rt)', 'EDTA - Plasma ', '15 th Day ', '', '', 'F', 'Daily', 'Phenotyping ', '2012-11-10 06:46:25', '2012-11-10 06:46:25', NULL, NULL, NULL, NULL, NULL),
(312, 'Nandi Diagnostics', 'Hyderabad', '0', 1, 1, '297', 'Hiv - i durg resistance assay (pi)', 'EDTA - Plasma ', '15 th Day ', '', '', 'F', 'Daily', 'Phenotyping ', '2012-11-10 06:47:43', '2012-11-10 06:47:43', NULL, NULL, NULL, NULL, NULL),
(313, 'Nandi Diagnostics', 'Hyderabad', '0', 1, 1, '298', 'Hla b - 27', 'WB - EDTA ', 'Same Day ', '', '', 'A/R', 'Daily', 'Flow cytometry ', '2012-11-10 06:48:35', '2012-11-10 06:48:35', NULL, NULL, NULL, NULL, NULL),
(314, 'Nandi Diagnostics', 'Hyderabad', '0', 1, 1, '299', 'Homocysteine', 'Serum / Plasma ', 'Same Day ', '', '', 'A', 'Daily', 'Chemiluminescence ', '2012-11-10 06:49:28', '2012-11-10 06:49:28', NULL, NULL, NULL, NULL, NULL),
(315, 'Nandi Diagnostics', 'Hyderabad', '0', 1, 1, '300', 'Immunofixation electrophoresis', 'Serum ', 'Same Day ', '', '', 'R/F', '2,5', 'Electrophoresis ', '2012-11-10 06:50:46', '2012-11-10 06:50:46', NULL, NULL, NULL, NULL, NULL),
(316, 'Nandi Diagnostics', 'Hyderabad', '0', 1, 1, '301', 'Immunoglobulin a (iga)', 'Serum ', 'Same Day ', '', '', 'R/F', 'Daily', 'Immunoturbidometry ', '2012-11-10 07:31:38', '2012-11-10 07:31:38', NULL, NULL, NULL, NULL, NULL),
(317, 'Nandi Diagnostics', 'Hyderabad', '0', 1, 1, '302', 'Immunoglobulin g (igg)', 'Serum ', 'Same Day ', '', '', 'R/F', 'Daily', 'Immunoturbidometry ', '2012-11-10 07:33:58', '2012-11-10 07:33:58', NULL, NULL, NULL, NULL, NULL),
(318, 'Nandi Diagnostics', 'Hyderabad', '0', 3, 3, '303', 'Immunoglobulin m (igm)', 'Serum ', 'Same Day ', '', '', 'R/F', 'Daily', 'Immunoturbidometry ', '2012-11-10 07:35:54', '2013-01-16 09:11:59', NULL, 'Days', '', '', ''),
(319, 'Nandi Diagnostics', 'Hyderabad', '0', 1, 1, '304', 'Infectious mononucleosis', 'Serum ', 'Same Day ', '', '', 'A', 'Daily', 'Agglutination Method ', '2012-11-10 07:36:48', '2012-11-10 07:36:48', NULL, NULL, NULL, NULL, NULL),
(320, 'Nandi Diagnostics', 'Hyderabad', '0', 1, 1, '305', 'Insulin (fasting)', 'Serum ', 'Same Day ', '', '', 'F/R', 'Daily', 'Chemiluminescence ', '2012-11-10 07:37:48', '2012-11-10 07:37:48', NULL, NULL, NULL, NULL, NULL),
(321, 'Nandi Diagnostics', 'Hyderabad', '0', 1, 1, '306', 'Insulin (post lunch)', 'Serum ', 'Same Day ', '', '', 'F/R', 'Daily', 'Chemiluminescence ', '2012-11-10 07:39:12', '2012-11-10 07:39:12', NULL, NULL, NULL, NULL, NULL),
(322, 'Nandi Diagnostics', 'Hyderabad', '0', 1, 16, '307', 'Insulin - like growth factor    (igf - i)', 'Serum ', 'Same Day ', '', '', 'A/R', '2,5', 'Chemiluminescence ', '2012-11-10 07:40:09', '2013-01-18 07:53:27', NULL, 'Days', '', '', ''),
(323, 'Nandi Diagnostics', 'Hyderabad', '0', 1, 1, '308', 'Intact parathyroid hormone (ipth)', 'Serum ', 'Same Day ', '', '', 'R/F', 'Daily', 'Chemiluminescence ', '2012-11-10 07:41:16', '2012-11-10 07:41:16', NULL, NULL, NULL, NULL, NULL),
(324, 'Nandi Diagnostics', 'Hyderabad', '0', 1, 1, '309', 'Iron', 'Serum ', 'Same Day ', '', '', 'A/R', 'Daily', 'spectrophtometry ', '2012-11-10 07:42:35', '2012-11-10 07:42:35', NULL, NULL, NULL, NULL, NULL),
(325, 'Nandi Diagnostics', 'Hyderabad', '0', 1, 1, '310', 'Iron binding capacity - total (tibc)', 'Serum ', 'Same Day ', '', '', 'A/R', 'Daily', 'spectrophtometry ', '2012-11-10 07:43:40', '2012-11-10 07:43:40', NULL, NULL, NULL, NULL, NULL),
(326, 'Nandi Diagnostics', 'Hyderabad', '0', 1, 1, '311', 'Ionized calcium', 'Serum ', 'Same Day ', '', '', 'A/R', 'Daily', 'ISE ', '2012-11-10 07:47:38', '2012-11-10 07:47:38', NULL, NULL, NULL, NULL, NULL),
(327, 'Nandi Diagnostics', 'Hyderabad', '0', 1, 1, '312', 'Ihc - estrogen receptior / progesterone receptior (er/pr)', 'Paraffin Blocks / Tissue in Buffered Formalin ', '168 Hrs ', '', '', 'R', 'Daily', 'IHC ', '2012-11-10 07:48:39', '2012-11-10 07:48:39', NULL, NULL, NULL, NULL, NULL),
(328, 'Nandi Diagnostics', 'Hyderabad', '0', 1, 1, '313', 'Ihc - her - 2 /neu', 'Any Specimen / Blocks / Slides ', '168 Hrs ', '', '', 'A', '6', 'Microscopy / IHC ', '2012-11-10 07:49:51', '2012-11-10 07:49:51', NULL, NULL, NULL, NULL, NULL),
(329, 'Nandi Diagnostics', 'Hyderabad', '0', 1, 1, '314', 'Ihc - inhibin', 'Paraffin Blocks / Tissue in Buffered Formalin ', '168 Hrs ', '', '', 'A', '1,6', 'IHC ', '2012-11-10 07:51:24', '2012-11-10 07:51:24', NULL, NULL, NULL, NULL, NULL),
(330, 'Nandi Diagnostics', 'Hyderabad', '0', 1, 1, '315', 'Ihc - cd3', 'Paraffin Blocks / Tissue in Buffered Formalin ', '168 Hrs ', '', '', 'A', '1,6', 'IHC ', '2012-11-10 07:53:11', '2012-11-10 07:53:11', NULL, NULL, NULL, NULL, NULL),
(331, 'Nandi Diagnostics', 'Hyderabad', '0', 1, 1, '316', 'Ihc - cd5', 'Paraffin Blocks / Tissue in Buffered Formalin ', '168 Hrs ', '', '', 'A', '1,6', 'IHC ', '2012-11-10 07:54:50', '2012-11-10 07:54:50', NULL, NULL, NULL, NULL, NULL),
(332, 'Nandi Diagnostics', 'Hyderabad', '0', 1, 1, '317', 'Ihc - cd10', 'Paraffin Blocks / Tissue in Buffered Formalin ', '168 Hrs ', '', '', 'A', '1,6', 'IHC ', '2012-11-10 07:55:48', '2012-11-10 07:55:48', NULL, NULL, NULL, NULL, NULL),
(333, 'Nandi Diagnostics', 'Hyderabad', '0', 1, 1, '318', 'Ihc - cd15', 'Paraffin Blocks / Tissue in Buffered Formalin ', '168 Hrs ', '', '', 'A', '1,6', 'IHC ', '2012-11-10 07:57:15', '2012-11-10 07:57:15', NULL, NULL, NULL, NULL, NULL),
(334, 'Nandi Diagnostics', 'Hyderabad', '0', 1, 1, '319', 'Ihc - cd20', 'Paraffin Blocks / Tissue in Buffered Formalin ', '168 Hrs ', '', '', 'A', '1,6', 'IHC ', '2012-11-10 07:59:07', '2012-11-10 07:59:07', NULL, NULL, NULL, NULL, NULL),
(335, 'Nandi Diagnostics', 'Hyderabad', '0', 1, 1, '320', 'Ihc - cd23', 'Paraffin Blocks / Tissue in Buffered Formalin ', '168 Hrs ', '', '', 'A', '1,6', 'IHC ', '2012-11-10 08:00:16', '2012-11-10 08:00:16', NULL, NULL, NULL, NULL, NULL),
(336, 'Nandi Diagnostics', 'Hyderabad', '0', 1, 1, '321', 'Ihc - cd30', 'Paraffin Blocks / Tissue in Buffered Formalin ', '168 Hrs ', '', '', 'A', '1,6', 'IHC ', '2012-11-10 10:17:51', '2012-11-10 10:17:51', NULL, NULL, NULL, NULL, NULL),
(337, 'Nandi Diagnostics', 'Hyderabad', '0', 1, 1, '322', 'Ihc - cd45', 'Paraffin Blocks / Tissue in Buffered Formalin ', '168 Hrs ', '', '', 'A', '1,6', 'IHC ', '2012-11-10 10:18:54', '2012-11-10 10:18:54', NULL, NULL, NULL, NULL, NULL),
(338, 'Nandi Diagnostics', 'Hyderabad', '0', 1, 1, '323', 'Ihc - cd68', 'Paraffin Blocks / Tissue in Buffered Formalin ', '168 Hrs ', '', '', 'A', '1,6', 'IHC ', '2012-11-10 10:20:29', '2012-11-10 10:20:29', NULL, NULL, NULL, NULL, NULL),
(339, 'Nandi Diagnostics', 'Hyderabad', '0', 1, 1, '324', 'Ihc - cd117', 'Paraffin Blocks / Tissue in Buffered Formalin ', '168 Hrs ', '', '', 'A', '1,6', 'IHC ', '2012-11-10 10:40:47', '2012-11-10 10:40:47', NULL, NULL, NULL, NULL, NULL),
(340, 'Nandi Diagnostics', 'Hyderabad', '0', 1, 1, '325', 'Ihc - bcl2', 'Paraffin Blocks / Tissue in Buffered Formalin ', '168 Hrs ', '', '', 'A', '1,6', 'IHC ', '2012-11-10 10:42:30', '2012-11-10 10:42:30', NULL, NULL, NULL, NULL, NULL),
(341, 'Nandi Diagnostics', 'Hyderabad', '0', 1, 1, '326', 'Ihc - alk1', 'Paraffin Blocks / Tissue in Buffered Formalin ', '168 Hrs ', '', '', 'A', '1,6', 'IHC ', '2012-11-10 10:43:30', '2012-11-10 10:43:30', NULL, NULL, NULL, NULL, NULL),
(342, 'Nandi Diagnostics', 'Hyderabad', '0', 1, 1, '327', 'Ihc - bcl6', 'Paraffin Blocks / Tissue in Buffered Formalin ', '168 Hrs ', '', '', 'A', '1,6', 'IHC ', '2012-11-10 10:44:34', '2012-11-10 10:44:34', NULL, NULL, NULL, NULL, NULL),
(343, 'Nandi Diagnostics', 'Hyderabad', '0', 1, 1, '328', 'Ihc - mum1', 'Paraffin Blocks / Tissue in Buffered Formalin ', '168 Hrs ', '', '', 'A', '1,6', 'IHC ', '2012-11-10 10:45:31', '2012-11-10 10:45:31', NULL, NULL, NULL, NULL, NULL),
(344, 'Nandi Diagnostics', 'Hyderabad', '0', 1, 1, '329', 'Ihc - cyclin - d', 'Paraffin Blocks / Tissue in Buffered Formalin ', '168 Hrs ', '', '', 'A', '1,6', 'IHC ', '2012-11-10 10:46:44', '2012-11-10 10:46:44', NULL, NULL, NULL, NULL, NULL),
(345, 'Nandi Diagnostics', 'Hyderabad', '0', 1, 1, '330', 'Ihc - tdt', 'Paraffin Blocks / Tissue in Buffered Formalin ', '168 Hrs ', '', '', 'A', '1,6', 'IHC ', '2012-11-10 10:48:04', '2012-11-10 10:48:04', NULL, NULL, NULL, NULL, NULL),
(346, 'Nandi Diagnostics', 'Hyderabad', '0', 1, 1, '331', 'Ihc - mpo', 'Paraffin Blocks / Tissue in Buffered Formalin ', '168 Hrs ', '', '', 'A', '1,6', 'IHC ', '2012-11-10 10:49:09', '2012-11-10 10:49:09', NULL, NULL, NULL, NULL, NULL),
(347, 'Nandi Diagnostics', 'Hyderabad', '0', 1, 1, '332', 'Ihc - cytokeratin  7', 'Paraffin Blocks / Tissue in Buffered Formalin ', '168 Hrs ', '', '', 'A', '1,6', 'IHC ', '2012-11-10 10:50:23', '2012-11-10 10:50:23', NULL, NULL, NULL, NULL, NULL),
(348, 'Nandi Diagnostics', 'Hyderabad', '0', 1, 1, '333', 'Ihc - cytokeratin  19', 'Paraffin Blocks / Tissue in Buffered Formalin ', '168 Hrs ', '', '', 'A', '1,6', 'IHC ', '2012-11-10 10:51:15', '2012-11-10 10:51:15', NULL, NULL, NULL, NULL, NULL),
(349, 'Nandi Diagnostics', 'Hyderabad', '0', 1, 1, '334', 'Ihc - cytokeratin  20', 'Paraffin Blocks / Tissue in Buffered Formalin ', '168 Hrs ', '', '', 'A', '1,6', 'IHC ', '2012-11-10 10:53:03', '2012-11-10 10:53:03', NULL, NULL, NULL, NULL, NULL),
(350, 'Nandi Diagnostics', 'Hyderabad', '0', 1, 1, '335', 'Ihc - desmin', 'Paraffin Blocks / Tissue in Buffered Formalin ', '168 Hrs ', '', '', 'A', '1,6', 'IHC ', '2012-11-10 10:54:03', '2012-11-10 10:54:03', NULL, NULL, NULL, NULL, NULL),
(351, 'Nandi Diagnostics', 'Hyderabad', '0', 1, 1, '336', 'Ihc - pancytokeratin', 'Paraffin Blocks / Tissue in Buffered Formalin ', '168 Hrs ', '', '', 'A', '1,6', 'IHC ', '2012-11-10 10:55:12', '2012-11-10 10:55:12', NULL, NULL, NULL, NULL, NULL),
(352, 'Nandi Diagnostics', 'Hyderabad', '0', 1, 1, '337', 'Ihc - lmw - k', 'Paraffin Blocks / Tissue in Buffered Formalin ', '168 Hrs ', '', '', 'A', '1,6', 'IHC ', '2012-11-10 10:56:02', '2012-11-10 10:56:02', NULL, NULL, NULL, NULL, NULL),
(353, 'Nandi Diagnostics', 'Hyderabad', '0', 1, 1, '338', 'Ihc - hmw  - k', 'Paraffin Blocks / Tissue in Buffered Formalin ', '168 Hrs ', '', '', 'A', '1,6', 'IHC ', '2012-11-10 10:56:55', '2012-11-10 10:56:55', NULL, NULL, NULL, NULL, NULL),
(354, 'Nandi Diagnostics', 'Hyderabad', '0', 1, 1, '339', 'Ihc - thyroid transcripetion factor', 'Paraffin Blocks / Tissue in Buffered Formalin ', '168 Hrs ', '', '', 'A', '1,6', 'IHC ', '2012-11-10 10:57:49', '2012-11-10 10:57:49', NULL, NULL, NULL, NULL, NULL),
(355, 'Nandi Diagnostics', 'Hyderabad', '0', 1, 1, '340', 'Ihc - plap', 'Paraffin Blocks / Tissue in Buffered Formalin ', '168 Hrs ', '', '', 'A', '1,6', 'IHC ', '2012-11-10 10:58:46', '2012-11-10 10:58:46', NULL, NULL, NULL, NULL, NULL),
(356, 'Nandi Diagnostics', 'Hyderabad', '0', 1, 1, '341', 'Ihc - beta hcg', 'Paraffin Blocks / Tissue in Buffered Formalin ', '168 Hrs ', '', '', 'A', '1,6', 'IHC ', '2012-11-10 10:59:32', '2012-11-10 10:59:32', NULL, NULL, NULL, NULL, NULL),
(357, 'Nandi Diagnostics', 'Hyderabad', '0', 1, 1, '342', 'Ihc - gcdfp', 'Paraffin Blocks / Tissue in Buffered Formalin ', '168 Hrs ', '', '', 'A', '1,6', 'IHC ', '2012-11-10 11:00:48', '2012-11-10 11:00:48', NULL, NULL, NULL, NULL, NULL),
(358, 'Nandi Diagnostics', 'Hyderabad', '0', 1, 1, '343', 'Ihc - gfap', 'Paraffin Blocks / Tissue in Buffered Formalin ', '168 Hrs ', '', '', 'A', '1,6', 'IHC ', '2012-11-10 11:01:47', '2012-11-10 11:01:47', NULL, NULL, NULL, NULL, NULL),
(359, 'Nandi Diagnostics', 'Hyderabad', '0', 1, 1, '344', 'Ihc - vimentin', 'Paraffin Blocks / Tissue in Buffered Formalin ', '168 Hrs ', '', '', 'A', '1,6', 'IHC ', '2012-11-10 11:02:35', '2012-11-10 11:02:35', NULL, NULL, NULL, NULL, NULL),
(360, 'Nandi Diagnostics', 'Hyderabad', '0', 1, 1, '345', 'Ihc - neuron specific enolase', 'Paraffin Blocks / Tissue in Buffered Formalin ', '168 Hrs ', '', '', 'A', '1,6', 'IHC ', '2012-11-10 11:04:05', '2012-11-10 11:04:05', NULL, NULL, NULL, NULL, NULL),
(361, 'Nandi Diagnostics', 'Hyderabad', '0', 1, 1, '346', 'Ihc - s 100', 'Paraffin Blocks / Tissue in Buffered Formalin ', '168 Hrs ', '', '', 'A', '1,6', 'IHC ', '2012-11-10 11:04:58', '2012-11-10 11:04:58', NULL, NULL, NULL, NULL, NULL),
(362, 'Nandi Diagnostics', 'Hyderabad', '0', 1, 1, '347', 'Ihc - hmb 45', 'Paraffin Blocks / Tissue in Buffered Formalin ', '168 Hrs ', '', '', 'A', '1,6', 'IHC ', '2012-11-10 11:05:46', '2012-11-10 11:05:46', NULL, NULL, NULL, NULL, NULL),
(363, 'Nandi Diagnostics', 'Hyderabad', '0', 1, 1, '348', 'Ihc - thyroglobulin', 'Paraffin Blocks / Tissue in Buffered Formalin ', '168 Hrs ', '', '', 'A', '1,6', 'IHC ', '2012-11-10 11:06:33', '2012-11-10 11:06:33', NULL, NULL, NULL, NULL, NULL),
(364, 'Nandi Diagnostics', 'Hyderabad', '0', 1, 1, '349', 'Ihc - epithelial membrane antigen', 'Paraffin Blocks / Tissue in Buffered Formalin ', '168 Hrs ', '', '', 'A', '1,6', 'IHC ', '2012-11-10 11:07:29', '2012-11-10 11:07:29', NULL, NULL, NULL, NULL, NULL),
(365, 'Nandi Diagnostics', 'Hyderabad', '0', 1, 1, '350', 'Ihc - smooth muscle antigen', 'Paraffin Blocks / Tissue in Buffered Formalin ', '168 Hrs ', '', '', 'A', '1,6', 'IHC ', '2012-11-10 11:08:36', '2012-11-10 11:08:36', NULL, NULL, NULL, NULL, NULL),
(366, 'Nandi Diagnostics', 'Hyderabad', '0', 1, 1, '351', 'Ihc - chromogranin', 'Paraffin Blocks / Tissue in Buffered Formalin ', '168 Hrs ', '', '', 'A', '1,6', 'IHC ', '2012-11-10 11:09:50', '2012-11-10 11:09:50', NULL, NULL, NULL, NULL, NULL),
(367, 'Nandi Diagnostics', 'Hyderabad', '0', 1, 1, '352', 'Ihc - synaptophysin', 'Paraffin Blocks / Tissue in Buffered Formalin ', '168 Hrs ', '', '', 'A', '1,6', 'IHC ', '2012-11-10 11:10:47', '2012-11-10 11:10:47', NULL, NULL, NULL, NULL, NULL),
(368, 'Nandi Diagnostics', 'Hyderabad', '0', 1, 1, '353', 'Koh preparation for fungus (wet mount)', 'Urine / Swab / Pus / Nail /Hair /Sputum / Body Fluids / CSF ', 'Same Day ', '', '', 'A', 'Daily', 'Microscopy ', '2012-11-10 11:11:42', '2012-11-10 11:11:42', NULL, NULL, NULL, NULL, NULL),
(369, 'Nandi Diagnostics', 'Hyderabad', '0', 1, 1, '354', 'Lactate', 'Plasma Fluoride ', 'Same Day ', '', '', 'R/F', 'Daily', 'Spectophotometry ', '2012-11-10 11:12:44', '2012-11-10 11:12:44', NULL, NULL, NULL, NULL, NULL),
(370, 'Nandi Diagnostics', 'Hyderabad', '0', 1, 1, '355', 'Lactate', 'CSF ', 'Same Day ', '', '', 'R/F', 'Daily', 'Spectophotometry ', '2012-11-10 11:14:25', '2012-11-10 11:14:25', NULL, NULL, NULL, NULL, NULL),
(371, 'Nandi Diagnostics', 'Hyderabad', '0', 1, 1, '356', 'Lactate dehyderogenase (ldh)', 'Serum ', 'Same Day ', '', '', 'A/R', 'Daily', 'Spectophotometry ', '2012-11-10 11:18:27', '2012-11-10 11:18:27', NULL, NULL, NULL, NULL, NULL),
(372, 'Nandi Diagnostics', 'Hyderabad', '0', 1, 1, '357', 'Lactate dehyderogenase (ldh)', 'CSF ', 'Same Day ', '', '', 'A/R', 'Daily', 'Spectophotometry ', '2012-11-10 11:19:16', '2012-11-10 11:19:16', NULL, NULL, NULL, NULL, NULL),
(373, 'Nandi Diagnostics', 'Hyderabad', '0', 1, 1, '358', 'Lactate dehyderogenase (ldh)', 'Pleural fluid ', 'Same Day ', '', '', 'A/R', 'Daily', 'Spectophotometry ', '2012-11-10 11:20:11', '2012-11-10 11:20:11', NULL, NULL, NULL, NULL, NULL),
(374, 'Nandi Diagnostics', 'Hyderabad', '0', 1, 1, '359', 'Lactate dehyderogenase (ldh)', 'Acitic Fluid ', 'Same Day ', '', '', 'A/R', 'Daily', 'Spectophotometry ', '2012-11-10 11:21:01', '2012-11-10 11:21:01', NULL, NULL, NULL, NULL, NULL),
(375, 'Nandi Diagnostics', 'Hyderabad', '0', 1, 1, '360', 'Le cells', 'WB-NA. Heparin ', 'Same Day ', '', '', 'A', 'Daily', 'Microscopy ', '2012-11-10 11:24:46', '2012-11-10 11:24:46', NULL, NULL, NULL, NULL, NULL),
(376, 'Nandi Diagnostics', 'Hyderabad', '0', 1, 1, '361', 'Lead', 'WB-NA. Heparin ', '72 HRS ', '', '', 'A/R', 'Daily', 'AAS ', '2012-11-10 11:25:56', '2012-11-10 11:25:56', NULL, NULL, NULL, NULL, NULL),
(377, 'Nandi Diagnostics', 'Hyderabad', '0', 1, 1, '362', 'Lead', 'Urine ', '72 HRS ', '', '', 'A/R', 'Daily', 'AAS ', '2012-11-10 11:26:43', '2012-11-10 11:26:43', NULL, NULL, NULL, NULL, NULL),
(378, 'Nandi Diagnostics', 'Hyderabad', '0', 1, 1, '363', 'Leptospira antybody igg', 'serum ', 'Next Day ', '', '', 'A/R', 'Daily', 'ELISA/ ICT ', '2012-11-10 11:29:46', '2012-11-10 11:29:46', NULL, NULL, NULL, NULL, NULL),
(379, 'Nandi Diagnostics', 'Hyderabad', '0', 1, 1, '364', 'Leptospira antybody igm', 'serum ', 'Next Day ', '', '', 'A/R', 'Daily', 'ELISA/ ICT ', '2012-11-10 11:30:47', '2012-11-10 11:30:47', NULL, NULL, NULL, NULL, NULL),
(380, 'Nandi Diagnostics', 'Hyderabad', '0', 1, 1, '365', 'Leptospira detection', 'WB-Heparin / Urine ', 'Same Day ', '', '', 'A', 'Daily', 'Dark field microscopy ', '2012-11-10 11:31:59', '2012-11-10 11:34:09', NULL, NULL, NULL, NULL, NULL),
(381, 'Nandi Diagnostics', 'Hyderabad', '0', 1, 1, '366', 'Leptospira dna pcr', 'WB-EDTA ', 'Next Day ', '', '', 'R', '5', 'Real Time PCR ', '2012-11-10 11:33:11', '2012-11-10 11:33:11', NULL, NULL, NULL, NULL, NULL),
(382, 'Nandi Diagnostics', 'Hyderabad', '0', 1, 1, '367', 'Lipase', 'serum ', 'Same Day ', '', '', 'A/R', 'Daily', 'Immunoturbidometry ', '2012-11-10 11:37:02', '2012-11-10 11:37:02', NULL, NULL, NULL, NULL, NULL),
(383, 'Nandi Diagnostics', 'Hyderabad', '0', 1, 1, '368', 'Lipoprotein a (lp-a)', 'serum ', 'Same Day ', '', '', 'A', 'Daily', 'spectrophtometry ', '2012-11-10 11:39:17', '2012-11-10 11:39:17', NULL, NULL, NULL, NULL, NULL),
(384, 'Nandi Diagnostics', 'Hyderabad', '0', 1, 1, '369', 'Lithium (li)', 'serum ', 'Same Day ', '', '', 'A/R', 'Daily', 'spectrophtometry / ISE ', '2012-11-10 11:41:11', '2012-11-10 11:41:11', NULL, NULL, NULL, NULL, NULL),
(385, 'Nandi Diagnostics', 'Hyderabad', '0', 1, 1, '370', 'Lupus anticoagulant', 'Na Citrate - Plasma ', 'Same Day ', '', '', 'F', 'Daily', 'clotting ', '2012-11-10 11:42:04', '2012-11-10 11:42:04', NULL, NULL, NULL, NULL, NULL),
(386, 'Nandi Diagnostics', 'Hyderabad', '0', 1, 1, '371', 'Luteinising hormone (lh)', 'serum ', 'Same Day ', '', '', 'A/R', 'Daily', 'Chemiluminescence ', '2012-11-10 11:48:02', '2012-11-10 11:48:02', NULL, NULL, NULL, NULL, NULL),
(387, 'Nandi Diagnostics', 'Hyderabad', '0', 1, 1, '372', 'Liver-kidney microsome (lkm) - 1 antybody', 'serum ', 'Next Day ', '', '', 'A/R', '3,6', 'Elisa ', '2012-11-10 12:01:56', '2012-11-10 12:01:56', NULL, NULL, NULL, NULL, NULL),
(388, 'Nandi Diagnostics', 'Hyderabad', '0', 1, 1, '373', 'Magnesium', 'serum ', 'Same Day ', '', '', 'A/R', 'Daily', 'Spectophotometry ', '2012-11-10 12:03:04', '2012-11-10 12:03:04', NULL, NULL, NULL, NULL, NULL),
(389, 'Nandi Diagnostics', 'Hyderabad', '0', 1, 1, '374', 'Malarial falciparum and vivax antigen (parasite v & f)', 'WB-EDTA ', 'Same Day ', '', '', 'A', 'Daily', 'Immunochromatography ', '2012-11-10 12:04:14', '2012-11-10 12:04:14', NULL, NULL, NULL, NULL, NULL),
(390, 'Nandi Diagnostics', 'Hyderabad', '0', 1, 1, '375', 'Malarial parasite identification', 'WB-EDTA ', 'Same Day ', '', '', 'A', 'Daily', 'Microscopy ', '2012-11-10 12:05:11', '2012-11-10 12:05:11', NULL, NULL, NULL, NULL, NULL),
(391, 'Nandi Diagnostics', 'Hyderabad', '0', 1, 1, '376', 'Malarial parasite identification', 'WB-EDTA ', '48 HRS ', '', '', 'A', 'Daily', 'QBC Method ', '2012-11-10 12:06:05', '2012-11-10 12:06:05', NULL, NULL, NULL, NULL, NULL),
(392, 'Nandi Diagnostics', 'Hyderabad', '0', 1, 1, '377', 'Marijuana', 'Urine ', 'Same Day ', '', '', 'A', 'Daily', 'Flow Chromatography ', '2012-11-10 12:08:09', '2012-11-10 12:08:09', NULL, NULL, NULL, NULL, NULL),
(393, 'Nandi Diagnostics', 'Hyderabad', '0', 1, 1, '378', 'Mean corpuscular hemoglobin (mch)', 'WB-EDTA ', 'Same Day ', '', '', 'A', 'Daily', 'Cell Counter ', '2012-11-10 12:09:58', '2012-11-10 12:09:58', NULL, NULL, NULL, NULL, NULL),
(394, 'Nandi Diagnostics', 'Hyderabad', '0', 1, 1, '379', 'Mean corpuscular hemoglobin  concentration (mchc)', 'WB-EDTA ', 'Same Day ', '', '', 'A', 'Daily', 'Cell Counter ', '2012-11-10 12:11:03', '2012-11-10 12:11:03', NULL, NULL, NULL, NULL, NULL),
(395, 'Nandi Diagnostics', 'Hyderabad', '0', 1, 1, '380', 'Mean corpuscular volume (mcv)', 'WB-EDTA ', 'Same Day ', '', '', 'A', 'Daily', 'Cell Counter ', '2012-11-10 12:19:54', '2012-11-10 12:19:54', NULL, NULL, NULL, NULL, NULL),
(396, 'Nandi Diagnostics', 'Hyderabad', '0', 1, 1, '381', 'Mean platelet volume', 'WB-EDTA ', 'Same Day ', '', '', 'A', 'Daily', 'Cell Counter ', '2012-11-10 12:20:49', '2012-11-10 12:20:49', NULL, NULL, NULL, NULL, NULL),
(397, 'Nandi Diagnostics', 'Hyderabad', '0', 1, 1, '382', 'Mercury', 'Urine ', '72HRS ', '', '', 'A', 'Daily', 'AAS ', '2012-11-10 12:21:50', '2012-11-10 12:21:50', NULL, NULL, NULL, NULL, NULL),
(398, 'Nandi Diagnostics', 'Hyderabad', '0', 1, 1, '383', 'Mercury', 'Nail ', '72HRS ', '', '', 'A', 'Daily', 'AAS ', '2012-11-10 12:22:47', '2012-11-10 12:22:47', NULL, NULL, NULL, NULL, NULL),
(399, 'Nandi Diagnostics', 'Hyderabad', '0', 1, 1, '384', 'Mercury', 'Hair ', '72HRS ', '', '', 'A', 'Daily', 'AAS ', '2012-11-10 12:23:51', '2012-11-10 12:23:51', NULL, NULL, NULL, NULL, NULL),
(400, 'Nandi Diagnostics', 'Hyderabad', '0', 1, 1, '385', 'Mercury', 'Serum ', '72HRS ', '', '', 'A/R', 'Daily', 'AAS ', '2012-11-10 12:24:55', '2012-11-10 12:24:55', NULL, NULL, NULL, NULL, NULL),
(401, 'Nandi Diagnostics', 'Hyderabad', '0', 1, 1, '386', 'Metaneprines', 'Urine 24 Hrs  Urine Volume ', 'Next Day ', '', '', 'A', '2,5', 'Chromatography ', '2012-11-10 12:25:45', '2012-11-10 12:25:45', NULL, NULL, NULL, NULL, NULL),
(402, 'Nandi Diagnostics', 'Hyderabad', '0', 1, 1, '387', 'Methamphetamin', 'Urine ', 'Same Day ', '', '', 'A', 'Daily', 'Immuno Chromatography ', '2012-11-10 12:26:55', '2012-11-10 12:26:55', NULL, NULL, NULL, NULL, NULL),
(403, 'Nandi Diagnostics', 'Hyderabad', '0', 1, 1, '388', 'Measles (rubeola)                                   antibody igg', 'Serum ', 'Next Day ', '', '', 'A', '1,3,6', 'ELISA ', '2012-11-10 12:27:48', '2012-11-10 12:27:48', NULL, NULL, NULL, NULL, NULL),
(404, 'Nandi Diagnostics', 'Hyderabad', '0', 1, 1, '389', 'Measles (rubeola)                   antibody igm', 'Serum ', 'Next Day ', '', '', 'A/R', '1,3,6', 'ELISA ', '2012-11-10 12:28:50', '2012-11-10 12:28:50', NULL, NULL, NULL, NULL, NULL),
(405, 'Nandi Diagnostics', 'Hyderabad', '0', 1, 1, '390', 'Measles - pcr', 'WB-EDTA ', 'Same Day ', '', '', 'A', '2,5', 'Real Time PCR ', '2012-11-10 12:30:07', '2012-11-10 12:30:07', NULL, NULL, NULL, NULL, NULL),
(406, 'Nandi Diagnostics', 'Hyderabad', '0', 1, 1, '391', 'Microalbuminuria', 'Urine ', 'Same Day ', '', '', 'A', 'Daily', 'Immunoturbidometry ', '2012-11-10 12:31:00', '2012-11-10 12:31:00', NULL, NULL, NULL, NULL, NULL),
(407, 'Nandi Diagnostics', 'Hyderabad', '0', 1, 1, '392', 'Microfilaria antigen', 'Whole Blood ', 'Same Day ', '', '', 'A/R', 'Daily', 'Immunoturbidometry ', '2012-11-10 12:32:03', '2012-11-10 12:32:03', NULL, NULL, NULL, NULL, NULL),
(408, 'Nandi Diagnostics', 'Hyderabad', '0', 1, 1, '393', 'Microfilaria detection', 'Whole Blood ', 'Same Day ', '', '', 'A/R', 'Daily', 'Microscopy ', '2012-11-10 12:33:03', '2012-11-10 12:33:03', NULL, NULL, NULL, NULL, NULL),
(409, 'Nandi Diagnostics', 'Hyderabad', '0', 1, 1, '394', 'Monotoux test', 'NA ', '48-72 HRS ', '', '', 'A/R', 'Daily', 'Intradermal Skin test ', '2012-11-10 12:34:00', '2012-11-10 12:34:00', NULL, NULL, NULL, NULL, NULL),
(410, 'Nandi Diagnostics', 'Hyderabad', '0', 1, 1, '395', 'Mycobacterium tuberculosis complex pcr', 'CSF ', 'Same Day ', '', '', 'A/R', '1,3,5', 'Real Time PCR ', '2012-11-10 12:36:29', '2012-11-10 12:36:29', NULL, NULL, NULL, NULL, NULL),
(411, 'Nandi Diagnostics', 'Hyderabad', '0', 1, 1, '396', 'Mycobacterium tuberculosis complex pcr', 'Tissue ', 'Same Day ', '', '', 'A/R', '1,3,5', 'Real Time PCR ', '2012-11-10 12:37:45', '2012-11-10 12:37:45', NULL, NULL, NULL, NULL, NULL),
(412, 'Nandi Diagnostics', 'Hyderabad', '0', 1, 1, '397', 'Mycobacterium tuberculosis complex pcr', 'Pleural fluid ', 'Same Day ', '', '', 'A/R', '1,3,5', 'Real Time PCR ', '2012-11-10 12:38:54', '2012-11-10 12:38:54', NULL, NULL, NULL, NULL, NULL),
(413, 'Nandi Diagnostics', 'Hyderabad', '0', 1, 1, '398', 'Mycobacterium tuberculosis complex pcr', 'Ascitic Fiuid ', 'Same Day ', '', '', 'A/R', '1,3,5', 'Real Time PCR ', '2012-11-10 12:41:41', '2012-11-10 12:41:41', NULL, NULL, NULL, NULL, NULL),
(414, 'Nandi Diagnostics', 'Hyderabad', '0', 1, 1, '399', 'Mycobacterium tuberculosis complex pcr', 'Synovial Fluid ', 'Same Day ', '', '', 'A/R', '1,3,5', 'Real Time PCR ', '2012-11-10 12:42:55', '2012-11-10 12:42:55', NULL, NULL, NULL, NULL, NULL),
(415, 'Nandi Diagnostics', 'Hyderabad', '0', 1, 1, '400', 'Mycobacterium tuberculosis complex pcr', 'Sputum ', 'Same Day ', '', '', 'A/R', '1,3,5', 'Real Time PCR ', '2012-11-10 12:44:13', '2012-11-10 12:44:13', NULL, NULL, NULL, NULL, NULL),
(416, 'Nandi Diagnostics', 'Hyderabad', '0', 1, 1, '401', 'Mycobacterium tuberculosis complex pcr', 'Bronchial Lavage ', 'Same Day ', '', '', 'A/R', '1,3,5', 'Real Time PCR ', '2012-11-10 12:47:04', '2012-11-10 12:47:04', NULL, NULL, NULL, NULL, NULL),
(417, 'Nandi Diagnostics', 'Hyderabad', '0', 1, 1, '402', 'Mycobacterium tuberculosis complex pcr', 'Pericardial Fiuid ', 'Same Day ', '', '', 'A/R', '1,3,5', 'Real Time PCR ', '2012-11-10 12:47:54', '2012-11-10 12:47:54', NULL, NULL, NULL, NULL, NULL),
(418, 'Nandi Diagnostics', 'Hyderabad', '0', 1, 1, '403', 'Mycobacterium tuberculosis complex pcr', 'WB-EDTA ', 'Same Day ', '', '', 'A/R', '1,3,5', 'Real Time PCR ', '2012-11-10 12:49:48', '2012-11-10 12:49:48', NULL, NULL, NULL, NULL, NULL),
(419, 'Nandi Diagnostics', 'Hyderabad', '0', 1, 1, '404', 'Mycobacterium tuberculosis complex pcr', 'Urine ', 'Same Day ', '', '', 'A/R', '1,3,5', 'Real Time PCR ', '2012-11-10 12:52:27', '2012-11-10 12:52:27', NULL, NULL, NULL, NULL, NULL),
(420, 'Nandi Diagnostics', 'Hyderabad', '0', 1, 1, '405', 'Mycobacterium tuberculosis complex pcr', 'WB-EDTA ', 'Same Day ', '', '', 'A/R', '1,3,5', 'Real Time PCR ', '2012-11-10 12:53:24', '2012-11-10 12:53:24', NULL, NULL, NULL, NULL, NULL),
(421, 'Nandi Diagnostics', 'Hyderabad', '0', 1, 1, '406', 'Myoglobulin', 'Serum ', 'Same Day ', '', '', 'A/R', 'Daily', 'Chemiluminescence ', '2012-11-10 12:55:36', '2012-11-10 12:55:36', NULL, NULL, NULL, NULL, NULL),
(422, 'Nandi Diagnostics', 'Hyderabad', '0', 1, 1, '407', 'Myoglobulin', 'Urine Random ', 'Same Day ', '', '', 'A/R', 'Daily', 'Chemiluminescence ', '2012-11-10 12:58:01', '2012-11-10 12:58:01', NULL, NULL, NULL, NULL, NULL),
(423, 'Nandi Diagnostics', 'Hyderabad', '0', 1, 1, '408', 'Mumps virus antibody igg', 'Serum ', 'Same Day ', '', '', 'A/R', '1,3,6', 'ELISA ', '2012-11-10 12:59:33', '2012-11-10 12:59:33', NULL, NULL, NULL, NULL, NULL),
(424, 'Nandi Diagnostics', 'Hyderabad', '0', 1, 1, '409', 'Mumps virus antibody igm', 'Serum ', 'Same Day ', '', '', 'A/R', '1,3,6', 'ELISA ', '2012-11-10 13:02:09', '2012-11-10 13:02:09', NULL, NULL, NULL, NULL, NULL),
(425, 'Nandi Diagnostics', 'Hyderabad', '0', 1, 1, '410', 'Mumps - pcr', 'Serum ', 'Same Day ', '', '', 'A/R', 'Daily', 'Real Time PCR ', '2012-11-10 13:04:22', '2012-11-10 13:04:22', NULL, NULL, NULL, NULL, NULL),
(426, 'Nandi Diagnostics', 'Hyderabad', '0', 1, 1, '411', 'Negative stain (indian link)', 'CSF ', 'Same Day ', '', '', 'A', 'Daily', 'Microscopy ', '2012-11-10 13:06:39', '2012-11-10 13:06:39', NULL, NULL, NULL, NULL, NULL),
(427, 'Nandi Diagnostics', 'Hyderabad', '0', 1, 1, '412', 'Nail clipping for fungal elements', 'Nail ', '48 hrs ', '', '', 'A', 'Daily', 'Microscopy ', '2012-11-10 13:08:34', '2012-11-10 13:08:34', NULL, NULL, NULL, NULL, NULL),
(428, 'Nandi Diagnostics', 'Hyderabad', '0', 1, 1, '413', 'Opiates', 'Urine ', 'Same Day ', '', '', 'A', 'Daily', 'Immunochromatography ', '2012-11-10 13:10:55', '2012-11-10 13:10:55', NULL, NULL, NULL, NULL, NULL),
(429, 'Nandi Diagnostics', 'Hyderabad', '0', 1, 1, '414', 'Oral glucose tolerance test                    (o-gtt)', 'Plasma- NaF 5 Samples ', 'Same Day ', '', '', 'A', 'Daily', 'Spectrophotometry ', '2012-11-10 13:12:28', '2012-11-10 13:12:28', NULL, NULL, NULL, NULL, NULL),
(430, 'Nandi Diagnostics', 'Hyderabad', '0', 1, 1, '415', 'Osmatic fragility test', 'WB-NA. Heparin ', 'Same Day ', '', '', 'A', 'Daily', 'Spectrophotometry ', '2012-11-10 13:15:04', '2012-11-10 13:15:04', NULL, NULL, NULL, NULL, NULL),
(431, 'Nandi Diagnostics', 'Hyderabad', '0', 1, 1, '416', 'Osmolatity - urine', 'Urine ', 'Same Day ', '', '', 'A/R', 'Daily', 'Spectrophotometry ', '2012-11-10 13:15:52', '2012-11-10 13:15:52', NULL, NULL, NULL, NULL, NULL),
(432, 'Nandi Diagnostics', 'Hyderabad', '0', 1, 1, '417', 'Osmolatity - serum', 'Serum ', 'Same Day ', '', '', 'A/R', 'Daily', 'Spectrophotometry ', '2012-11-10 13:17:14', '2012-11-10 13:17:14', NULL, NULL, NULL, NULL, NULL),
(433, 'Nandi Diagnostics', 'Hyderabad', '0', 1, 1, '418', 'Oxalates', 'Urine ', 'Same Day ', '', '', 'A/R', 'Daily', 'Spectrophotometry ', '2012-11-10 13:18:03', '2012-11-10 13:18:03', NULL, NULL, NULL, NULL, NULL);
INSERT INTO `test_masters` (`id`, `branch_code`, `branch_location`, `discontinued`, `test_group_id`, `test_sub_group_id`, `test_id`, `test_name`, `specimen`, `report_collection_days`, `report_collection_time`, `investigation_text_details`, `temp`, `frequency`, `method`, `created_at`, `updated_at`, `compltn_time`, `compltn_type`, `method2`, `method3`, `disclaim`) VALUES
(434, 'Nandi Diagnostics', 'Hyderabad', '0', 1, 1, '419', 'Parietal cell antybody', ' Serum', 'Same Day ', '', '', 'A/R', '1,3,6', 'IFA/ ELISA ', '2012-11-10 13:19:27', '2012-11-10 13:19:27', NULL, NULL, NULL, NULL, NULL),
(435, 'Nandi Diagnostics', 'Hyderabad', '0', 1, 1, '420', 'Pappa-a', 'Serum ', 'Same Day ', '', '', 'A/R', 'Daily', 'Chemiluminescence ', '2012-11-10 13:20:13', '2012-11-10 13:20:13', NULL, NULL, NULL, NULL, NULL),
(436, 'Nandi Diagnostics', 'Hyderabad', '0', 1, 1, '421', 'Packed cell volume', 'WB-EDTA ', 'Same Day ', '', '', 'A', 'Daily', 'Cell Counter ', '2012-11-10 13:21:03', '2012-11-10 13:21:03', NULL, NULL, NULL, NULL, NULL),
(437, 'Nandi Diagnostics', 'Hyderabad', '0', 1, 1, '422', 'Phenobarbital (cardinal)', 'Serum ', 'Same Day ', '', '', 'A/R', 'Daily', 'Chemiluminescence ', '2012-11-10 13:23:32', '2012-11-10 13:23:32', NULL, NULL, NULL, NULL, NULL),
(438, 'Nandi Diagnostics', 'Hyderabad', '0', 1, 1, '423', 'Phenytoin (eptoin)', 'Serum ', 'Same Day ', '', '', 'A/R', 'Daily', 'Chemiluminescence ', '2012-11-10 13:24:22', '2012-11-10 13:24:22', NULL, NULL, NULL, NULL, NULL),
(439, 'Nandi Diagnostics', 'Hyderabad', '0', 1, 1, '424', 'Philadelphia chromosomen screening', 'Peripheral Blood/Bone Marrow - Na Heparin ', '21 Days ', '', '', 'A/R', 'Daily', 'Karyotyping ', '2012-11-10 13:25:23', '2012-11-10 13:25:23', NULL, NULL, NULL, NULL, NULL),
(440, 'Nandi Diagnostics', 'Hyderabad', '0', 1, 1, '425', 'Phosphorus', 'Serum ', 'Same Day ', '', '', 'A/R', 'Daily', 'Spectrophotometry ', '2012-11-10 13:30:16', '2012-11-10 13:30:16', NULL, NULL, NULL, NULL, NULL),
(441, 'Nandi Diagnostics', 'Hyderabad', '0', 1, 1, '426', 'Phosphorus', 'Urine ', 'Same Day ', '', '', 'A/R', 'Daily', 'Spectrophotometry ', '2012-11-12 04:41:25', '2012-11-12 04:41:25', NULL, NULL, NULL, NULL, NULL),
(442, 'Nandi Diagnostics', 'Hyderabad', '0', 1, 1, '427', 'Platelet count', 'WB-EDTA ', 'Same Day ', '', '', 'A', 'Daily', 'Cell Counter ', '2012-11-12 04:46:14', '2012-11-12 04:46:14', NULL, NULL, NULL, NULL, NULL),
(443, 'Nandi Diagnostics', 'Hyderabad', '0', 1, 1, '428', 'Porphobilinogen (qualitative)', 'Urine ', 'Same Day ', '', '', 'A/R', 'Daily', 'Chemical ', '2012-11-12 04:47:09', '2012-11-12 04:47:09', NULL, NULL, NULL, NULL, NULL),
(444, 'Nandi Diagnostics', 'Hyderabad', '0', 1, 1, '429', 'Potassium', 'Serum ', 'Same Day ', '', '', 'A', 'Daily', 'ISE ', '2012-11-12 04:48:39', '2012-11-12 04:48:39', NULL, NULL, NULL, NULL, NULL),
(445, 'Nandi Diagnostics', 'Hyderabad', '0', 1, 1, '430', 'Potassium', 'Urine ', 'Same Day ', '', '', 'A', 'Daily', 'ISE ', '2012-11-12 04:49:26', '2012-11-12 04:49:26', NULL, NULL, NULL, NULL, NULL),
(446, 'Nandi Diagnostics', 'Hyderabad', '0', 1, 1, '431', 'Pregnancy test', 'Urine ', 'Same Day ', '', '', 'A', 'Daily', 'Immunochromatography ', '2012-11-12 04:50:08', '2012-11-12 04:50:08', NULL, NULL, NULL, NULL, NULL),
(447, 'Nandi Diagnostics', 'Hyderabad', '0', 1, 1, '432', 'Progesterone', 'serum ', 'Same Day ', '', '', 'A', 'Daily', 'Chemiluminescence ', '2012-11-12 04:50:58', '2012-11-12 04:50:58', NULL, NULL, NULL, NULL, NULL),
(448, 'Nandi Diagnostics', 'Hyderabad', '0', 28, 15, '433', 'Prolactin', 'serum ', 'Same Day ', 'Same Day ', '', 'A/R', 'Daily', 'Chemiluminescence ', '2012-11-12 04:52:23', '2013-01-10 15:43:39', 1, 'Days', '', '', ''),
(449, 'Nandi Diagnostics', 'Hyderabad', '0', 1, 1, '434', 'Procalcitonin', 'Serum ', 'Next Day ', '', '', 'R', '1,3,5', 'Chemiluminescence ', '2012-11-12 04:53:10', '2012-11-12 04:53:10', NULL, NULL, NULL, NULL, NULL),
(450, 'Nandi Diagnostics', 'Hyderabad', '0', 1, 1, '435', 'Prostaraten specific antigen (free)', 'serum ', 'Same Day ', '', '', 'A/R', 'Daily', 'Chemiluminescence ', '2012-11-12 04:54:14', '2012-11-12 04:54:14', NULL, NULL, NULL, NULL, NULL),
(451, 'Nandi Diagnostics', 'Hyderabad', '0', 28, 15, '436', 'Prostaraten specific antigen (total)', 'serum ', 'Same  Day', 'Same day', '', 'A/R', 'Daily', 'Chemiluminescence ', '2012-11-12 04:55:07', '2013-01-12 15:02:24', 1, 'Days', '', '', ''),
(452, 'Nandi Diagnostics', 'Hyderabad', '0', 28, 15, '437', '24 Hrs Urinary Protein', 'Urine ', 'Same Day ', 'Same Day ', '', 'A/R', 'Daily', 'Spectrophotometry ', '2012-11-12 04:55:53', '2013-01-17 09:18:06', 1, 'Days', '', '', ''),
(453, 'Nandi Diagnostics', 'Hyderabad', '0', 1, 1, '438', 'Protein - randome (spot)', 'Urine ', 'Same Day ', '', '', 'A', 'Daily', 'Spectrophotometry ', '2012-11-12 04:56:41', '2012-11-12 04:56:41', NULL, NULL, NULL, NULL, NULL),
(454, 'Nandi Diagnostics', 'Hyderabad', '0', 1, 1, '439', 'Protein - fluids', 'Fluids ', 'Same Day ', '', '', 'A', 'Daily', 'Spectrophotometry ', '2012-11-12 04:57:34', '2012-11-12 04:57:34', NULL, NULL, NULL, NULL, NULL),
(455, 'Nandi Diagnostics', 'Hyderabad', '0', 1, 1, '440', 'Protein - c', 'Citrated Plasma ', 'Next Day ', '', '', 'F', '1,3,5', 'clotting/ELISA ', '2012-11-12 04:58:25', '2012-11-12 04:58:25', NULL, NULL, NULL, NULL, NULL),
(456, 'Nandi Diagnostics', 'Hyderabad', '0', 1, 1, '441', 'Protein - electrophoresis', 'Serum ', 'Same Day ', '', '', 'A', 'Daily', 'Electrophoresis ', '2012-11-12 04:59:11', '2012-11-12 04:59:11', NULL, NULL, NULL, NULL, NULL),
(457, 'Nandi Diagnostics', 'Hyderabad', '0', 1, 1, '442', 'Protein - electrophoresis                                  ( oligoclonal band)', 'CSF ', 'Same Day ', '', '', 'A', 'Daily', 'Electrophoresis ', '2012-11-12 04:59:59', '2012-11-12 04:59:59', NULL, NULL, NULL, NULL, NULL),
(458, 'Nandi Diagnostics', 'Hyderabad', '0', 1, 1, '443', 'Protein - electrophoresis', 'Urine ', 'Same Day ', '', '', 'A', 'Daily', 'Electrophoresis ', '2012-11-12 05:00:46', '2012-11-12 05:00:46', NULL, NULL, NULL, NULL, NULL),
(459, 'Nandi Diagnostics', 'Hyderabad', '0', 1, 1, '444', 'Protein s', 'Citrated Plasma ', 'Next Day ', '', '', 'F', '1,3,5', 'clotting/ELISA ', '2012-11-12 05:01:29', '2012-11-12 05:01:29', NULL, NULL, NULL, NULL, NULL),
(460, 'Nandi Diagnostics', 'Hyderabad', '0', 1, 1, '445', 'Protein total', 'Serum ', 'Same Day ', '', '', 'A', 'Daily', 'Spectophotometry ', '2012-11-12 05:02:07', '2012-11-12 05:02:07', NULL, NULL, NULL, NULL, NULL),
(461, 'Nandi Diagnostics', 'Hyderabad', '0', 1, 1, '446', 'Protein total with albumin', 'Serum ', 'Same Day ', '', '', 'A', 'Daily', 'Spectophotometry ', '2012-11-12 05:03:05', '2012-11-12 05:03:05', NULL, NULL, NULL, NULL, NULL),
(462, 'Nandi Diagnostics', 'Hyderabad', '0', 1, 1, '447', 'Protein/creatinine ratio', 'Urine ', 'Same Day ', '', '', 'A', 'Daily', 'Calculation ', '2012-11-12 05:04:36', '2012-11-12 05:04:36', NULL, NULL, NULL, NULL, NULL),
(463, 'Nandi Diagnostics', 'Hyderabad', '0', 28, 0, '448', 'Prothrombin time (PT)', 'Citrated Plasma ', 'Same Day ', 'Same Day', '', 'A/R', 'Daily', 'Clotting ', '2012-11-12 05:05:24', '2013-01-11 08:48:56', 1, 'Days', '', '', ''),
(464, 'Nandi Diagnostics', 'Hyderabad', '0', 1, 1, '449', 'Porphobilinogen (pbg),                              24 hrs urine', 'Urine ', 'Same Day ', '', '', 'A/R', '2,5', 'Chromatography ', '2012-11-12 05:07:12', '2012-11-12 05:07:12', NULL, NULL, NULL, NULL, NULL),
(465, 'Nandi Diagnostics', 'Hyderabad', '0', 1, 1, '450', 'Rapid plasma reagin (rpr test)', 'Serum ', 'Same Day ', '', '', 'A', 'Daily', 'Flocculation ', '2012-11-12 05:08:09', '2012-11-12 05:08:09', NULL, NULL, NULL, NULL, NULL),
(466, 'Nandi Diagnostics', 'Hyderabad', '0', 1, 11, '451', 'Rbc folate', 'WB-EDTA ', 'Same Day ', '', '', 'A/R', 'Daily', 'Chemiluminescence ', '2012-11-12 05:08:58', '2012-12-03 12:22:44', NULL, NULL, NULL, NULL, NULL),
(467, 'Nandi Diagnostics', 'Hyderabad', '0', 1, 1, '452', 'Reticulocyte count', 'WB-EDTA ', 'Same Day ', '', '', 'A', 'Daily', 'Manual ', '2012-11-12 05:09:43', '2012-11-12 05:09:43', NULL, NULL, NULL, NULL, NULL),
(468, 'Nandi Diagnostics', 'Hyderabad', '0', 1, 1, '453', 'Renin activity', 'WB-EDTA Plasma ', 'Same Day ', '', '', 'F/R', '2,5', 'RIA ', '2012-11-12 05:11:27', '2012-11-12 05:11:27', NULL, NULL, NULL, NULL, NULL),
(469, 'Nandi Diagnostics', 'Hyderabad', '0', 1, 1, '454', 'Rh antybody - titres', 'WB-EDTA & Serum ', 'Same Day ', '', '', 'A', 'Daily', 'Gel Typing/Manual ', '2012-11-12 05:12:27', '2012-11-12 05:12:27', NULL, NULL, NULL, NULL, NULL),
(470, 'Nandi Diagnostics', 'Hyderabad', '0', 1, 1, '455', 'Rheumatic factor igg antibody', 'serum ', 'Next Day ', '', '', 'A', 'Daily', 'ELISA ', '2012-11-12 05:13:38', '2012-11-12 05:13:38', NULL, NULL, NULL, NULL, NULL),
(471, 'Nandi Diagnostics', 'Hyderabad', '0', 1, 1, '456', 'Rheumatic factor igm antibody', 'serum ', 'Next Day ', '', '', 'A', 'Daily', 'ELISA ', '2012-11-12 05:14:27', '2012-11-12 05:14:27', NULL, NULL, NULL, NULL, NULL),
(472, 'Nandi Diagnostics', 'Hyderabad', '0', 1, 1, '457', 'Rheumatoid factor (ra test)', 'Serum ', 'Same Day ', '', '', 'A', 'Daily', 'Immunoturbidometry ', '2012-11-12 05:15:13', '2012-11-12 05:15:13', NULL, NULL, NULL, NULL, NULL),
(473, 'Nandi Diagnostics', 'Hyderabad', '0', 1, 1, '458', 'Rota virus antigen', 'Stool ', 'Same Day ', '', '', 'A', 'Daily', 'Agglutination Method ', '2012-11-12 05:15:59', '2012-11-12 05:15:59', NULL, NULL, NULL, NULL, NULL),
(474, 'Nandi Diagnostics', 'Hyderabad', '0', 1, 1, '459', 'Rubella virus - igg', 'Serum ', 'Next Day ', '', '', 'A', 'Daily', 'ELISA/CLIA ', '2012-11-12 05:16:55', '2012-11-12 05:16:55', NULL, NULL, NULL, NULL, NULL),
(475, 'Nandi Diagnostics', 'Hyderabad', '0', 1, 1, '460', 'Rubella virus - igm', 'Serum ', 'Next Day ', '', '', 'A', 'Daily', 'ELISA/CLIA ', '2012-11-12 05:17:58', '2012-11-12 05:17:58', NULL, NULL, NULL, NULL, NULL),
(476, 'Nandi Diagnostics', 'Hyderabad', '0', 1, 1, '461', 'Rubella dna pcr', 'WB-EDTA ', 'Next Day ', '', '', 'A/R', '3', 'Real Time PCR ', '2012-11-12 05:19:28', '2012-11-12 05:19:28', NULL, NULL, NULL, NULL, NULL),
(477, 'Nandi Diagnostics', 'Hyderabad', '0', 1, 1, '462', 'Sm/rnp antibody', 'Serum ', 'Next Day ', '', '', 'A/R', '2,5', 'ELISA ', '2012-11-12 05:20:30', '2012-11-12 05:20:30', NULL, NULL, NULL, NULL, NULL),
(478, 'Nandi Diagnostics', 'Hyderabad', '0', 1, 1, '463', 'Scl-70 antibody', 'Serum ', 'Next Day ', '', '', 'A/R', '2,5', 'ELISA ', '2012-11-12 05:22:56', '2012-11-12 05:22:56', NULL, NULL, NULL, NULL, NULL),
(479, 'Nandi Diagnostics', 'Hyderabad', '0', 9, 16, '464', 'Semen analysis', 'Semen ', 'Same Day ', 'Same Day', '', 'A/R', 'Daily', 'Microscopy ', '2012-11-12 05:25:02', '2013-01-08 12:51:36', 1, 'Days', '', '', ''),
(480, 'Nandi Diagnostics', 'Hyderabad', '0', 1, 1, '465', 'Sex hormone binding globulin (shbg)', 'Serum ', 'Same Day ', '', '', 'A/R', 'Daily', 'Chemiluminescence ', '2012-11-12 05:25:56', '2012-11-12 05:25:56', NULL, NULL, NULL, NULL, NULL),
(481, 'Nandi Diagnostics', 'Hyderabad', '0', 1, 1, '466', 'Sickling test', 'WB-EDTA ', 'Next Day ', '', '', 'A', 'Daily', 'Deoxygenation/Microscopy ', '2012-11-12 05:27:39', '2012-11-12 05:27:39', NULL, NULL, NULL, NULL, NULL),
(482, 'Nandi Diagnostics', 'Hyderabad', '0', 1, 1, '467', 'Slides for secondary opinion', 'Slides ', '72 HRS ', '', '', 'N/A', 'Daily', 'Microscopy ', '2012-11-12 05:28:29', '2012-11-12 05:28:29', NULL, NULL, NULL, NULL, NULL),
(483, 'Nandi Diagnostics', 'Hyderabad', '0', 1, 1, '468', 'Smear for fungal elements', 'Any Specimen/Slides ', 'Same Day ', '', '', 'A', 'Daily', 'Microscopy ', '2012-11-12 05:29:20', '2012-11-12 05:29:20', NULL, NULL, NULL, NULL, NULL),
(484, 'Nandi Diagnostics', 'Hyderabad', '0', 1, 1, '469', 'Sodium', 'Serum ', 'Same Day ', '', '', 'A/R', 'Daily', 'ISE ', '2012-11-12 05:32:57', '2012-11-12 05:32:57', NULL, NULL, NULL, NULL, NULL),
(485, 'Nandi Diagnostics', 'Hyderabad', '0', 1, 1, '470', 'Sodium', 'Urine ', 'Same Day ', '', '', 'A/R', 'Daily', 'ISE ', '2012-11-12 05:33:49', '2012-11-12 05:33:49', NULL, NULL, NULL, NULL, NULL),
(486, 'Nandi Diagnostics', 'Hyderabad', '0', 1, 1, '471', 'Smear for maligenant cells', 'Sputum / Body Fluids / Cyto smears ', 'Next Day ', '', '', 'A', 'Daily', 'H & E Staining ', '2012-11-12 05:34:47', '2012-11-12 05:34:47', NULL, NULL, NULL, NULL, NULL),
(487, 'Nandi Diagnostics', 'Hyderabad', '0', 1, 1, '472', 'Stippling test', 'WB-EDTA ', 'Next Day ', '', '', 'A', 'Daily', 'Microscopy ', '2012-11-12 05:35:29', '2012-11-12 05:35:29', NULL, NULL, NULL, NULL, NULL),
(488, 'Nandi Diagnostics', 'Hyderabad', '0', 1, 1, '473', 'Stone analysis', 'Stone ', 'Same Day ', '', '', 'A', '1,3,6', 'Biochemical ', '2012-11-12 05:36:42', '2012-11-12 05:36:42', NULL, NULL, NULL, NULL, NULL),
(489, 'Nandi Diagnostics', 'Hyderabad', '0', 1, 11, '474', 'Stool Rountine examination', 'Stool ', 'Same Day ', 'Same Day', '', 'A/R', 'Daily', 'Microscopy ', '2012-11-12 05:37:31', '2013-01-08 12:55:30', 1, 'Days', '', '', ''),
(490, 'Nandi Diagnostics', 'Hyderabad', '0', 1, 1, '475', 'Stool for occult blood', 'Stool ', 'Same Day ', '', '', 'A', 'Daily', 'Strip Method ', '2012-11-12 05:38:23', '2012-11-12 05:38:23', NULL, NULL, NULL, NULL, NULL),
(491, 'Nandi Diagnostics', 'Hyderabad', '0', 1, 1, '476', 'Stool for hanging drop', 'Stool ', 'Same Day ', '', '', 'A', 'Daily', 'Microscopy ', '2012-11-12 05:39:57', '2012-11-12 05:39:57', NULL, NULL, NULL, NULL, NULL),
(492, 'Nandi Diagnostics', 'Hyderabad', '0', 1, 1, '477', 'Tb gold quantiferon', 'Mitogen/ Nil/ Antigen Tube ', '24 HRS ', '', '', 'R', '2,5', 'ELISA ', '2012-11-12 05:43:06', '2012-11-12 05:43:06', NULL, NULL, NULL, NULL, NULL),
(493, 'Nandi Diagnostics', 'Hyderabad', '0', 28, 15, '478', 'Testosterone - free', 'Serum ', 'Next Day ', 'Next Day ', '', 'A/R', 'Daily', 'ELISA ', '2012-11-12 05:44:02', '2013-01-10 15:44:12', 1, 'Days', '', '', ''),
(494, 'Nandi Diagnostics', 'Hyderabad', '0', 28, 15, '479', 'Testosterone - total', 'Serum ', 'Next Day ', 'Next Day ', '', 'A/R', 'Daily', 'Chemiluminescence ', '2012-11-12 05:47:28', '2013-01-10 15:29:10', 1, 'Days', '', '', ''),
(495, 'Nandi Diagnostics', 'Hyderabad', '0', 1, 1, '480', 'Thrombin time', 'Citrated Plasma ', 'Same Day ', '', '', 'F', 'Daily', 'Clotting ', '2012-11-12 05:50:11', '2012-11-12 05:50:11', NULL, NULL, NULL, NULL, NULL),
(496, 'Nandi Diagnostics', 'Hyderabad', '0', 1, 1, '481', 'Thyroglobulin', 'Serum ', 'Same Day ', '', '', 'R/F', 'Daily', 'Chemiluminescence ', '2012-11-12 05:51:06', '2012-11-12 05:51:06', NULL, NULL, NULL, NULL, NULL),
(497, 'Nandi Diagnostics', 'Hyderabad', '0', 28, 15, '482', 'Thyroid stimulating hormone (tsh)', 'Serum ', 'Same Day ', '', 'TSH is a 28,000 dalton  glycoprotein. It is secreted from the anterior lobe of the pituitary gland and induces the production of thyroxine (T4) and Triiodothyronine (T3) from the Thyroid gland .The normal level of TSH in the blood is extremely low, it is essential for the normal regulation of the Thyroid gland. TSH release is regulated by a TSH-Releasing Hormone (TRH) produced by the Hypothalamus.The level of TSH and TRH are inversely related to the level of Thyroid Hormones.when there are high levels of TSH in the blood, less TRH is released by the Hypothalamus and in turn less TSH is secreted by the pituitary. This process is known as a negative feedback mechanism and is responsible  for the maintenance of proper TSH levels in the blood.', 'A', 'Daily', 'Chemiluminescence ', '2012-11-12 05:54:08', '2013-01-10 13:47:36', NULL, 'Days', '', '', ''),
(498, 'Nandi Diagnostics', 'Hyderabad', '0', 28, 15, '483', 'Thyroxine - free (ft4)', 'Serum ', 'Same Day ', 'Same Day ', '', 'A/R', 'Daily', 'Chemiluminescence ', '2012-11-12 05:56:12', '2013-01-15 13:08:42', 1, 'Days', '', '', ''),
(499, 'Nandi Diagnostics', 'Hyderabad', '0', 1, 1, '484', 'Thyroxine  (t4)', 'Serum ', 'Same Day ', '', '', 'A', 'Daily', 'Chemiluminescence ', '2012-11-12 05:57:04', '2012-11-12 05:57:04', NULL, NULL, NULL, NULL, NULL),
(500, 'Nandi Diagnostics', 'Hyderabad', '0', 1, 1, '485', 'Thyroxine binding globulin', 'Serum ', 'Same Day ', '', '', 'A', 'Daily', 'Chemiluminescence ', '2012-11-12 05:57:52', '2012-11-12 05:57:52', NULL, NULL, NULL, NULL, NULL),
(501, 'Nandi Diagnostics', 'Hyderabad', '0', 1, 1, '486', 'Tissue transglutaminase antibody - iga', 'Serum ', 'Next Day ', '', '', 'A', '2,5', 'ELISA ', '2012-11-12 06:03:14', '2012-11-12 06:03:14', NULL, NULL, NULL, NULL, NULL),
(502, 'Nandi Diagnostics', 'Hyderabad', '0', 1, 1, '487', 'Tissue transglutaminase antibody - igm', 'Serum ', 'Next Day ', '', '', 'A', '2,5', 'ELISA ', '2012-11-12 06:10:13', '2012-11-12 06:10:13', NULL, NULL, NULL, NULL, NULL),
(503, 'Nandi Diagnostics', 'Hyderabad', '0', 1, 1, '488', 'Tissue transglutaminase antibody - igg', 'Serum ', 'Next Day ', '', '', 'A', '2,5', 'ELISA ', '2012-11-12 06:11:00', '2012-11-12 06:11:00', NULL, NULL, NULL, NULL, NULL),
(504, 'Nandi Diagnostics', 'Hyderabad', '0', 1, 1, '489', 'Tissue processing(blocks & slides)', 'Tissue ', '72HRS ', '', '', 'A', 'Daily', 'Processing ', '2012-11-12 06:11:49', '2012-11-12 06:11:49', NULL, NULL, NULL, NULL, NULL),
(505, 'Nandi Diagnostics', 'Hyderabad', '0', 1, 1, '490', 'Tlc & dlc', 'WB-EDTA ', 'Same Day ', '', '', 'A', 'Daily', 'Cell Counter/ Microscopy ', '2012-11-12 06:12:33', '2012-11-12 06:12:33', NULL, NULL, NULL, NULL, NULL),
(506, 'Nandi Diagnostics', 'Hyderabad', '0', 1, 1, '491', 'Total ige', 'Serum ', 'Same Day ', '', '', 'R/F', 'Daily', 'Chemiluminescence ', '2012-11-12 06:17:58', '2012-11-12 06:17:58', NULL, NULL, NULL, NULL, NULL),
(507, 'Nandi Diagnostics', 'Hyderabad', '0', 1, 1, '492', 'Toxoplasma gondii - igg', 'Serum ', 'Same Day ', '', '', 'A', 'Daily', 'ELISA/CLIA ', '2012-11-12 06:18:40', '2012-11-12 06:18:40', NULL, NULL, NULL, NULL, NULL),
(508, 'Nandi Diagnostics', 'Hyderabad', '0', 1, 1, '493', 'Toxoplasma gondii - igm', 'Serum ', 'Same Day ', '', '', 'A', 'Daily', 'ELISA/CLIA ', '2012-11-12 06:19:24', '2012-11-12 06:19:24', NULL, NULL, NULL, NULL, NULL),
(509, 'Nandi Diagnostics', 'Hyderabad', '0', 1, 1, '494', 'Toxoplasma dna pcr', 'WB-EDTA ', 'Same Day ', '', '', 'A/R', '3', 'Real Time PCR ', '2012-11-12 06:26:23', '2012-11-12 06:26:23', NULL, NULL, NULL, NULL, NULL),
(510, 'Nandi Diagnostics', 'Hyderabad', '0', 1, 1, '495', 'Transferrin', 'serum ', 'Same Day ', '', '', 'A', 'Daily', 'Immunoturbidometry ', '2012-11-12 06:30:31', '2012-11-12 06:30:31', NULL, NULL, NULL, NULL, NULL),
(511, 'Nandi Diagnostics', 'Hyderabad', '0', 1, 1, '496', 'Treponema pallidum hemagglutination (tpha)', 'serum ', 'Same Day ', '', '', 'A', 'Daily', 'Hemagglutination ', '2012-11-12 06:32:33', '2012-11-12 06:32:33', NULL, NULL, NULL, NULL, NULL),
(512, 'Nandi Diagnostics', 'Hyderabad', '0', 1, 1, '497', 'Treglycerides (tg)', 'Serum ', 'Same Day ', '', '', 'A', 'Daily', 'Spectrophotometry ', '2012-11-12 06:38:16', '2012-11-12 06:38:16', NULL, NULL, NULL, NULL, NULL),
(513, 'Nandi Diagnostics', 'Hyderabad', '0', 28, 15, '498', 'Trilodothyronine free (ft3)', 'Serum ', 'Same Day ', 'Same Day ', '', 'A/R', 'Daily', 'Chemiluminescence ', '2012-11-12 06:39:10', '2013-01-15 12:43:15', 1, 'Days', '', '', ''),
(514, 'Nandi Diagnostics', 'Hyderabad', '0', 1, 1, '499', 'Trilodothyronine  (t3)', 'Serum ', 'Same Day ', '', '', 'A', 'Daily', 'Chemiluminescence ', '2012-11-12 06:40:32', '2012-11-12 06:40:32', NULL, NULL, NULL, NULL, NULL),
(515, 'Nandi Diagnostics', 'Hyderabad', '0', 1, 1, '500', 'Troponin - i', 'Serum ', 'Same Day ', '', '', 'F', 'Daily', 'Chromatography ', '2012-11-12 06:43:25', '2012-11-12 06:43:25', NULL, NULL, NULL, NULL, NULL),
(516, 'Nandi Diagnostics', 'Hyderabad', '0', 1, 1, '501', 'Troponin - t', 'Serum ', 'Same Day ', '', '', 'F', 'Daily', 'Chromatography ', '2012-11-12 06:44:19', '2012-11-12 06:44:19', NULL, NULL, NULL, NULL, NULL),
(517, 'Nandi Diagnostics', 'Hyderabad', '0', 1, 1, '502', 'Tuberculosis iga antibody', 'Serum ', 'Next Day ', '', '', 'A', 'Daily', 'ELISA ', '2012-11-12 06:47:06', '2012-11-12 06:47:06', NULL, NULL, NULL, NULL, NULL),
(518, 'Nandi Diagnostics', 'Hyderabad', '0', 1, 1, '503', 'Tuberculosis igg antibody', 'Serum ', 'Next Day ', '', '', 'A', 'Daily', 'ELISA ', '2012-11-12 09:55:23', '2012-11-12 09:55:23', NULL, NULL, NULL, NULL, NULL),
(519, 'Nandi Diagnostics', 'Hyderabad', '0', 1, 1, '504', 'Tuberculosis igm antibody', 'Serum ', 'Next Day ', '', '', 'A', 'Daily', 'ELISA ', '2012-11-12 09:56:08', '2012-11-12 09:56:08', NULL, NULL, NULL, NULL, NULL),
(520, 'Nandi Diagnostics', 'Hyderabad', '0', 28, 15, '505', 'Urea', 'Serum ', 'Same Day ', 'Same day', '', 'A/R', 'Daily', 'Spectophotometry ', '2012-11-12 09:57:54', '2013-01-08 10:27:43', 1, 'Hours', '', '', ''),
(521, 'Nandi Diagnostics', 'Hyderabad', '0', 1, 1, '506', 'Urea (spot)', 'Urine ', 'Same Day ', '', '', 'A', 'Daily', 'Spectophotometry ', '2012-11-12 09:58:39', '2012-11-12 09:58:39', NULL, NULL, NULL, NULL, NULL),
(522, 'Nandi Diagnostics', 'Hyderabad', '0', 1, 1, '507', 'Uric acid', 'Serum ', 'Same Day ', '', '', 'A', 'Daily', 'Spectophotometry ', '2012-11-12 10:01:04', '2012-11-12 10:01:04', NULL, NULL, NULL, NULL, NULL),
(523, 'Nandi Diagnostics', 'Hyderabad', '0', 28, 15, '508', 'Uric acid', 'SERUM', 'Same Day ', 'SAME DAY', '', 'A/R', 'Daily', 'Spectophotometry ', '2012-11-12 10:01:49', '2013-01-12 07:37:24', 1, 'Hours', '', '', ''),
(524, 'Nandi Diagnostics', 'Hyderabad', '0', 1, 1, '509', 'Urine for chyle', 'Urine ', 'Same Day ', '', '', 'A/R', 'Daily', 'Manual Method ', '2012-11-12 10:04:11', '2012-11-12 10:04:11', NULL, NULL, NULL, NULL, NULL),
(525, 'Nandi Diagnostics', 'Hyderabad', '0', 1, 1, '510', 'Uric for hemosiderin', 'Urine ', 'Same Day ', '', '', 'A/R', 'Daily', 'Perls Prussian Blue ', '2012-11-12 10:05:13', '2012-11-12 10:05:13', NULL, NULL, NULL, NULL, NULL),
(526, 'Nandi Diagnostics', 'Hyderabad', '0', 1, 1, '511', 'Valporic acid /                               sodium valproate', 'Serum ', 'Same Day ', '', '', 'A/R', 'Daily', 'Chemiluminescence ', '2012-11-12 10:06:01', '2012-11-12 10:06:01', NULL, NULL, NULL, NULL, NULL),
(527, 'Nandi Diagnostics', 'Hyderabad', '0', 1, 1, '512', 'Varicella zoster igg', 'Serum ', 'Next Day ', '', '', 'A/R', '1,4', 'ELISA ', '2012-11-12 10:07:10', '2012-11-12 10:07:10', NULL, NULL, NULL, NULL, NULL),
(528, 'Nandi Diagnostics', 'Hyderabad', '0', 1, 1, '513', 'Varicella zoster igm', 'Serum ', 'Next Day ', '', '', 'A/R', '1,4', 'ELISA ', '2012-11-12 10:08:00', '2012-11-12 10:08:00', NULL, NULL, NULL, NULL, NULL),
(529, 'Nandi Diagnostics', 'Hyderabad', '0', 28, 15, '514', 'Vitamin - B12', 'Serum ', 'Same Day ', 'Same DAy', '', 'R/F', 'Daily', 'Chemiluminescence ', '2012-11-12 10:09:24', '2013-01-15 08:20:41', 1, 'Days', '', '', ''),
(530, 'Nandi Diagnostics', 'Hyderabad', '0', 1, 1, '515', 'Vitamin - d', 'Serum ', 'Next Day ', '', '', 'R/F', '1,4', 'Chemiluminescence ', '2012-11-12 10:11:07', '2012-11-12 10:11:07', NULL, NULL, NULL, NULL, NULL),
(531, 'Nandi Diagnostics', 'Hyderabad', '0', 1, 1, '516', 'Vitamin - e (tocopherol)', 'Serum ', '48 HRS ', '', '', 'A/R', '7', 'ELISA ', '2012-11-12 10:12:35', '2012-11-12 10:12:35', NULL, NULL, NULL, NULL, NULL),
(532, 'Nandi Diagnostics', 'Hyderabad', '0', 1, 1, '517', 'Vma (vanillyl mandelic acid)', 'Urine ', 'Same Day ', '', '', 'A', '1,3,6', 'Column Chromatography ', '2012-11-12 10:14:08', '2012-11-12 10:14:08', NULL, NULL, NULL, NULL, NULL),
(533, 'Nandi Diagnostics', 'Hyderabad', '0', 28, 15, '518', 'VMA (vanillyl mandelic acid)           - spot', 'Urine ', 'Same Day ', 'Same Day', '', 'A/R', 'Daily', 'Biochemical ', '2012-11-12 10:14:53', '2013-01-15 08:30:19', 1, 'Days', '', '', ''),
(534, 'Nandi Diagnostics', 'Hyderabad', '0', 1, 1, '519', 'Wbc count', 'WB-EDTA ', 'Same Day ', '', '', 'A', 'Daily', 'Cell Counter ', '2012-11-12 10:22:21', '2012-11-12 10:22:21', NULL, NULL, NULL, NULL, NULL),
(535, 'Nandi Diagnostics', 'Hyderabad', '0', 1, 1, '520', 'Weil - felix test', 'Serum ', 'Same Day ', '', '', 'A', 'Daily', 'Heterophile agglutination ', '2012-11-12 10:23:06', '2012-11-12 10:23:06', NULL, NULL, NULL, NULL, NULL),
(536, 'Nandi Diagnostics', 'Hyderabad', '0', 1, 1, '521', 'Widal test (slides test)', 'Serum ', 'Same Day ', '', '', 'A', 'Daily', 'Agglutination Method ', '2012-11-12 10:23:48', '2012-11-12 10:23:48', NULL, NULL, NULL, NULL, NULL),
(537, 'Nandi Diagnostics', 'Hyderabad', '0', 1, 1, '522', 'Widal test (tube test)', 'Serum ', '24 HRS ', '', '', 'A', 'Daily', 'Agglutination Method ', '2012-11-12 10:24:41', '2012-11-12 10:24:41', NULL, NULL, NULL, NULL, NULL),
(538, 'Nandi Diagnostics', 'Hyderabad', '0', 1, 1, '523', 'Zeihl-neelsen stain', 'Any Specimen/Slides ', 'Same Day ', '', '', 'A', 'Daily', 'Microscopy ', '2012-11-12 10:25:24', '2012-11-12 10:25:24', NULL, NULL, NULL, NULL, NULL),
(539, 'Nandi Diagnostics', 'Hyderabad', '0', 1, 1, '524', 'Zinc', 'serum ', '72 HRS ', '', '', 'A', 'Daily', 'AAS - ICP ', '2012-11-12 10:26:14', '2012-11-12 10:26:14', NULL, NULL, NULL, NULL, NULL),
(540, 'Nandi Diagnostics', 'Hyderabad', '0', 1, 1, '525', 'Zinc', 'Urine ', '72 HRS ', '', '', 'A', 'Daily', 'AAS - ICP ', '2012-11-12 10:26:59', '2012-11-12 10:26:59', NULL, NULL, NULL, NULL, NULL),
(541, 'Nandi Diagnostics', 'Hyderabad', '0', 1, 1, '526', 'Zinc', 'serum ', 'Next Day ', '', '', 'A/R', 'Daily', 'Spectrophotometry ', '2012-11-12 10:28:05', '2012-11-12 10:28:05', NULL, NULL, NULL, NULL, NULL),
(542, 'Nandi Diagnostics', 'Hyderabad', '0', 19, 4, '527', 'Ct abdomen with triphsic liver', '-', '-', '', '', 'R', 'Daily', '-', '2012-11-17 05:15:34', '2012-11-17 05:15:34', NULL, NULL, NULL, NULL, NULL),
(543, 'Nandi Diagnostics', 'Hyderabad', '0', 19, 4, '528', 'Ct abdominal aorta and lower limbs angio', '-', '-', '', '', 'R', 'Daily', '-', '2012-11-17 05:17:33', '2012-11-17 05:17:33', NULL, NULL, NULL, NULL, NULL),
(544, 'Nandi Diagnostics', 'Hyderabad', '0', 19, 4, '529', 'Ct abdominal aorta  angiogram', '-', '-', '', '', 'R', 'Daily', '-', '2012-11-17 05:18:13', '2012-11-17 05:18:13', NULL, NULL, NULL, NULL, NULL),
(545, 'Nandi Diagnostics', 'Hyderabad', '0', 19, 4, '530', 'Ct arch of aorta', '-', '-', '-', '', 'R', 'Daily', '-', '2012-11-17 05:19:04', '2012-11-17 05:19:04', NULL, NULL, NULL, NULL, NULL),
(546, 'Nandi Diagnostics', 'Hyderabad', '0', 19, 4, '531', 'Ct arch with upeer limb angiogram', '-', '-', '-', '', 'R', 'Daily', '', '2012-11-17 05:21:04', '2012-11-17 05:21:04', NULL, NULL, NULL, NULL, NULL),
(547, 'Nandi Diagnostics', 'Hyderabad', '0', 19, 4, '532', 'Ct both breast with contrast', '-', '-', '', '', 'R', 'Daily', '-', '2012-11-17 05:28:18', '2012-11-17 05:28:18', NULL, NULL, NULL, NULL, NULL),
(548, 'Nandi Diagnostics', 'Hyderabad', '0', 19, 4, '533', 'Ct both joints', '-', '-', '-', '', 'R', 'Daily', '-', '2012-11-17 05:29:02', '2012-11-17 05:29:02', NULL, NULL, NULL, NULL, NULL),
(549, 'Nandi Diagnostics', 'Hyderabad', '0', 19, 4, '534', 'Ct brain and pns plain', '-', '-', '', '', 'R', 'Daily', '-', '2012-11-17 05:29:55', '2012-11-17 05:29:55', NULL, NULL, NULL, NULL, NULL),
(550, 'Nandi Diagnostics', 'Hyderabad', '0', 19, 4, '535', 'Ct brain angigogram', '-', '-', '-', '', 'R', 'Daily', '-', '2012-11-17 05:30:25', '2012-11-17 05:30:25', NULL, NULL, NULL, NULL, NULL),
(551, 'Nandi Diagnostics', 'Hyderabad', '0', 19, 4, '536', 'Ct brain plain', '-', '-', '-', '', 'R', 'Daily', '-', '2012-11-17 05:30:57', '2012-11-17 05:30:57', NULL, NULL, NULL, NULL, NULL),
(552, 'Nandi Diagnostics', 'Hyderabad', '0', 19, 4, '537', 'Ct brain with orbits', '-', '-', '-', '', 'R', 'Daily', '', '2012-11-17 05:31:25', '2012-11-17 05:31:25', NULL, NULL, NULL, NULL, NULL),
(553, 'Nandi Diagnostics', 'Hyderabad', '0', 19, 4, '538', 'Ct brain with temporal bone', '-', '-', '-', '', 'R', 'Daily', '-', '2012-11-17 05:32:02', '2012-11-17 05:32:02', NULL, NULL, NULL, NULL, NULL),
(554, 'Nandi Diagnostics', 'Hyderabad', '0', 19, 4, '539', 'Ct bronchoscopy', '-', '-', '-', '', 'R', 'Daily', '-', '2012-11-17 05:32:35', '2012-11-17 05:32:35', NULL, NULL, NULL, NULL, NULL),
(555, 'Nandi Diagnostics', 'Hyderabad', '0', 19, 4, '540', 'Ct cancerscreening-neck to pelvis', '-', '-', '-', '', 'R', 'Daily', '', '2012-11-17 05:33:58', '2012-11-17 05:33:58', NULL, NULL, NULL, NULL, NULL),
(556, 'Nandi Diagnostics', 'Hyderabad', '0', 19, 4, '541', 'Ct cardiac calcium scoring', '-', '-', '-', '', 'R', 'Daily', '-', '2012-11-17 05:34:35', '2012-11-17 05:34:35', NULL, NULL, NULL, NULL, NULL),
(557, 'Nandi Diagnostics', 'Hyderabad', '0', 19, 4, '542', 'Ct cardiac calcium scoring', '-', '-', '-', '', 'R', 'Daily', '', '2012-11-17 05:48:35', '2012-11-17 05:48:35', NULL, NULL, NULL, NULL, NULL),
(558, 'Nandi Diagnostics', 'Hyderabad', '0', 19, 4, '543', 'Ct carotid angio', '-', '-', '-', '', 'R', 'Daily', '-', '2012-11-17 05:49:07', '2012-11-17 05:49:07', NULL, NULL, NULL, NULL, NULL),
(559, 'Nandi Diagnostics', 'Hyderabad', '0', 19, 4, '544', 'Ct cervical spine', '-', '-', '-', '', 'R', 'Daily', '-', '2012-11-17 05:49:49', '2012-11-17 05:49:49', NULL, NULL, NULL, NULL, NULL),
(560, 'Nandi Diagnostics', 'Hyderabad', '0', 19, 4, '545', 'Ct cwrvical spine extension &flexion', '-', '-', '-', '', 'R', 'Daily', '-', '2012-11-17 05:50:23', '2012-11-17 05:50:23', NULL, NULL, NULL, NULL, NULL),
(561, 'Nandi Diagnostics', 'Hyderabad', '0', 19, 4, '546', 'Ct neck and upper limb angio', '-', '-', '-', '', 'R', 'Daily', '-', '2012-11-17 05:51:34', '2012-11-17 05:51:34', NULL, NULL, NULL, NULL, NULL),
(562, 'Nandi Diagnostics', 'Hyderabad', '0', 19, 4, '547', 'Ct neck  angiogram', '-', '-', '-', '', 'R', 'Daily', '-', '2012-11-17 05:52:26', '2012-11-17 05:52:26', NULL, NULL, NULL, NULL, NULL),
(563, 'Nandi Diagnostics', 'Hyderabad', '0', 19, 4, '548', 'Ct neck plain', '-', '-', '-', '', 'R', 'Daily', '-', '2012-11-17 05:56:38', '2012-11-17 05:56:38', NULL, NULL, NULL, NULL, NULL),
(564, 'Nandi Diagnostics', 'Hyderabad', '0', 19, 4, '549', 'Ct neck plain andcontrast', '-', '-', '-', '', 'R', 'Daily', '-', '2012-11-17 05:57:05', '2012-11-17 05:57:05', NULL, NULL, NULL, NULL, NULL),
(565, 'Nandi Diagnostics', 'Hyderabad', '0', 19, 4, '550', 'Ct neck vessels', '-', '-', '-', '', 'R', 'Daily', '-', '2012-11-17 05:57:58', '2012-11-17 05:57:58', NULL, NULL, NULL, NULL, NULL),
(566, 'Nandi Diagnostics', 'Hyderabad', '0', 19, 4, '551', 'Ct neck with virtual bronchoscopy', '-', '-', '-', '', 'R', 'Daily', '-', '2012-11-17 05:58:31', '2012-11-17 05:58:31', NULL, NULL, NULL, NULL, NULL),
(567, 'Nandi Diagnostics', 'Hyderabad', '0', 19, 4, '552', 'Ct orbits plain', '-', '-', '-', '', 'R', 'Daily', '-', '2012-11-17 05:58:52', '2012-11-17 05:58:52', NULL, NULL, NULL, NULL, NULL),
(568, 'Nandi Diagnostics', 'Hyderabad', '0', 1, 1, '553', 'Ct orbits   with contrast', '-', '-', '-', '', 'R', 'Daily', '-', '2012-11-17 05:59:20', '2012-11-17 05:59:20', NULL, NULL, NULL, NULL, NULL),
(569, 'Nandi Diagnostics', 'Hyderabad', '0', 19, 4, '554', 'Ct pediatric  cardiac angio', '-', '-', '-', '', 'R', 'Daily', '-', '2012-11-17 05:59:45', '2012-11-17 05:59:45', NULL, NULL, NULL, NULL, NULL),
(570, 'Nandi Diagnostics', 'Hyderabad', '0', 19, 4, '555', 'Ct pancreas dual phase', '-', '-', '-', '', 'R', 'Daily', '-', '2012-11-17 06:00:33', '2012-11-17 06:00:33', NULL, NULL, NULL, NULL, NULL),
(571, 'Nandi Diagnostics', 'Hyderabad', '0', 19, 4, '556', 'Ct parotid silogram with contrast', '-', '-', '-', '', 'R', 'Daily', '-', '2012-11-17 06:01:03', '2012-11-17 06:01:03', NULL, NULL, NULL, NULL, NULL),
(572, 'Nandi Diagnostics', 'Hyderabad', '0', 19, 4, '557', 'Ct chest plain', '-', '-', '-', '', 'R', 'Daily', '-', '2012-11-17 06:01:33', '2012-11-17 06:01:33', NULL, NULL, NULL, NULL, NULL),
(573, 'Nandi Diagnostics', 'Hyderabad', '0', 19, 4, '558', 'Ct cisternogrphi', '-', '-', '-', '', 'R', 'Daily', '-', '2012-11-17 06:03:48', '2012-11-17 06:03:48', NULL, NULL, NULL, NULL, NULL),
(574, 'Nandi Diagnostics', 'Hyderabad', '0', 19, 4, '559', 'Ct calonoscopy', '-', '-', '-', '', 'R', 'Daily', '-', '2012-11-17 06:04:23', '2012-11-17 06:04:23', NULL, NULL, NULL, NULL, NULL),
(575, 'Nandi Diagnostics', 'Hyderabad', '0', 19, 4, '560', 'Ct contrasat charges-i', '-', '-', '-', '', 'R', 'Daily', '-', '2012-11-17 06:06:33', '2012-11-17 06:06:33', NULL, NULL, NULL, NULL, NULL),
(576, 'Nandi Diagnostics', 'Hyderabad', '0', 19, 4, '561', 'Ct contrast charges', '-', '-', '-', '', 'R', 'Daily', '-', '2012-11-17 06:06:57', '2012-11-17 06:06:57', NULL, NULL, NULL, NULL, NULL),
(577, 'Nandi Diagnostics', 'Hyderabad', '0', 19, 4, '562', 'Ct contrast charges', '-', '-', '-', '', 'R', 'Daily', '-', '2012-11-17 06:07:24', '2012-11-17 06:07:24', NULL, NULL, NULL, NULL, NULL),
(578, 'Nandi Diagnostics', 'Hyderabad', '0', 19, 4, '563', 'Ct contrast charges', '-', '-', '-', '', 'R', 'Daily', '-', '2012-11-17 06:07:54', '2012-11-17 06:07:54', NULL, NULL, NULL, NULL, NULL),
(580, 'Nandi Diagnostics', 'Hyderabad', '0', 19, 4, '565', 'Ct contrast charges', '-', '-', '-', '', 'R', 'Daily', '-', '2012-11-17 06:08:46', '2012-11-17 06:08:46', NULL, NULL, NULL, NULL, NULL),
(581, 'Nandi Diagnostics', 'Hyderabad', '0', 19, 4, '566', 'Ct contrast charges', '-', '-', '-', '', 'R', 'Daily', '-', '2012-11-17 06:09:28', '2012-11-17 06:09:28', NULL, NULL, NULL, NULL, NULL),
(582, 'Nandi Diagnostics', 'Hyderabad', '0', 19, 4, '567', 'Ct contrast charges-2', '-', '-', '-', '', 'R', 'Daily', '-', '2012-11-17 06:09:58', '2012-11-17 06:09:58', NULL, NULL, NULL, NULL, NULL),
(583, 'Nandi Diagnostics', 'Hyderabad', '0', 19, 4, '568', 'Ct contrast charges -3', '-', '-', '-', '', 'R', 'Daily', '-', '2012-11-17 06:14:22', '2012-11-17 06:14:22', NULL, NULL, NULL, NULL, NULL),
(584, 'Nandi Diagnostics', 'Hyderabad', '0', 19, 4, '569', 'Ct contrast charges -4', '-', '-', '-', '', 'R', 'Daily', '-', '2012-11-17 06:14:58', '2012-11-17 06:14:58', NULL, NULL, NULL, NULL, NULL),
(585, 'Nandi Diagnostics', 'Hyderabad', '0', 19, 4, '570', 'Ct contrast charges -5', '-', '-', '-', '', 'R', 'Daily', '-', '2012-11-17 06:17:47', '2012-11-17 06:17:47', NULL, NULL, NULL, NULL, NULL),
(586, 'Nandi Diagnostics', 'Hyderabad', '0', 19, 4, '571', 'Ct coronary angiogram', '-', '-', '', '', 'R', 'Daily', '-', '2012-11-17 06:44:08', '2012-11-17 06:44:08', NULL, NULL, NULL, NULL, NULL),
(587, 'Nandi Diagnostics', 'Hyderabad', '0', 19, 4, '572', 'Ct cranial angiogram', '-', '-', '-', '', 'R', 'Daily', '', '2012-11-17 06:45:35', '2012-11-17 06:45:35', NULL, NULL, NULL, NULL, NULL),
(588, 'Nandi Diagnostics', 'Hyderabad', '0', 19, 4, '573', 'Ct dental&opg', '-', '-', '-', '', 'R', 'Daily', '-', '2012-11-17 06:47:53', '2012-11-17 06:47:53', NULL, NULL, NULL, NULL, NULL),
(589, 'Nandi Diagnostics', 'Hyderabad', '0', 19, 4, '574', 'Ct dental study', '-', '-', '-', '', 'R', 'Daily', '', '2012-11-17 06:48:17', '2012-11-17 06:48:17', NULL, NULL, NULL, NULL, NULL),
(590, 'Nandi Diagnostics', 'Hyderabad', '0', 19, 4, '575', 'Ct dorsal spine', '-', '-', '-', '', 'R', 'Daily', '', '2012-11-17 06:48:41', '2012-11-17 06:48:41', NULL, NULL, NULL, NULL, NULL),
(591, 'Nandi Diagnostics', 'Hyderabad', '0', 19, 4, '576', 'Ct elbow', '-', '-', '-', '', 'R', 'Daily', '', '2012-11-17 06:49:12', '2012-11-17 06:49:12', NULL, NULL, NULL, NULL, NULL),
(592, 'Nandi Diagnostics', 'Hyderabad', '0', 19, 4, '577', 'Ct enteroclysis', '-', '-', '-', '', 'R', 'Daily', '', '2012-11-17 06:49:39', '2012-11-17 06:49:39', NULL, NULL, NULL, NULL, NULL),
(593, 'Nandi Diagnostics', 'Hyderabad', '0', 19, 4, '578', 'Ct extra cd', '-', '-', '-', '', 'R', 'Daily', '', '2012-11-17 06:50:06', '2012-11-17 06:50:06', NULL, NULL, NULL, NULL, NULL),
(594, 'Nandi Diagnostics', 'Hyderabad', '0', 19, 4, '579', 'Ct extra cds', '-', '-', '-', '', 'R', 'Daily', '', '2012-11-17 06:50:51', '2012-11-17 06:50:51', NULL, NULL, NULL, NULL, NULL),
(595, 'Nandi Diagnostics', 'Hyderabad', '0', 19, 4, '580', 'Ct extra film', '-', '-', '-', '', 'R', 'Daily', '-', '2012-11-17 06:51:29', '2012-11-17 06:51:29', NULL, NULL, NULL, NULL, NULL),
(596, 'Nandi Diagnostics', 'Hyderabad', '0', 19, 4, '581', 'Ct extra film', '-', '-', '-', '', 'R', 'Daily', '', '2012-11-17 06:52:25', '2012-11-17 06:52:25', NULL, NULL, NULL, NULL, NULL),
(597, 'Nandi Diagnostics', 'Hyderabad', '0', 19, 4, '582', 'Ct extra film charges', '-', '-', '-', '', 'R', 'Daily', '-', '2012-11-17 06:52:59', '2012-11-17 06:52:59', NULL, NULL, NULL, NULL, NULL),
(598, 'Nandi Diagnostics', 'Hyderabad', '0', 19, 4, '583', 'Ct extra film charges', '-', '-', '-', '', 'R', 'Daily', '-', '2012-11-17 06:53:31', '2012-11-17 06:53:31', NULL, NULL, NULL, NULL, NULL),
(599, 'Nandi Diagnostics', 'Hyderabad', '0', 19, 4, '584', 'Ct extra film charges', '-', '-', '-', '', 'R', 'Daily', '', '2012-11-17 06:55:01', '2012-11-17 06:55:01', NULL, NULL, NULL, NULL, NULL),
(600, 'Nandi Diagnostics', 'Hyderabad', '0', 19, 4, '585', 'Ct extra film charges', '-', '-', '-', '', 'R', 'Daily', '', '2012-11-17 06:55:30', '2012-11-17 06:55:30', NULL, NULL, NULL, NULL, NULL),
(601, 'Nandi Diagnostics', 'Hyderabad', '0', 19, 4, '586', 'Ct extra films -2', '-', '-', '-', '', 'R', 'Daily', '-', '2012-11-17 06:57:11', '2012-11-17 06:57:11', NULL, NULL, NULL, NULL, NULL),
(602, 'Nandi Diagnostics', 'Hyderabad', '0', 19, 4, '587', 'Ct fistulogram', '-', '-', '-', '', 'R', 'Daily', '-', '2012-11-17 06:58:07', '2012-11-17 06:58:07', NULL, NULL, NULL, NULL, NULL),
(603, 'Nandi Diagnostics', 'Hyderabad', '0', 19, 4, '588', 'Ct pelvis plain', '-', '-', '-', '', 'R', 'Daily', '-', '2012-11-17 06:59:07', '2012-11-17 06:59:07', NULL, NULL, NULL, NULL, NULL),
(604, 'Nandi Diagnostics', 'Hyderabad', '0', 19, 4, '589', 'Ct pelvis with contrast', '-', '-', '-', '', 'R', 'Daily', '-', '2012-11-17 06:59:45', '2012-11-17 06:59:45', NULL, NULL, NULL, NULL, NULL),
(605, 'Nandi Diagnostics', 'Hyderabad', '0', 19, 4, '590', 'Ct pelvis with femur', '-', '-', '-', '', 'R', 'Daily', '', '2012-11-17 07:00:24', '2012-11-17 07:00:24', NULL, NULL, NULL, NULL, NULL),
(606, 'Nandi Diagnostics', 'Hyderabad', '0', 19, 4, '591', 'Ct pns axial and coronal', '-', '-', '-', '', 'R', 'Daily', '-', '2012-11-17 07:01:01', '2012-11-17 07:01:01', NULL, NULL, NULL, NULL, NULL),
(607, 'Nandi Diagnostics', 'Hyderabad', '0', 19, 4, '592', 'Ct pns  coronal with contrast', '-', '-', '-', '', 'R', 'Daily', '-', '2012-11-17 07:02:58', '2012-11-17 07:02:58', NULL, NULL, NULL, NULL, NULL),
(608, 'Nandi Diagnostics', 'Hyderabad', '0', 19, 4, '593', 'Ct pns  coronal 2mm cuts', '-', '-', '-', '', 'R', 'Daily', '-', '2012-11-17 07:04:36', '2012-11-17 07:04:36', NULL, NULL, NULL, NULL, NULL),
(609, 'Nandi Diagnostics', 'Hyderabad', '0', 19, 4, '594', 'Ct poral angio', '-', '-', '-', '', 'R', 'Daily', '-', '2012-11-17 07:05:22', '2012-11-17 07:05:22', NULL, NULL, NULL, NULL, NULL),
(610, 'Nandi Diagnostics', 'Hyderabad', '0', 19, 4, '595', 'Ct extra film charges', '-', '-', '-', '', 'R', 'Daily', '-', '2012-11-17 09:21:50', '2012-11-17 09:21:50', NULL, NULL, NULL, NULL, NULL),
(611, 'Nandi Diagnostics', 'Hyderabad', '0', 19, 4, '596', 'Ct extra films -2', '-', '-', '-', '', 'R', 'Daily', '', '2012-11-17 09:22:21', '2012-11-17 09:22:21', NULL, NULL, NULL, NULL, NULL),
(612, 'Nandi Diagnostics', 'Hyderabad', '0', 19, 4, '597', 'Ct fistulogram', '-', '-', '-', '', 'R', 'Daily', '', '2012-11-17 09:22:45', '2012-11-17 09:22:45', NULL, NULL, NULL, NULL, NULL),
(613, 'Nandi Diagnostics', 'Hyderabad', '0', 19, 4, '598', 'Ct pelvis plain', '-', '-', '-', '', 'R', 'Daily', '-', '2012-11-17 09:23:17', '2012-11-17 09:23:17', NULL, NULL, NULL, NULL, NULL),
(614, 'Nandi Diagnostics', 'Hyderabad', '0', 19, 4, '599', 'Ct pelvis with contrast', '-', '-', '-', '', 'R', 'Daily', '-', '2012-11-17 09:23:40', '2012-11-17 09:23:40', NULL, NULL, NULL, NULL, NULL),
(615, 'Nandi Diagnostics', 'Hyderabad', '0', 19, 4, '600', 'Ct pelvis with femur', '-', '-', '-', '', 'R', 'Daily', '', '2012-11-17 09:24:06', '2012-11-17 09:24:06', NULL, NULL, NULL, NULL, NULL),
(616, 'Nandi Diagnostics', 'Hyderabad', '0', 19, 4, '601', 'Ct pns axial and coronal', '-', '-', '-', '', 'R', 'Daily', '', '2012-11-17 09:24:38', '2012-11-17 09:24:38', NULL, NULL, NULL, NULL, NULL),
(617, 'Nandi Diagnostics', 'Hyderabad', '0', 19, 4, '602', 'Ct pns  coronal with contrast', '-', '-', '-', '', 'R', 'Daily', '', '2012-11-17 09:25:14', '2012-11-17 09:25:14', NULL, NULL, NULL, NULL, NULL),
(618, 'Nandi Diagnostics', 'Hyderabad', '0', 19, 4, '603', 'Ct pns  coronal 2mm cuts', '-', '-', '-', '', 'R', 'Daily', '', '2012-11-17 09:26:02', '2012-11-17 09:26:02', NULL, NULL, NULL, NULL, NULL),
(619, 'Nandi Diagnostics', 'Hyderabad', '0', 19, 4, '604', 'Ct poral angio', '-', '-', '-', '', 'R', 'Daily', '', '2012-11-17 09:33:38', '2012-11-17 09:33:38', NULL, NULL, NULL, NULL, NULL),
(620, 'Nandi Diagnostics', 'Hyderabad', '0', 19, 4, '605', 'Ct pulmonary angiogram', '-', '-', '-', '', 'R', 'Daily', '', '2012-11-17 09:34:04', '2012-11-17 09:34:04', NULL, NULL, NULL, NULL, NULL),
(621, 'Nandi Diagnostics', 'Hyderabad', '0', 19, 4, '606', 'Ct renal angiogram', '-', '-', '-', '', 'R', 'Daily', '', '2012-11-17 09:34:51', '2012-11-17 09:34:51', NULL, NULL, NULL, NULL, NULL),
(622, 'Nandi Diagnostics', 'Hyderabad', '0', 19, 4, '607', 'Ct reporting', '-', '-', '-', '', 'R', 'Daily', '', '2012-11-17 09:35:17', '2012-11-17 09:35:17', NULL, NULL, NULL, NULL, NULL),
(623, 'Nandi Diagnostics', 'Hyderabad', '0', 19, 4, '608', 'Ct reporting', '-', '-', '-', '', 'R', 'Daily', '', '2012-11-17 09:35:58', '2012-11-17 09:35:58', NULL, NULL, NULL, NULL, NULL),
(624, 'Nandi Diagnostics', 'Hyderabad', '0', 19, 4, '609', 'Ct reporting', '-', '-', '-', '', 'R', 'Daily', '', '2012-11-17 09:36:29', '2012-11-17 09:36:29', NULL, NULL, NULL, NULL, NULL),
(625, 'Nandi Diagnostics', 'Hyderabad', '0', 19, 4, '610', 'Ct scan chest with conrast', '-', '-', '-', '', 'R', 'Daily', '', '2012-11-17 09:36:52', '2012-11-17 09:36:52', NULL, NULL, NULL, NULL, NULL),
(626, 'Nandi Diagnostics', 'Hyderabad', '0', 19, 4, '611', 'Ct scan chest with virtul bronchoscopy', '-', '-', '-', '', 'R', 'Daily', '', '2012-11-17 09:37:40', '2012-11-17 09:37:40', NULL, NULL, NULL, NULL, NULL),
(627, 'Nandi Diagnostics', 'Hyderabad', '0', 19, 4, '612', 'Ct scan films charges', '-', '-', '-', '', 'R', '', '', '2012-11-17 09:38:52', '2012-11-17 09:38:52', NULL, NULL, NULL, NULL, NULL),
(628, 'Nandi Diagnostics', 'Hyderabad', '0', 19, 4, '613', 'Ct scan of abdomen plain', '', '-', '', '', 'R', '', '', '2012-11-17 09:39:21', '2012-11-17 09:39:21', NULL, NULL, NULL, NULL, NULL),
(629, 'Nandi Diagnostics', 'Hyderabad', '0', 19, 4, '614', 'Ct scan of brain with contrast', '', '-', '', '', 'R', '', '', '2012-11-17 09:39:49', '2012-11-17 09:39:49', NULL, NULL, NULL, NULL, NULL),
(630, 'Nandi Diagnostics', 'Hyderabad', '0', 19, 4, '615', 'Ct scan of lower abdomen with contrast', '', '-', '', '', 'R', '', '', '2012-11-17 09:40:48', '2012-11-17 09:40:48', NULL, NULL, NULL, NULL, NULL),
(631, 'Nandi Diagnostics', 'Hyderabad', '0', 19, 4, '616', 'Ct scan of upper abdomen with iv contrast', '', '-', '', '', 'R', '', '', '2012-11-17 09:41:11', '2012-11-17 09:41:11', NULL, NULL, NULL, NULL, NULL),
(632, 'Nandi Diagnostics', 'Hyderabad', '0', 19, 4, '617', 'Ct scan of whole abdomen with contrast', '', '-', '', '', 'R', 'Daily', '', '2012-11-17 09:41:32', '2012-11-17 09:41:32', NULL, NULL, NULL, NULL, NULL),
(633, 'Nandi Diagnostics', 'Hyderabad', '0', 19, 4, '618', 'Ct scan whole bady', '-', '-', '-', '', 'R', '', '', '2012-11-17 09:41:56', '2012-11-17 09:41:56', NULL, NULL, NULL, NULL, NULL),
(634, 'Nandi Diagnostics', 'Hyderabad', '0', 19, 4, '619', 'Ct screening', '', '-', '', '', 'R', '', '', '2012-11-17 09:43:15', '2012-11-17 09:43:15', NULL, NULL, NULL, NULL, NULL),
(635, 'Nandi Diagnostics', 'Hyderabad', '0', 19, 4, '620', 'Ct sialogram', '-', '-', '', '', 'R', '', '', '2012-11-17 09:43:45', '2012-11-17 09:43:45', NULL, NULL, NULL, NULL, NULL),
(636, 'Nandi Diagnostics', 'Hyderabad', '0', 19, 4, '621', 'Ct single cut', '-', '-', '-', '', 'R', '', '', '2012-11-17 09:44:38', '2012-11-17 09:44:38', NULL, NULL, NULL, NULL, NULL),
(637, 'Nandi Diagnostics', 'Hyderabad', '0', 19, 4, '622', 'Ct sinogram', '-', '-', '-', '', 'R', '', '', '2012-11-17 09:44:59', '2012-11-17 09:44:59', NULL, NULL, NULL, NULL, NULL),
(638, 'Nandi Diagnostics', 'Hyderabad', '0', 19, 4, '623', 'Ct triphasic liver', '-', '-', '-', '', 'R', 'Daily', '', '2012-11-17 09:45:23', '2012-11-17 09:45:23', NULL, NULL, NULL, NULL, NULL),
(639, 'Nandi Diagnostics', 'Hyderabad', '0', 19, 4, '624', 'Ct upper abdomen plain', '-', '-', '-', '', 'R', '', '', '2012-11-17 09:45:48', '2012-11-17 09:45:48', NULL, NULL, NULL, NULL, NULL),
(640, 'Nandi Diagnostics', 'Hyderabad', '0', 19, 4, '625', 'Ct gudied biopsy/fnac', '-', '-', '-', '', 'R', '', '', '2012-11-17 09:46:18', '2012-11-17 09:46:18', NULL, NULL, NULL, NULL, NULL),
(641, 'Nandi Diagnostics', 'Hyderabad', '0', 19, 4, '626', 'Ct hip joint', '-', '-', '-', '', 'R', '', '', '2012-11-17 09:47:26', '2012-11-17 09:47:26', NULL, NULL, NULL, NULL, NULL),
(642, 'Nandi Diagnostics', 'Hyderabad', '0', 19, 4, '627', 'Ct hip with femur', '-', '-', '-', '', 'R', '', '', '2012-11-17 09:47:59', '2012-11-17 09:47:59', NULL, NULL, NULL, NULL, NULL),
(643, 'Nandi Diagnostics', 'Hyderabad', '0', 19, 4, '628', 'Ct l.s.spine screening', '-', '-', '-', '', 'R', '', '', '2012-11-17 09:48:25', '2012-11-17 09:48:25', NULL, NULL, NULL, NULL, NULL),
(644, 'Nandi Diagnostics', 'Hyderabad', '0', 19, 4, '629', 'Ct limited study plain', '-', '-', '-', '', 'R', '', '', '2012-11-17 09:48:49', '2012-11-17 09:48:49', NULL, NULL, NULL, NULL, NULL),
(645, 'Nandi Diagnostics', 'Hyderabad', '0', 19, 4, '630', 'Ct lower chest with neck(plain)', '-', '-', '-', '', 'R', '', '', '2012-11-17 09:49:11', '2012-11-17 09:49:11', NULL, NULL, NULL, NULL, NULL),
(646, 'Nandi Diagnostics', 'Hyderabad', '0', 19, 4, '631', 'Ct lower limb angio (arte & venous)', '-', '-', '-', '', 'R', '', '', '2012-11-17 09:49:38', '2012-11-17 09:49:38', NULL, NULL, NULL, NULL, NULL),
(647, 'Nandi Diagnostics', 'Hyderabad', '0', 19, 4, '632', 'Ct lower limb angiogram', '-', '-', '-', '', 'R', '', '', '2012-11-17 09:50:05', '2012-11-17 09:50:05', NULL, NULL, NULL, NULL, NULL),
(648, 'Nandi Diagnostics', 'Hyderabad', '0', 19, 4, '633', 'Ct lumbar spine', '-', '-', '-', '', 'R', '', '', '2012-11-17 09:50:28', '2012-11-17 09:50:28', NULL, NULL, NULL, NULL, NULL),
(649, 'Nandi Diagnostics', 'Hyderabad', '0', 19, 4, '634', 'Ct mastoids/temporal bone', '-', '-', '-', '', 'R', '', '', '2012-11-17 09:50:55', '2012-11-17 09:50:55', NULL, NULL, NULL, NULL, NULL),
(650, 'Nandi Diagnostics', 'Hyderabad', '0', 19, 4, '635', 'Ct mesenteric angiogram', '-', '-', '-', '', 'R', 'Daily', '', '2012-11-17 09:51:36', '2012-11-17 09:51:36', NULL, NULL, NULL, NULL, NULL),
(651, 'Nandi Diagnostics', 'Hyderabad', '0', 19, 4, '636', 'Ct myelo cervical spine', '', '-', '', '', 'R', '', '', '2012-11-17 09:52:56', '2012-11-17 09:52:56', NULL, NULL, NULL, NULL, NULL),
(652, 'Nandi Diagnostics', 'Hyderabad', '0', 19, 4, '637', 'Ct myelo lumbar spine', '-', '-', '-', '', 'R', '', '', '2012-11-17 09:53:22', '2012-11-17 09:53:22', NULL, NULL, NULL, NULL, NULL),
(653, 'Nandi Diagnostics', 'Hyderabad', '0', 19, 4, '638', 'Ct myelo pns', '-', '-', '-', '', 'R', '', '', '2012-11-17 09:53:43', '2012-11-17 09:53:43', NULL, NULL, NULL, NULL, NULL),
(654, 'Nandi Diagnostics', 'Hyderabad', '0', 19, 4, '639', 'Ct mylogram', '-', '-', '-', '', 'R', '', '', '2012-11-17 09:54:23', '2012-11-17 09:54:23', NULL, NULL, NULL, NULL, NULL),
(655, 'Nandi Diagnostics', 'Hyderabad', '0', 19, 4, '640', 'Ct neck and brain angiogram', '-', '-', '', '', 'R', '', '', '2012-11-17 09:56:07', '2012-11-17 09:56:07', NULL, NULL, NULL, NULL, NULL),
(656, 'Nandi Diagnostics', 'Hyderabad', '0', 19, 4, '641', 'Ct neck and upper chest with contrast', '-', '-', '-', '', 'R', '', '', '2012-11-17 09:56:29', '2012-11-17 09:56:29', NULL, NULL, NULL, NULL, NULL),
(657, 'Nandi Diagnostics', 'Hyderabad', '0', 19, 4, '642', 'Ct tachea with 3d recon plain study', '-', '-', '-', '', 'R', '', '', '2012-11-17 09:56:57', '2012-11-17 09:56:57', NULL, NULL, NULL, NULL, NULL),
(658, 'Nandi Diagnostics', 'Hyderabad', '0', 19, 4, '643', 'Ct temporal bone axial cuts only (dr.k.r.m)', '-', '-', '-', '', 'R', '', '', '2012-11-17 09:57:34', '2012-11-17 09:57:34', NULL, NULL, NULL, NULL, NULL),
(659, 'Nandi Diagnostics', 'Hyderabad', '0', 19, 4, '644', 'Ct testing scan service', '-', '-', '-', '', 'R', '', '', '2012-11-17 09:59:04', '2012-11-17 09:59:04', NULL, NULL, NULL, NULL, NULL),
(660, 'Nandi Diagnostics', 'Hyderabad', '0', 19, 4, '645', 'Ct thigh', '', '-', '-', '', 'R', '', '', '2012-11-17 09:59:41', '2012-11-17 09:59:41', NULL, NULL, NULL, NULL, NULL),
(661, 'Nandi Diagnostics', 'Hyderabad', '0', 19, 4, '646', 'Ct thoracic aorta angigram', '', '-', '', '', 'R', '', '', '2012-11-17 10:00:00', '2012-11-17 10:00:00', NULL, NULL, NULL, NULL, NULL),
(662, 'Nandi Diagnostics', 'Hyderabad', '0', 19, 4, '647', 'Ct virtual colonoscpoy', '-', '-', '-', '', 'R', '', '', '2012-11-17 10:00:29', '2012-11-17 10:00:29', NULL, NULL, NULL, NULL, NULL),
(663, 'Nandi Diagnostics', 'Hyderabad', '0', 19, 4, '648', 'Ct whole abdomen with triphasic liver', '-', '-', '-', '', 'R', '', '', '2012-11-17 10:00:51', '2012-11-17 10:00:51', NULL, NULL, NULL, NULL, NULL),
(664, 'Nandi Diagnostics', 'Hyderabad', '0', 19, 4, '649', 'Ct whole aorta angigram', '', '-', '-', '', 'R', '', '', '2012-11-17 10:01:29', '2012-11-17 10:01:29', NULL, NULL, NULL, NULL, NULL),
(665, 'Nandi Diagnostics', 'Hyderabad', '0', 19, 4, '650', 'Ct upper limb angigram', '-', '-', '-', '', 'R', '', '', '2012-11-17 10:02:01', '2012-11-17 10:02:01', NULL, NULL, NULL, NULL, NULL),
(666, 'Nandi Diagnostics', 'Hyderabad', '0', 20, 5, '651', 'Dig x -ray chest pa view', '', '-', '', '', 'R', 'Daily', '', '2012-11-17 11:08:44', '2012-11-17 11:08:44', NULL, NULL, NULL, NULL, NULL),
(667, 'Nandi Diagnostics', 'Hyderabad', '0', 20, 5, '652', 'Dig x-ray occlusal', '', '-', '', '', 'R', '', '', '2012-11-17 11:09:10', '2012-11-17 11:09:10', NULL, NULL, NULL, NULL, NULL),
(668, 'Nandi Diagnostics', 'Hyderabad', '0', 20, 5, '653', 'Dig x-ray orbits ap & lat', '', '-', '', '', 'R', '', '', '2012-11-17 11:09:41', '2012-11-17 11:09:41', NULL, NULL, NULL, NULL, NULL);
INSERT INTO `test_masters` (`id`, `branch_code`, `branch_location`, `discontinued`, `test_group_id`, `test_sub_group_id`, `test_id`, `test_name`, `specimen`, `report_collection_days`, `report_collection_time`, `investigation_text_details`, `temp`, `frequency`, `method`, `created_at`, `updated_at`, `compltn_time`, `compltn_type`, `method2`, `method3`, `disclaim`) VALUES
(669, 'Nandi Diagnostics', 'Hyderabad', '0', 20, 5, '654', 'Dig x-ray whole spine lat view', '', '-', '', '', 'R', '', '', '2012-11-17 11:10:16', '2012-11-17 11:10:16', NULL, NULL, NULL, NULL, NULL),
(670, 'Nandi Diagnostics', 'Hyderabad', '0', 20, 5, '655', 'Dig x - ray wrist ap and lat', '', '-', '', '', 'R', '', '', '2012-11-17 11:10:48', '2012-11-17 11:10:48', NULL, NULL, NULL, NULL, NULL),
(671, 'Nandi Diagnostics', 'Hyderabad', '0', 20, 5, '656', 'Dig x - ray face lateral view', '', '-', '', '', 'R', '', '', '2012-11-17 11:14:36', '2012-11-17 11:14:36', NULL, NULL, NULL, NULL, NULL),
(672, 'Nandi Diagnostics', 'Hyderabad', '0', 20, 5, '657', 'Left hand oblique hand', '', '-', '', '', 'R', '', '', '2012-11-17 11:14:58', '2012-11-17 11:14:58', NULL, NULL, NULL, NULL, NULL),
(673, 'Nandi Diagnostics', 'Hyderabad', '0', 20, 5, '658', 'Dig x-ray abdomen ap view', '', '-', '', '', 'R', '', '', '2012-11-17 11:15:19', '2012-11-17 11:15:19', NULL, NULL, NULL, NULL, NULL),
(674, 'Nandi Diagnostics', 'Hyderabad', '0', 20, 5, '659', 'Dig x - ray abdomen frect', '', '-', '', '', 'R', '', '', '2012-11-17 11:15:43', '2012-11-17 11:15:43', NULL, NULL, NULL, NULL, NULL),
(675, 'Nandi Diagnostics', 'Hyderabad', '0', 20, 5, '660', 'Dig x - ray abdomen lat view', '', '-', '', '', 'R', '', '', '2012-11-17 11:16:07', '2012-11-17 11:16:07', NULL, NULL, NULL, NULL, NULL),
(676, 'Nandi Diagnostics', 'Hyderabad', '0', 20, 5, '661', 'Dig x - ray abdomen plain', '', '-', '', '', 'R', '', '', '2012-11-17 11:16:35', '2012-11-17 11:16:35', NULL, NULL, NULL, NULL, NULL),
(677, 'Nandi Diagnostics', 'Hyderabad', '0', 20, 5, '662', 'Dig x - ray abdomen supine', '', '-', '', '', 'R', '', '', '2012-11-17 11:17:57', '2012-11-17 11:17:57', NULL, NULL, NULL, NULL, NULL),
(678, 'Nandi Diagnostics', 'Hyderabad', '0', 20, 5, '663', 'Dig x - ray adenoids', '', '-', '', '', 'R', '', '', '2012-11-17 11:28:27', '2012-11-17 11:28:27', NULL, NULL, NULL, NULL, NULL),
(679, 'Nandi Diagnostics', 'Hyderabad', '0', 20, 5, '664', 'Dig x - ray barium enema', '', '-', '', '', 'R', '', '', '2012-11-17 11:29:07', '2012-11-17 11:29:07', NULL, NULL, NULL, NULL, NULL),
(681, 'Nandi Diagnostics', 'Hyderabad', '0', 20, 5, '666', 'Dig x -ray tmj view right and left', '', '-', '', '', 'R', '', '', '2012-11-17 11:34:26', '2012-11-17 11:34:26', NULL, NULL, NULL, NULL, NULL),
(682, 'Nandi Diagnostics', 'Hyderabad', '0', 20, 5, '667', 'Dig x - ray toe ap & lat', '', '-', '', '', 'R', '', '', '2012-11-17 11:34:52', '2012-11-17 11:34:52', NULL, NULL, NULL, NULL, NULL),
(683, 'Nandi Diagnostics', 'Hyderabad', '0', 20, 5, '668', 'Dig x - ray townes view', '', '-', '', '', 'R', '', '', '2012-11-17 11:37:00', '2012-11-17 11:37:00', NULL, NULL, NULL, NULL, NULL),
(684, 'Nandi Diagnostics', 'Hyderabad', '0', 20, 5, '669', 'Dig x - ray t - tube cholangiogram', '', '-', '', '', 'R', '', '', '2012-11-17 11:37:26', '2012-11-17 11:37:26', NULL, NULL, NULL, NULL, NULL),
(685, 'Nandi Diagnostics', 'Hyderabad', '0', 20, 5, '670', 'Dig x - ray whole spine ap & lateral view', '', '-', '', '', 'R', '', '', '2012-11-17 11:38:36', '2012-11-17 11:38:36', NULL, NULL, NULL, NULL, NULL),
(686, 'Nandi Diagnostics', 'Hyderabad', '0', 20, 5, '671', 'Dig x - ray whole spine lat view', '', '-', '', '', 'R', '', '', '2012-11-17 11:38:56', '2012-11-17 11:38:56', NULL, NULL, NULL, NULL, NULL),
(687, 'Nandi Diagnostics', 'Hyderabad', '0', 20, 5, '672', 'Mammography both sides', '', '-', '', '', 'R', '', '', '2012-11-17 11:39:17', '2012-11-17 11:39:17', NULL, NULL, NULL, NULL, NULL),
(688, 'Nandi Diagnostics', 'Hyderabad', '0', 20, 5, '673', 'Mammography right side', '', '-', '', '', 'R', '', '', '2012-11-17 11:40:29', '2012-11-17 11:40:29', NULL, NULL, NULL, NULL, NULL),
(689, 'Nandi Diagnostics', 'Hyderabad', '0', 20, 5, '674', 'Mammography left side', '', '-', '', '', 'R', '', '', '2012-11-17 11:41:20', '2012-11-17 11:41:20', NULL, NULL, NULL, NULL, NULL),
(690, 'Nandi Diagnostics', 'Hyderabad', '0', 21, 6, '675', 'Color doppler arteriel single limb', '', '-', '', '', 'R', '', '', '2012-11-17 12:07:17', '2012-11-17 12:07:17', NULL, NULL, NULL, NULL, NULL),
(691, 'Nandi Diagnostics', 'Hyderabad', '0', 21, 6, '676', 'Color doppler both limb single vessel', '', '-', '', '', 'R', '', '', '2012-11-17 12:10:34', '2012-11-17 12:10:34', NULL, NULL, NULL, NULL, NULL),
(692, 'Nandi Diagnostics', 'Hyderabad', '0', 21, 6, '677', 'Color doppler both limb both vessel', '', '-', '', '', 'R', '', '', '2012-11-17 12:11:00', '2012-11-17 12:11:00', NULL, NULL, NULL, NULL, NULL),
(693, 'Nandi Diagnostics', 'Hyderabad', '0', 21, 6, '678', 'Color doppler carotids and vertebral', '', '-', '', '', 'R', '', '', '2012-11-17 12:11:30', '2012-11-17 12:11:30', NULL, NULL, NULL, NULL, NULL),
(694, 'Nandi Diagnostics', 'Hyderabad', '0', 21, 6, '679', 'Color doppler kidneys', '', '-', '', '', 'R', '', '', '2012-11-17 12:12:07', '2012-11-17 12:12:07', NULL, NULL, NULL, NULL, NULL),
(695, 'Nandi Diagnostics', 'Hyderabad', '0', 21, 6, '680', 'Color doppler of chest', '', '-', '', '', 'R', '', '', '2012-11-17 12:18:14', '2012-11-17 12:18:14', NULL, NULL, NULL, NULL, NULL),
(696, 'Nandi Diagnostics', 'Hyderabad', '0', 21, 6, '681', 'Color doppler of limbs', '', '-', '', '', 'R', '', '', '2012-11-17 12:19:49', '2012-11-17 12:19:49', NULL, NULL, NULL, NULL, NULL),
(697, 'Nandi Diagnostics', 'Hyderabad', '0', 21, 6, '682', 'Color doppler of neck vessels', '', '-', '', '', 'R', '', '', '2012-11-17 12:20:17', '2012-11-17 12:20:17', NULL, NULL, NULL, NULL, NULL),
(698, 'Nandi Diagnostics', 'Hyderabad', '0', 21, 6, '683', 'Color doppler of portal system', '', '-', '', '', 'R', '', '', '2012-11-17 12:20:48', '2012-11-17 12:20:48', NULL, NULL, NULL, NULL, NULL),
(699, 'Nandi Diagnostics', 'Hyderabad', '0', 21, 6, '684', 'Color doppler of pregnancy', '', '-', '', '', 'R', '', '', '2012-11-17 12:21:16', '2012-11-17 12:21:16', NULL, NULL, NULL, NULL, NULL),
(700, 'Nandi Diagnostics', 'Hyderabad', '0', 21, 6, '685', 'Color doppler scrotum', '', '-', '', '', 'R', '', '', '2012-11-17 12:24:37', '2012-11-17 12:24:37', NULL, NULL, NULL, NULL, NULL),
(701, 'Nandi Diagnostics', 'Hyderabad', '0', 21, 6, '686', 'Color doppler single limb both vessel', '', '-', '', '', 'R', '', '', '2012-11-17 12:25:07', '2012-11-17 12:25:07', NULL, NULL, NULL, NULL, NULL),
(702, 'Nandi Diagnostics', 'Hyderabad', '0', 21, 6, '687', 'Color doppler single limb single vessel', '', '-', '', '', 'R', '', '', '2012-11-17 12:25:39', '2012-11-17 12:25:39', NULL, NULL, NULL, NULL, NULL),
(703, 'Nandi Diagnostics', 'Hyderabad', '0', 1, 1, '688', 'Color doppler venous single limb', '', '-', '', '', 'R', '', '', '2012-11-17 12:26:11', '2012-11-17 12:26:11', NULL, NULL, NULL, NULL, NULL),
(704, 'Nandi Diagnostics', 'Hyderabad', '0', 21, 6, '689', 'Colorectal profile', '', '-', '', '', 'R', '', '', '2012-11-17 12:26:34', '2012-11-17 12:26:34', NULL, NULL, NULL, NULL, NULL),
(705, 'Nandi Diagnostics', 'Hyderabad', '0', 21, 6, '690', 'Colour doppler of abdomen', '', '-', '', '', 'R', '', '', '2012-11-17 12:32:03', '2012-11-17 12:32:03', NULL, NULL, NULL, NULL, NULL),
(706, 'Nandi Diagnostics', 'Hyderabad', '0', 21, 6, '691', 'Ultra sound extra cd', '', '-', '', '', 'R', '', '', '2012-11-17 12:32:24', '2012-11-17 12:32:24', NULL, NULL, NULL, NULL, NULL),
(707, 'Nandi Diagnostics', 'Hyderabad', '0', 21, 6, '692', 'Ultra sound guided biopsy', '', '-', '', '', 'R', '', '', '2012-11-17 12:32:47', '2012-11-17 12:32:47', NULL, NULL, NULL, NULL, NULL),
(708, 'Nandi Diagnostics', 'Hyderabad', '0', 21, 6, '693', 'Ultra sound 3d pelvis floor', '', '-', '', '', 'R', '', '', '2012-11-17 12:33:12', '2012-11-17 12:33:12', NULL, NULL, NULL, NULL, NULL),
(709, 'Nandi Diagnostics', 'Hyderabad', '0', 21, 6, '694', 'Ultra sound abdomen', '', '-', '', '', 'R', '', '', '2012-11-17 12:33:33', '2012-11-17 12:33:33', NULL, NULL, NULL, NULL, NULL),
(710, 'Nandi Diagnostics', 'Hyderabad', '0', 21, 6, '695', 'Ultra sound abdomen with doppler', '', '-', '', '', 'R', '', '', '2012-11-17 12:36:13', '2012-11-17 12:36:13', NULL, NULL, NULL, NULL, NULL),
(711, 'Nandi Diagnostics', 'Hyderabad', '0', 21, 6, '696', 'Ultra sound biophysical profile', '', '-', '', '', 'R', '', '', '2012-11-17 12:36:38', '2012-11-17 12:36:38', NULL, NULL, NULL, NULL, NULL),
(712, 'Nandi Diagnostics', 'Hyderabad', '0', 21, 6, '697', 'Ultra sound both breast', '', '-', '', '', 'R', '', '', '2012-11-17 12:37:02', '2012-11-17 12:37:02', NULL, NULL, NULL, NULL, NULL),
(713, 'Nandi Diagnostics', 'Hyderabad', '0', 21, 6, '698', 'Ultra sound chest', '', '-', '', '', 'R', '', '', '2012-11-17 12:37:21', '2012-11-17 12:37:21', NULL, NULL, NULL, NULL, NULL),
(714, 'Nandi Diagnostics', 'Hyderabad', '0', 21, 6, '699', 'Ultra sound elbow', '', '-', '', '', 'R', '', '', '2012-11-17 12:37:40', '2012-11-17 12:37:40', NULL, NULL, NULL, NULL, NULL),
(715, 'Nandi Diagnostics', 'Hyderabad', '0', 21, 6, '700', 'Ultra sound endoanal', '', '-', '', '', 'R', '', '', '2012-11-17 12:40:43', '2012-11-17 12:40:43', NULL, NULL, NULL, NULL, NULL),
(716, 'Nandi Diagnostics', 'Hyderabad', '0', 21, 6, '701', 'Ultra sound follicular extra days', '', '-', '', '', 'R', '', '', '2012-11-17 12:46:12', '2012-11-17 12:46:12', NULL, NULL, NULL, NULL, NULL),
(717, 'Nandi Diagnostics', 'Hyderabad', '0', 21, 6, '702', 'Ultra sound follicular single days', '', '-', '', '', 'R', '', '', '2012-11-17 12:46:36', '2012-11-17 12:46:36', NULL, NULL, NULL, NULL, NULL),
(718, 'Nandi Diagnostics', 'Hyderabad', '0', 21, 6, '703', 'Ultra sound follicular studys', '', '-', '', '', 'R', '', '', '2012-11-17 12:47:06', '2012-11-17 12:47:06', NULL, NULL, NULL, NULL, NULL),
(719, 'Nandi Diagnostics', 'Hyderabad', '0', 21, 6, '704', 'Ultra sound foot', '', '-', '', '', 'R', '', '', '2012-11-17 12:47:37', '2012-11-17 12:47:37', NULL, NULL, NULL, NULL, NULL),
(720, 'Nandi Diagnostics', 'Hyderabad', '0', 21, 6, '705', 'Ultra sound foot', '', '-', '', '', 'R', '', '', '2012-11-17 12:51:19', '2012-11-17 12:51:19', NULL, NULL, NULL, NULL, NULL),
(721, 'Nandi Diagnostics', 'Hyderabad', '0', 21, 6, '706', 'Ultra sound guided fnac/aspi', '', '-', '', '', 'R', '', '', '2012-11-17 12:53:03', '2012-11-17 12:53:03', NULL, NULL, NULL, NULL, NULL),
(722, 'Nandi Diagnostics', 'Hyderabad', '0', 21, 6, '707', 'Ultra sound kub', '', '-', '', '', 'R', '', '', '2012-11-17 12:53:32', '2012-11-17 12:53:32', NULL, NULL, NULL, NULL, NULL),
(723, 'Nandi Diagnostics', 'Hyderabad', '0', 21, 6, '708', 'Ultra sound joint', '', '-', '', '', 'R', '', '', '2012-11-17 13:05:39', '2012-11-17 13:05:39', NULL, NULL, NULL, NULL, NULL),
(724, 'Nandi Diagnostics', 'Hyderabad', '0', 21, 6, '709', 'Ultra sound neurosonography', '', '-', '', '', 'R', '', '', '2012-11-17 13:06:11', '2012-11-17 13:06:11', NULL, NULL, NULL, NULL, NULL),
(725, 'Nandi Diagnostics', 'Hyderabad', '0', 21, 6, '710', 'Ultra sound pelvis', '', '-', '', '', 'R', '', '', '2012-11-17 13:10:28', '2012-11-17 13:10:28', NULL, NULL, NULL, NULL, NULL),
(726, 'Nandi Diagnostics', 'Hyderabad', '0', 21, 6, '711', 'Ultra sound pregnancy', '', '-', '', '', 'R', '', '', '2012-11-17 13:10:57', '2012-11-17 13:10:57', NULL, NULL, NULL, NULL, NULL),
(727, 'Nandi Diagnostics', 'Hyderabad', '0', 21, 6, '712', 'Ultra sound pregnancy - tiffa', '', '-', '', '', 'R', '', '', '2012-11-17 13:12:50', '2012-11-17 13:12:50', NULL, NULL, NULL, NULL, NULL),
(728, 'Nandi Diagnostics', 'Hyderabad', '0', 21, 6, '713', 'Ultra sound scrotum', '', '-', '', '', 'R', '', '', '2012-11-17 13:13:20', '2012-11-17 13:13:20', NULL, NULL, NULL, NULL, NULL),
(729, 'Nandi Diagnostics', 'Hyderabad', '0', 21, 6, '714', 'Ultra sound singal breast', '', '-', '', '', 'R', '', '', '2012-11-17 13:14:08', '2012-11-17 13:14:08', NULL, NULL, NULL, NULL, NULL),
(730, 'Nandi Diagnostics', 'Hyderabad', '0', 21, 6, '715', 'Ultra sound soft tissue', '', '-', '', '', 'R', '', '', '2012-11-17 13:14:35', '2012-11-17 13:14:35', NULL, NULL, NULL, NULL, NULL),
(731, 'Nandi Diagnostics', 'Hyderabad', '0', 21, 6, '716', 'Ultra sound soft tissue with doppler', '', '-', '', '', 'R', '', '', '2012-11-17 13:15:01', '2012-11-17 13:15:01', NULL, NULL, NULL, NULL, NULL),
(732, 'Nandi Diagnostics', 'Hyderabad', '0', 21, 6, '717', 'Ultra sound tiffa 4d', '', '-', '', '', 'R', '', '', '2012-11-17 13:16:27', '2012-11-17 13:16:27', NULL, NULL, NULL, NULL, NULL),
(733, 'Nandi Diagnostics', 'Hyderabad', '0', 21, 6, '718', 'Ultra sound thyroid/neck', '', '-', '', '', 'R', '', '', '2012-11-17 13:16:52', '2012-11-17 13:16:52', NULL, NULL, NULL, NULL, NULL),
(734, 'Nandi Diagnostics', 'Hyderabad', '0', 21, 6, '719', 'Ultra sound tran rectal scan', '', '-', '', '', 'R', '', '', '2012-11-17 13:17:24', '2012-11-17 13:17:24', NULL, NULL, NULL, NULL, NULL),
(735, 'Nandi Diagnostics', 'Hyderabad', '0', 21, 6, '720', 'Ultra sound tvs', '', '-', '', '', 'R', '', '', '2012-11-17 13:17:47', '2012-11-17 13:17:47', NULL, NULL, NULL, NULL, NULL),
(736, 'Nandi Diagnostics', 'Hyderabad', '0', 21, 6, '721', 'Ultra sound tvs with doppler', '', '-', '', '', 'R', '', '', '2012-11-17 13:18:10', '2012-11-17 13:18:10', NULL, NULL, NULL, NULL, NULL),
(737, 'Nandi Diagnostics', 'Hyderabad', '0', 21, 6, '722', 'Ultra sound upper abdomen', '', '-', '', '', 'R', '', '', '2012-11-17 13:18:39', '2012-11-17 13:18:39', NULL, NULL, NULL, NULL, NULL),
(738, 'Nandi Diagnostics', 'Hyderabad', '0', 22, 7, '723', 'Mri', '', '-', '', '', 'R', '', '', '2012-11-17 13:25:16', '2012-11-17 13:25:16', NULL, NULL, NULL, NULL, NULL),
(739, 'Nandi Diagnostics', 'Hyderabad', '0', 22, 7, '724', 'Mri extra films', '', '-', '', '', 'R', '', '', '2012-11-17 13:25:47', '2012-11-17 13:25:47', NULL, NULL, NULL, NULL, NULL),
(740, 'Nandi Diagnostics', 'Hyderabad', '0', 22, 7, '725', 'Mri and ct scan cochlea', '', '-', '', '', 'R', '', '', '2012-11-17 13:26:07', '2012-11-17 13:26:07', NULL, NULL, NULL, NULL, NULL),
(741, 'Nandi Diagnostics', 'Hyderabad', '0', 22, 7, '726', 'Mri contrast charges', '', '-', '', '', 'R', '', '', '2012-11-17 13:26:42', '2012-11-17 13:26:42', NULL, NULL, NULL, NULL, NULL),
(742, 'Nandi Diagnostics', 'Hyderabad', '0', 22, 7, '727', 'Mri extra films', '', '-', '', '', 'R', '', '', '2012-11-17 13:27:14', '2012-11-17 13:27:14', NULL, NULL, NULL, NULL, NULL),
(743, 'Nandi Diagnostics', 'Hyderabad', '0', 22, 7, '728', 'Mri abdomen angio', '', '-', '', '', 'R', '', '', '2012-11-17 13:27:41', '2012-11-17 13:27:41', NULL, NULL, NULL, NULL, NULL),
(744, 'Nandi Diagnostics', 'Hyderabad', '0', 22, 7, '729', 'Mri - angiogram of neck and brain', '', '-', '', '', 'R', '', '', '2012-11-17 13:28:03', '2012-11-17 13:28:03', NULL, NULL, NULL, NULL, NULL),
(745, 'Nandi Diagnostics', 'Hyderabad', '0', 22, 7, '730', 'Mri - ankle', '', '-', '', '', 'R', '', '', '2012-11-17 13:31:42', '2012-11-17 13:31:42', NULL, NULL, NULL, NULL, NULL),
(746, 'Nandi Diagnostics', 'Hyderabad', '0', 22, 7, '731', 'Mri - ankle', '', '-', '', '', 'R', '', '', '2012-11-17 13:32:01', '2012-11-17 13:32:01', NULL, NULL, NULL, NULL, NULL),
(747, 'Nandi Diagnostics', 'Hyderabad', '0', 22, 7, '732', 'Mri - arthrography with contrast', '', '-', '', '', 'R', '', '', '2012-11-17 13:32:24', '2012-11-17 13:32:24', NULL, NULL, NULL, NULL, NULL),
(748, 'Nandi Diagnostics', 'Hyderabad', '0', 22, 7, '733', 'Mri - both ankle', '', '-', '', '', 'R', '', '', '2012-11-17 13:32:49', '2012-11-17 13:32:49', NULL, NULL, NULL, NULL, NULL),
(749, 'Nandi Diagnostics', 'Hyderabad', '0', 22, 7, '734', 'Mri - both kness', '', '-', '', '', 'R', '', '', '2012-11-17 13:33:21', '2012-11-17 13:33:21', NULL, NULL, NULL, NULL, NULL),
(750, 'Nandi Diagnostics', 'Hyderabad', '0', 22, 7, '735', 'Mri - both legs', '', '-', '', '', 'R', '', '', '2012-11-17 13:37:10', '2012-11-17 13:37:10', NULL, NULL, NULL, NULL, NULL),
(751, 'Nandi Diagnostics', 'Hyderabad', '0', 22, 7, '736', 'Mri - both shoulders', '', '-', '', '', 'R', '', '', '2012-11-17 13:37:37', '2012-11-17 13:37:37', NULL, NULL, NULL, NULL, NULL),
(752, 'Nandi Diagnostics', 'Hyderabad', '0', 22, 7, '737', 'Mri - both wrist', '', '-', '', '', 'R', '', '', '2012-11-17 13:38:07', '2012-11-17 13:38:07', NULL, NULL, NULL, NULL, NULL),
(753, 'Nandi Diagnostics', 'Hyderabad', '0', 22, 7, '738', 'Mri  - brachial plexus', '', '-', '', '', 'R', '', '', '2012-11-17 13:38:35', '2012-11-17 13:38:35', NULL, NULL, NULL, NULL, NULL),
(754, 'Nandi Diagnostics', 'Hyderabad', '0', 22, 7, '739', 'Mri - brain', '', '-', '', '', 'R', '', '', '2012-11-17 13:39:05', '2012-11-17 13:39:05', NULL, NULL, NULL, NULL, NULL),
(755, 'Nandi Diagnostics', 'Hyderabad', '0', 22, 7, '740', 'Mri - brain (bih)', '', '-', '', '', 'R', '', '', '2012-11-17 13:42:19', '2012-11-17 13:42:19', NULL, NULL, NULL, NULL, NULL),
(756, 'Nandi Diagnostics', 'Hyderabad', '0', 22, 7, '741', 'Mri - brain (p & contrast,mrs)', '', '-', '', '', 'R', '', '', '2012-11-19 05:15:04', '2012-11-19 05:15:04', NULL, NULL, NULL, NULL, NULL),
(757, 'Nandi Diagnostics', 'Hyderabad', '0', 22, 7, '742', 'Mri - knee', '', '-', '', '', 'R', '', '', '2012-11-19 05:15:38', '2012-11-19 05:15:38', NULL, NULL, NULL, NULL, NULL),
(758, 'Nandi Diagnostics', 'Hyderabad', '0', 22, 7, '743', 'Mri - knee / 3rd flash', '', '-', '', '', 'R', '', '', '2012-11-19 05:16:08', '2012-11-19 05:16:08', NULL, NULL, NULL, NULL, NULL),
(759, 'Nandi Diagnostics', 'Hyderabad', '0', 22, 7, '744', 'Mri - leg', '', '-', '', '', 'R', '', '', '2012-11-19 05:16:57', '2012-11-19 05:16:57', NULL, NULL, NULL, NULL, NULL),
(760, 'Nandi Diagnostics', 'Hyderabad', '0', 22, 7, '745', 'Mri - limited cuts', '', '-', '', '', 'R', '', '', '2012-11-19 05:27:09', '2012-11-19 05:27:09', NULL, NULL, NULL, NULL, NULL),
(761, 'Nandi Diagnostics', 'Hyderabad', '0', 22, 7, '746', 'Mri - lip', '', '-', '', '', 'R', '', '', '2012-11-19 05:27:41', '2012-11-19 05:27:41', NULL, NULL, NULL, NULL, NULL),
(762, 'Nandi Diagnostics', 'Hyderabad', '0', 22, 7, '747', 'Mri - liver(triphasic) with contrast', '', '-', '', '', 'R', '', '', '2012-11-19 05:34:30', '2012-11-19 05:34:30', NULL, NULL, NULL, NULL, NULL),
(763, 'Nandi Diagnostics', 'Hyderabad', '0', 22, 7, '748', 'Mri - lumbar spine', '', '-', '', '', 'R', '', '', '2012-11-19 05:34:59', '2012-11-19 05:34:59', NULL, NULL, NULL, NULL, NULL),
(764, 'Nandi Diagnostics', 'Hyderabad', '0', 22, 7, '749', 'Mri - lumbar spine screening', '', '-', '', '', 'R', '', '', '2012-11-19 05:35:24', '2012-11-19 05:35:24', NULL, NULL, NULL, NULL, NULL),
(765, 'Nandi Diagnostics', 'Hyderabad', '0', 22, 7, '750', 'Mri - lumbar spine / 3d flash', '', '-', '', '', 'R', '', '', '2012-11-19 05:35:50', '2012-11-19 05:35:50', NULL, NULL, NULL, NULL, NULL),
(766, 'Nandi Diagnostics', 'Hyderabad', '0', 22, 7, '751', 'Mri - mr angio neck', '', '-', '', '', 'R', '', '', '2012-11-19 05:36:36', '2012-11-19 05:36:36', NULL, NULL, NULL, NULL, NULL),
(767, 'Nandi Diagnostics', 'Hyderabad', '0', 22, 7, '752', 'Mri - mr angio with contrast', '', '-', '', '', 'R', '', '', '2012-11-19 05:37:03', '2012-11-19 05:37:03', NULL, NULL, NULL, NULL, NULL),
(768, 'Nandi Diagnostics', 'Hyderabad', '0', 22, 7, '753', 'Mri - mr breast with contrast', '', '-', '', '', 'R', '', '', '2012-11-19 05:37:26', '2012-11-19 05:37:26', NULL, NULL, NULL, NULL, NULL),
(769, 'Nandi Diagnostics', 'Hyderabad', '0', 22, 7, '754', 'Mri - mr cariac viability', '', '-', '', '', 'R', '', '', '2012-11-19 05:43:01', '2012-11-19 05:43:01', NULL, NULL, NULL, NULL, NULL),
(770, 'Nandi Diagnostics', 'Hyderabad', '0', 22, 7, '755', 'Mri - mr coronary angigram', '', '-', '', '', 'R', '', '', '2012-11-19 05:43:26', '2012-11-19 05:43:26', NULL, NULL, NULL, NULL, NULL),
(771, 'Nandi Diagnostics', 'Hyderabad', '0', 22, 7, '756', 'Mri - mr extremity', '', '-', '', '', 'R', '', '', '2012-11-19 05:44:01', '2012-11-19 05:44:01', NULL, NULL, NULL, NULL, NULL),
(772, 'Nandi Diagnostics', 'Hyderabad', '0', 22, 7, '757', 'Mri - mr metastatic screening', '', '-', '', '', 'R', '', '', '2012-11-19 05:45:06', '2012-11-19 05:45:06', NULL, NULL, NULL, NULL, NULL),
(773, 'Nandi Diagnostics', 'Hyderabad', '0', 22, 7, '758', 'Mri - mr spectrocopy', '', '-', '', '', 'R', '', '', '2012-11-19 05:45:33', '2012-11-19 05:45:33', NULL, NULL, NULL, NULL, NULL),
(774, 'Nandi Diagnostics', 'Hyderabad', '0', 22, 7, '759', 'Mri - mr sternoclavicular joint', '', '-', '', '', 'R', '', '', '2012-11-19 05:46:12', '2012-11-19 05:46:12', NULL, NULL, NULL, NULL, NULL),
(775, 'Nandi Diagnostics', 'Hyderabad', '0', 22, 7, '760', 'Mri - mr thoracic outlet', '', '-', '', '', 'R', '', '', '2012-11-19 05:46:43', '2012-11-19 05:46:43', NULL, NULL, NULL, NULL, NULL),
(776, 'Nandi Diagnostics', 'Hyderabad', '0', 22, 7, '761', 'Mri - mr urogram', '', '-', '', '', 'R', '', '', '2012-11-19 05:47:08', '2012-11-19 05:47:08', NULL, NULL, NULL, NULL, NULL),
(777, 'Nandi Diagnostics', 'Hyderabad', '0', 22, 7, '762', 'Mri - brain screening', '', '-', '', '', 'R', '', '', '2012-11-19 05:47:33', '2012-11-19 05:47:33', NULL, NULL, NULL, NULL, NULL),
(778, 'Nandi Diagnostics', 'Hyderabad', '0', 22, 7, '763', 'Mri - brain with functional mri', '', '-', '', '', 'R', '', '', '2012-11-19 05:48:43', '2012-11-19 05:48:43', NULL, NULL, NULL, NULL, NULL),
(779, 'Nandi Diagnostics', 'Hyderabad', '0', 22, 7, '764', 'Mri - brain with ic & ec', '', '-', '', '', 'R', '', '', '2012-11-19 05:49:36', '2012-11-19 05:49:36', NULL, NULL, NULL, NULL, NULL),
(780, 'Nandi Diagnostics', 'Hyderabad', '0', 22, 7, '765', 'Mri - brain with mra', '', '-', '', '', 'R', '', '', '2012-11-19 05:49:59', '2012-11-19 05:49:59', NULL, NULL, NULL, NULL, NULL),
(781, 'Nandi Diagnostics', 'Hyderabad', '0', 22, 7, '766', 'Mri - brain with mrv', '', '-', '', '', 'R', '', '', '2012-11-19 05:50:31', '2012-11-19 05:50:31', NULL, NULL, NULL, NULL, NULL),
(782, 'Nandi Diagnostics', 'Hyderabad', '0', 22, 7, '767', 'Mri - brain with orbits', '', '-', '', '', 'R', '', '', '2012-11-19 05:51:00', '2012-11-19 05:51:00', NULL, NULL, NULL, NULL, NULL),
(783, 'Nandi Diagnostics', 'Hyderabad', '0', 22, 7, '768', 'Mri - joint finger', '', '-', '', '', 'R', '', '', '2012-11-19 05:51:28', '2012-11-19 05:51:28', NULL, NULL, NULL, NULL, NULL),
(784, 'Nandi Diagnostics', 'Hyderabad', '0', 22, 7, '769', 'Mri - joint hand', '', '-', '', '', 'R', '', '', '2012-11-19 05:51:50', '2012-11-19 05:51:50', NULL, NULL, NULL, NULL, NULL),
(785, 'Nandi Diagnostics', 'Hyderabad', '0', 22, 7, '770', 'Mri - joint knee', '', '-', '', '', 'R', '', '', '2012-11-19 05:53:43', '2012-11-19 05:53:43', NULL, NULL, NULL, NULL, NULL),
(786, 'Nandi Diagnostics', 'Hyderabad', '0', 22, 7, '771', 'Mri - joint leg', '', '-', '', '', 'R', '', '', '2012-11-19 05:54:07', '2012-11-19 05:54:07', NULL, NULL, NULL, NULL, NULL),
(787, 'Nandi Diagnostics', 'Hyderabad', '0', 22, 7, '772', 'Mri - joint thigh', '', '-', '', '', 'R', '', '', '2012-11-19 05:54:31', '2012-11-19 05:54:31', NULL, NULL, NULL, NULL, NULL),
(788, 'Nandi Diagnostics', 'Hyderabad', '0', 22, 7, '773', 'Mri - joint thumb', '', '-', '', '', 'R', '', '', '2012-11-19 05:55:01', '2012-11-19 05:55:01', NULL, NULL, NULL, NULL, NULL),
(789, 'Nandi Diagnostics', 'Hyderabad', '0', 22, 7, '774', 'Mri - joint wrist', '', '-', '', '', 'R', '', '', '2012-11-19 05:55:32', '2012-11-19 05:55:32', NULL, NULL, NULL, NULL, NULL),
(790, 'Nandi Diagnostics', 'Hyderabad', '0', 22, 7, '775', 'Mri - reporting', '', '-', '', '', 'R', '', '', '2012-11-19 06:58:30', '2012-11-19 06:58:30', NULL, NULL, NULL, NULL, NULL),
(791, 'Nandi Diagnostics', 'Hyderabad', '0', 22, 7, '776', 'Mri - reporting charge', '', '-', '', '', 'R', '', '', '2012-11-19 06:59:01', '2012-11-19 06:59:01', NULL, NULL, NULL, NULL, NULL),
(792, 'Nandi Diagnostics', 'Hyderabad', '0', 22, 7, '777', 'Mri - si joints', '', '-', '', '', 'R', '', '', '2012-11-19 06:59:29', '2012-11-19 06:59:29', NULL, NULL, NULL, NULL, NULL),
(793, 'Nandi Diagnostics', 'Hyderabad', '0', 22, 7, '778', 'Mri - mra(brain)', '', '-', '', '', 'R', '', '', '2012-11-19 06:59:55', '2012-11-19 06:59:55', NULL, NULL, NULL, NULL, NULL),
(794, 'Nandi Diagnostics', 'Hyderabad', '0', 22, 7, '779', 'Mri - mrcp with screening', '', '-', '', '', 'R', '', '', '2012-11-19 07:00:17', '2012-11-19 07:00:17', NULL, NULL, NULL, NULL, NULL),
(795, 'Nandi Diagnostics', 'Hyderabad', '0', 22, 7, '780', 'Mri - mrv screening', '', '-', '', '', 'R', '', '', '2012-11-19 07:01:07', '2012-11-19 07:01:07', NULL, NULL, NULL, NULL, NULL),
(796, 'Nandi Diagnostics', 'Hyderabad', '0', 22, 7, '781', 'Mri - mrv (brain)', '', '-', '', '', 'R', '', '', '2012-11-19 07:02:24', '2012-11-19 07:02:24', NULL, NULL, NULL, NULL, NULL),
(797, 'Nandi Diagnostics', 'Hyderabad', '0', 22, 7, '782', 'Mri - neck', '', '-', '', '', 'R', '', '', '2012-11-19 07:02:50', '2012-11-19 07:02:50', NULL, NULL, NULL, NULL, NULL),
(798, 'Nandi Diagnostics', 'Hyderabad', '0', 22, 7, '783', 'Mri - oral cavity', '', '-', '', '', 'R', '', '', '2012-11-19 07:03:14', '2012-11-19 07:03:14', NULL, NULL, NULL, NULL, NULL),
(799, 'Nandi Diagnostics', 'Hyderabad', '0', 22, 7, '784', 'Mri - parotid', '', '-', '', '', 'R', '', '', '2012-11-19 07:03:48', '2012-11-19 07:03:48', NULL, NULL, NULL, NULL, NULL),
(800, 'Nandi Diagnostics', 'Hyderabad', '0', 22, 7, '785', 'Mri - pelvic screening', '', '-', '', '', 'R', '', '', '2012-11-19 07:04:11', '2012-11-19 07:04:11', NULL, NULL, NULL, NULL, NULL),
(801, 'Nandi Diagnostics', 'Hyderabad', '0', 22, 7, '786', 'Mri - pelvis', '', '-', '', '', 'R', '', '', '2012-11-19 07:04:33', '2012-11-19 07:04:33', NULL, NULL, NULL, NULL, NULL),
(802, 'Nandi Diagnostics', 'Hyderabad', '0', 22, 7, '787', 'Mri - pelvis fistulogram', '', '-', '', '', 'R', '', '', '2012-11-19 07:04:54', '2012-11-19 07:04:54', NULL, NULL, NULL, NULL, NULL),
(803, 'Nandi Diagnostics', 'Hyderabad', '0', 22, 7, '788', 'Mri - perineum', '', '-', '', '', 'R', '', '', '2012-11-19 07:05:17', '2012-11-19 07:05:17', NULL, NULL, NULL, NULL, NULL),
(804, 'Nandi Diagnostics', 'Hyderabad', '0', 22, 7, '789', 'Mri pharynx cine', '', '-', '', '', 'R', '', '', '2012-11-19 07:05:38', '2012-11-19 07:05:38', NULL, NULL, NULL, NULL, NULL),
(805, 'Nandi Diagnostics', 'Hyderabad', '0', 22, 7, '790', 'Mri - pitutary gland plain', '', '-', '', '', 'R', '', '', '2012-11-19 07:06:01', '2012-11-19 07:06:01', NULL, NULL, NULL, NULL, NULL),
(806, 'Nandi Diagnostics', 'Hyderabad', '0', 22, 7, '791', 'Mri - pns', '', '-', '', '', 'R', '', '', '2012-11-19 07:06:22', '2012-11-19 07:06:22', NULL, NULL, NULL, NULL, NULL),
(807, 'Nandi Diagnostics', 'Hyderabad', '0', 22, 7, '792', 'Mri prostste spectroscopy', '', '-', '', '', 'R', '', '', '2012-11-19 07:06:41', '2012-11-19 07:06:41', NULL, NULL, NULL, NULL, NULL),
(808, 'Nandi Diagnostics', 'Hyderabad', '0', 19, 4, '793', 'Ct orbits   with contrast', '', '-', '', '', 'R', '', '', '2012-11-19 10:47:47', '2012-11-19 10:47:47', NULL, NULL, NULL, NULL, NULL),
(811, 'Nandi Diagnostics', 'Hyderabad', '0', 2, 10, '794', 'Cross match', 'kumar', '1', '5h', '', 'R/F', '', '', '2012-11-22 10:29:22', '2012-11-22 10:29:22', NULL, NULL, NULL, NULL, NULL),
(812, 'Nandi Diagnostics', 'Hyderabad', '0', 2, 10, '795', 'Cross1', 'blood', '1', '', '', 'R', 'Daily', '', '2012-11-22 11:00:41', '2012-11-22 11:00:41', NULL, NULL, NULL, NULL, NULL),
(813, 'Nandi Diagnostics', 'Hyderabad', '0', 1, 11, '796', 'Renal function test', 'serum', 'Same day', 'Same Day', '', 'A/R', 'Daily', '', '2012-12-03 06:41:35', '2013-01-15 08:16:59', 1, 'Days', '', '', ''),
(814, 'Nandi Diagnostics', 'Hyderabad', '0', 28, 15, '797', 'Liver function test', 'serum', 'Same day', 'Same Day', '', 'A/R', 'Daily', 'Spectrophotometry', '2012-12-03 06:49:12', '2013-01-08 10:34:32', 1, 'Hours', '', '', ''),
(815, 'Nandi Diagnostics', 'Hyderabad', '0', 3, 11, '798', 'Widal test', 'Serum', 'Same day', 'Same day', '', 'R/F', 'Daily', 'Agglutination Method', '2012-12-03 07:16:11', '2013-01-15 08:08:07', 1, 'Days', '', '', ''),
(816, 'Nandi Diagnostics', 'Hyderabad', '0', 28, 15, '799', 'Chiken gunya', '', 'Same day', '', '', 'A', 'Daily', '', '2012-12-03 07:17:39', '2012-12-22 14:01:43', NULL, 'Days', '', '', ''),
(817, 'Nandi Diagnostics', 'Hyderabad', '0', 1, 1, '800', 'Viral antibodies', '', 'Same Day', '', '', 'R/F', 'Daily', '', '2012-12-03 07:19:03', '2012-12-03 07:19:03', NULL, NULL, NULL, NULL, NULL),
(818, 'Nandi Diagnostics', 'Hyderabad', '0', 3, 11, '801', 'Hbs ag', 'Serum', 'Same day', 'Same Day', '', 'A/R', 'Daily', '  Chromatography          ', '2012-12-03 07:19:59', '2013-01-15 08:24:42', 1, 'Days', '', '', ''),
(819, 'Nandi Diagnostics', 'Hyderabad', '0', 3, 11, '802', 'Hcv', 'Serum', 'same day', 'same day', '', 'A/R', 'Daily', 'Chromatography', '2012-12-03 07:20:46', '2013-01-15 08:27:09', 1, 'Days', '', '', ''),
(820, 'Nandi Diagnostics', 'Hyderabad', '0', 3, 11, '803', 'C Reactive Protein', 'Serum', 'Same day', 'Same DAy', '', 'A/R', 'Daily', 'Turbidimetry', '2012-12-03 07:21:51', '2013-01-10 14:40:51', 1, 'Days', '', '', ''),
(821, 'Nandi Diagnostics', 'Hyderabad', '0', 1, 1, '804', 'Wbc', '', 'same day', '', '', 'A/R', 'Daily', '', '2012-12-03 13:24:22', '2012-12-03 13:24:22', NULL, NULL, NULL, NULL, NULL),
(822, 'Nandi Diagnostics', 'Hyderabad', '0', 1, 1, '805', 'Pcv', '', 'Same day', '', '', 'A', '', '', '2012-12-03 13:26:24', '2012-12-03 13:26:24', NULL, NULL, NULL, NULL, NULL),
(823, 'Nandi Diagnostics', 'Hyderabad', '0', 1, 1, '806', 'Neutrophils', '', 'Same day', '', '', 'R', 'Daily', '', '2012-12-03 13:34:15', '2012-12-03 13:34:15', NULL, NULL, NULL, NULL, NULL),
(824, 'Nandi Diagnostics', 'Hyderabad', '0', 1, 1, '807', 'Lymphocytes', '', 'Same day', '', '', 'R', '', '', '2012-12-03 13:35:10', '2012-12-03 13:35:10', NULL, NULL, NULL, NULL, NULL),
(825, 'Nandi Diagnostics', 'Hyderabad', '0', 1, 1, '808', 'Eosinophils', '', 'Same day', '', '', 'R', '', '', '2012-12-03 13:36:13', '2012-12-03 13:36:13', NULL, NULL, NULL, NULL, NULL),
(828, 'Nandi Diagnostics', 'Hyderabad', '0', 1, 1, '811', 'Mchc', '', 'Same day', '', '', 'R', '', '', '2012-12-03 13:42:10', '2012-12-03 13:42:10', NULL, NULL, NULL, NULL, NULL),
(829, 'Nandi Diagnostics', 'Hyderabad', '0', 1, 1, '812', 'Mcv', '', 'same day', '', '', 'R', '', '', '2012-12-03 13:43:48', '2012-12-03 13:43:48', NULL, NULL, NULL, NULL, NULL),
(830, 'Nandi Diagnostics', 'Hyderabad', '0', 1, 1, '813', 'Monocytes', '', 'Same day', '', '', 'R', '', '', '2012-12-03 13:46:09', '2012-12-03 13:46:09', NULL, NULL, NULL, NULL, NULL),
(831, 'Nandi Diagnostics', 'Hyderabad', '0', 1, 1, '814', 'Basophils', '', 'same day', '', '', 'A', '', '', '2012-12-03 13:47:08', '2012-12-03 13:47:08', NULL, NULL, NULL, NULL, NULL),
(832, 'Nandi Diagnostics', 'Hyderabad', '0', 1, 1, '815', 'Mch', '', 'same day', '', '', 'R', '', '', '2012-12-03 13:48:34', '2012-12-03 13:48:34', NULL, NULL, NULL, NULL, NULL),
(833, 'Nandi Diagnostics', 'Hyderabad', '0', 21, 6, '816', 'Erererer', 'zfsdfsf', '4', '', '', 'A', '', '', '2012-12-10 13:46:46', '2012-12-10 13:46:46', 2, 'Days', '', '', ''),
(834, 'Nandi Diagnostics', 'Hyderabad', '0', 28, 15, '817', 'FBS & PLBS', 'Plasma', 'Same Day', 'Same Day', '', 'A/R', 'Daily', 'Spectrophotometry', '2012-12-15 06:50:50', '2013-01-15 08:52:27', 2, 'Days', '', '', ''),
(836, 'Nandi Diagnostics', 'Hyderabad', '0', 28, 15, '818', 'Thallium blood', 'Blood', '10', '', '', 'F', '2', 'ICPMS', '2012-12-21 06:48:59', '2012-12-21 06:48:59', 10, 'Days', '', '', ''),
(838, 'Nandi Diagnostics', 'Hyderabad', '0', 28, 15, '819', 'Csf for biochemical analysis', 'CSF', '1', '', '', 'A/R', 'Daily', '', '2012-12-24 14:08:14', '2012-12-24 14:08:14', 1, 'Days', '', '', ''),
(839, 'Nandi Diagnostics', 'Hyderabad', '0', 28, 15, '820', 'Thyroid function test', 'SERUM', '1', '1', '', 'A/R', 'Daily', 'CLIA ', '2012-12-25 09:26:20', '2013-01-10 13:46:53', 1, 'Days', '', '', ''),
(840, 'Nandi Diagnostics', 'Hyderabad', '0', 1, 18, '821', 'Thyraid test', 'DDDDD', '10', '', 'SSSSSSSSSSSSSSSSSSSSSSSSSSSSSSSSSSSSSSSSSSSSSSSSSSSSSSSSSSSSSSSSSSSSSSSSSSSSS\r\nSSSSSSSSSSSSSSSSSSSSSSSSSSSSSSSSSSSSSSSSSSSSSSSSSSSSSSSSSSSSSSSSSSSSSSSSSSSSSSSS\r\nSSSSSSSSSSSSSSSSSSSSSSSSSSSSSSSSSSSSSSSSSSSSSSSSSSSSSSSSSSSSSSSSSSSSSSSSSSSSSSSSSSSS\r\nSSSSSSSSSSSSSSSSSSSSSSSSSSSSSSSSSSSSSSSSSSSSSSSSSSSSSSSSSSSSSSSSSSSSSSSSSSSSSSSSSSS\r\nSSSSSSSSSSSSSSSSSSSSSSSSSSSSSSSSSSSSSSSSSSS', 'R', '', 'TEST METHOD', '2012-12-29 10:00:15', '2012-12-29 10:00:15', 100, 'Days', '', '', 'THIS IS THE TEXT FOR CONCLUSION'),
(841, 'Nandi Diagnostics', 'Hyderabad', '0', 9, 16, '822', 'Haemoglobin', 'EDTA BLOOD', 'SAME DAY', 'SAME DAY', '', 'A/R', 'Daily', 'CELL COUNTER', '2012-12-30 08:07:19', '2012-12-30 08:07:19', 1, 'Hours', '', '', ''),
(842, 'Nandi Diagnostics', 'Hyderabad', '0', 28, 15, '823', 'Serology', '', '10', '', '', 'A', '', '', '2013-01-04 05:33:52', '2013-01-04 05:33:52', NULL, 'Days', '', '', ''),
(843, 'Nandi Diagnostics', 'Hyderabad', '0', 28, 15, '824', 'Serology test', '', '10', '', '', 'R', '', '', '2013-01-04 06:11:16', '2013-01-04 06:11:16', NULL, 'Days', '', '', ''),
(844, 'Nandi Diagnostics', 'Hyderabad', '0', 28, 15, '825', 'Hemotography', '', '5', '', '', 'R', '', '', '2013-01-04 12:16:57', '2013-01-04 12:16:57', NULL, 'Days', '', '', 'SUGGESTED CLINICAL CORELATION, IF NECESSARY KINDLY DISCUSS'),
(845, 'Nandi Diagnostics', 'Hyderabad', '0', 28, 15, '826', 'Biocity', '', '1', '', '', 'A', '', 'ELISA', '2013-01-04 12:43:32', '2013-01-04 12:43:32', NULL, 'Days', '', '', 'KINDLY CORRELATE CLINICALLY AND WITH OTHER LABORATORY FINDINGS AND THE TOTAL CLINICAL STATUS OF THE PATIENT.'),
(846, 'Nandi Diagnostics', 'Hyderabad', '0', 1, 16, '827', 'Haemogram', 'WD - EDTA', 'Same Day', 'Same Day', '', 'A/R', 'Daily', 'MicroScope', '2013-01-04 13:08:49', '2013-01-15 07:58:32', 1, 'Days', '', '', ''),
(847, 'Nandi Diagnostics', 'Hyderabad', '0', 28, 15, '828', 'Testostiran', '', '1', '', 'TESTOSTERONE(17 B-HYDROXYANDROSTERONE-3-ONE) IS A C19 steriod.This steriod hormone has a\r\nmolecular wweight of 288.4 daltons. Testosterone is the most important androgen secreted into the blood.\r\nIn males,testosterone is secreted primarily by the leydiog cells ofd the tests, in females 50% of circulating testosterone is derived from peripherals conversion of androsternedione,25% from the overy and 25 % from the adrenal glands.\r\nTestoisterone is responsible for the development of secondary male characteristristics and its measurements are help ful in evcaluatingt the hypogland states.\r\n\r\nNote:-PLease correlate clinically if necessary kindly discuss', 'A/R', '', 'test', '2013-01-05 09:31:35', '2013-01-05 09:38:46', NULL, 'Days', '', '', 'ending'),
(848, 'Nandi Diagnostics', 'Hyderabad', '0', 28, 15, '829', 'Lipid profile', 'Serum ', 'Same Day', 'Same Day', '', 'A/R', '', 'Spectrophotometry', '2013-01-08 10:45:08', '2013-01-08 10:45:08', 1, 'Hours', '', '', ''),
(849, 'Nandi Diagnostics', 'Hyderabad', '0', 28, 15, '830', 'Rbs', 'plasma', 'daily', '', '', 'A/R', 'Daily', 'Spectrophotometry', '2013-01-10 10:03:00', '2013-01-10 10:03:00', 1, 'Hours', '', '', ''),
(850, 'Nandi Diagnostics', 'Hyderabad', '0', 28, 15, '831', 'Calcium - Serum', 'SERUM', 'SAME DAY', '', '', 'A/R', 'Daily', 'SPECTROPHOTOMETRY', '2013-01-12 07:41:37', '2013-01-15 07:41:46', 1, 'Hours', '', '', '');

-- --------------------------------------------------------

--
-- Table structure for table `test_master_children`
--

CREATE TABLE IF NOT EXISTS `test_master_children` (
  `id` int(11) NOT NULL AUTO_INCREMENT,
  `test_master_id` int(11) DEFAULT NULL,
  `s_no` int(11) DEFAULT NULL,
  `parameter` varchar(255) COLLATE utf8_unicode_ci DEFAULT NULL,
  `content_type` varchar(255) COLLATE utf8_unicode_ci DEFAULT NULL,
  `normal_range` mediumtext COLLATE utf8_unicode_ci,
  `units` varchar(255) COLLATE utf8_unicode_ci DEFAULT NULL,
  `created_at` datetime DEFAULT NULL,
  `updated_at` datetime DEFAULT NULL,
  `male` varchar(255) COLLATE utf8_unicode_ci DEFAULT NULL,
  `female` varchar(255) COLLATE utf8_unicode_ci DEFAULT NULL,
  `child` varchar(255) COLLATE utf8_unicode_ci DEFAULT NULL,
  `content_type1` varchar(255) COLLATE utf8_unicode_ci DEFAULT NULL,
  PRIMARY KEY (`id`)
) ENGINE=InnoDB  DEFAULT CHARSET=utf8 COLLATE=utf8_unicode_ci AUTO_INCREMENT=248 ;

--
-- Dumping data for table `test_master_children`
--

INSERT INTO `test_master_children` (`id`, `test_master_id`, `s_no`, `parameter`, `content_type`, `normal_range`, `units`, `created_at`, `updated_at`, `male`, `female`, `child`, `content_type1`) VALUES
(6, 811, 1, 'Blood Group', 'Content', '', '', '2012-11-22 10:29:22', '2012-11-22 10:29:22', NULL, NULL, NULL, NULL),
(7, 811, 2, 'Matching', 'Content', '+ve/-ve', '', '2012-11-22 10:29:22', '2012-11-22 10:29:22', NULL, NULL, NULL, NULL),
(8, 811, 3, 'RH type', 'Content', '', '', '2012-11-22 10:29:22', '2012-11-22 10:29:22', NULL, NULL, NULL, NULL),
(9, 811, 4, 'White Blood Cells', 'Content', '50000', 'cells', '2012-11-22 10:29:22', '2012-11-22 10:29:22', NULL, NULL, NULL, NULL),
(10, 31, 1, 'Test', '', '10.2', 'seconds', '2012-12-03 06:36:03', '2012-12-03 06:36:03', NULL, NULL, NULL, NULL),
(11, 31, 2, 'Control', '', '28.0', 'seconds', '2012-12-03 06:36:03', '2012-12-03 06:36:03', NULL, NULL, NULL, NULL),
(12, 813, 1, 'Blood urea', 'Content', '10-40 mg/dl', 'mg/dl', '2012-12-03 06:41:35', '2012-12-03 06:41:35', NULL, NULL, NULL, NULL),
(13, 813, 2, 'serum creatinine', 'Content', '0.6-1.3 mg/dl', 'mg/dl', '2012-12-03 06:41:35', '2012-12-03 06:41:35', NULL, NULL, NULL, NULL),
(14, 814, 1, 'Bilirubin Total ', 'Content', '0.4-1.0 mg/dl', 'mg/dl', '2012-12-03 06:49:12', '2013-01-16 09:40:33', NULL, NULL, NULL, NULL),
(15, 814, 2, 'Bilirubin Conjugated ', 'Content', '0.0-0.4 mg/dl', 'mg/dl', '2012-12-03 06:49:12', '2013-01-16 09:40:33', NULL, NULL, NULL, NULL),
(16, 814, 3, 'Bilirubin Unconjugated', 'Content', 'up to 0.9', 'mg/dl', '2012-12-03 06:49:12', '2013-01-16 09:40:33', NULL, NULL, NULL, NULL),
(17, 815, 1, 'S.Typhi	`O`', 'Content', '', '', '2012-12-03 07:16:11', '2013-01-15 08:08:07', NULL, NULL, NULL, NULL),
(18, 815, 2, 'S. Typhi  ''H''', 'Content', '', '', '2012-12-03 07:16:11', '2013-01-15 08:08:07', NULL, NULL, NULL, NULL),
(19, 816, 1, 'chiken gunya', 'Content', 'Negative', '', '2012-12-03 07:17:39', '2012-12-03 07:17:39', NULL, NULL, NULL, NULL),
(20, 817, 1, 'viral antibodies', 'Content', 'Negative', '', '2012-12-03 07:19:03', '2012-12-03 07:19:03', NULL, NULL, NULL, NULL),
(21, 818, 1, 'Hbs Ag', 'Content', '', '', '2012-12-03 07:19:59', '2013-01-15 08:24:42', NULL, NULL, NULL, NULL),
(22, 819, 1, 'HCV', 'Content', '', '', '2012-12-03 07:20:46', '2013-01-15 08:27:09', NULL, NULL, NULL, NULL),
(23, 820, 1, 'C Reactive Protein (CRP)', 'Content', 'Up to 6', 'mg/L', '2012-12-03 07:21:51', '2013-01-10 14:40:51', NULL, NULL, NULL, NULL),
(24, 281, 1, 'Hemoglobin', 'Content', 'M(13.18 g),F (11-16)', '', '2012-12-03 12:20:45', '2012-12-03 12:20:45', NULL, NULL, NULL, NULL),
(25, 466, 1, 'Rbc folate', 'Content', 'M:4.66.2,F:4.2-5.4 ', 'millions/cmm', '2012-12-03 12:22:44', '2012-12-03 12:22:44', NULL, NULL, NULL, NULL),
(26, 821, 1, 'WBC', '', '1.5-4.0 lakhs/cmm', 'lakhs/cmm', '2012-12-03 13:24:22', '2012-12-03 13:24:22', NULL, NULL, NULL, NULL),
(27, 822, 1, 'PCV', '', '4500-11000 cells/cmm', ' cells/cmm', '2012-12-03 13:26:24', '2012-12-03 13:26:24', NULL, NULL, NULL, NULL),
(28, 823, 1, 'Neutrophils', 'Content', '50-70%', '', '2012-12-03 13:34:15', '2012-12-03 13:34:15', NULL, NULL, NULL, NULL),
(29, 824, 1, 'Lymphocytes', 'Content', '20-40%', '', '2012-12-03 13:35:10', '2012-12-03 13:35:10', NULL, NULL, NULL, NULL),
(30, 825, 1, 'Eosinophils', 'Content', '1-6%', '', '2012-12-03 13:36:13', '2012-12-03 13:36:13', NULL, NULL, NULL, NULL),
(33, 828, 1, 'MCHC', 'Content', '27-31 pg', '', '2012-12-03 13:42:10', '2012-12-03 13:42:10', NULL, NULL, NULL, NULL),
(34, 829, 1, 'MCV', 'Content', '0-1%', '', '2012-12-03 13:43:48', '2012-12-03 13:43:48', NULL, NULL, NULL, NULL),
(35, 830, 1, 'Monocytes', 'Content', '2-8%', '', '2012-12-03 13:46:09', '2012-12-03 13:46:09', NULL, NULL, NULL, NULL),
(36, 831, 1, 'Basophils', 'Content', '0-1%', '', '2012-12-03 13:47:08', '2012-12-03 13:47:08', NULL, NULL, NULL, NULL),
(37, 832, 1, 'Mch', 'Content', '80-96fl', 'fl', '2012-12-03 13:48:34', '2012-12-03 13:48:34', NULL, NULL, NULL, NULL),
(38, 833, 1, 'ygygt', 'Content', '100', '10', '2012-12-10 13:46:46', '2012-12-10 13:46:46', NULL, NULL, NULL, NULL),
(39, 834, 1, 'Fasting Blood Sugar  ', 'Content', '70   -  110', 'mg/dl', '2012-12-15 06:50:50', '2013-01-15 08:52:27', NULL, NULL, NULL, NULL),
(41, 836, 1, 'THALLIUM ', 'Content', 'Below 0.001', 'ug/dl', '2012-12-21 06:48:59', '2012-12-24 08:12:59', NULL, NULL, NULL, NULL),
(45, 838, 1, 'GLUCOSE', 'Content', '40 - 80', 'mg/dl', '2012-12-24 14:08:14', '2012-12-24 14:08:14', NULL, NULL, NULL, NULL),
(46, 838, 2, 'PROTEINS', 'Content', '10 - 50', 'mg/dl', '2012-12-24 14:08:14', '2012-12-24 14:08:14', NULL, NULL, NULL, NULL),
(47, 838, 3, 'CHLORIDE', 'Content', '118 - 132', 'mmol/L', '2012-12-24 14:08:14', '2012-12-24 14:08:14', NULL, NULL, NULL, NULL),
(48, 497, 1, 'TSH', 'Content', '0.35 - 5.50 ', 'uIU/mL', '2012-12-24 14:35:04', '2012-12-24 14:35:04', NULL, NULL, NULL, NULL),
(49, 839, 1, 'Triiodothyronine    [ T3  ]', 'Content', '0.6  -   2.0', ' ng/mL', '2012-12-25 09:26:20', '2012-12-26 06:16:19', '100', '80', '60', NULL),
(50, 839, 2, 'Thyroxine             [ T4 ]', 'Content', '5.0  -  12.0 ', 'ug/dL', '2012-12-25 09:26:20', '2012-12-26 06:16:19', '100', '80', '60', NULL),
(51, 839, 3, 'Thyroid Stimulating Hormone ( T S H )', 'Content', '0.35  - 5.5', ' uIU/mL  ', '2012-12-25 09:26:20', '2012-12-26 06:16:19', '100', '80', '60', NULL),
(52, 451, 1, ' Prostate specific antigen Total(PSA ) ', 'Content', ' 0 - 4 ', 'ng/ml', '2012-12-25 09:37:49', '2012-12-25 09:37:49', NULL, NULL, NULL, NULL),
(53, 271, 1, 'HBA1C', 'Content', '> 8 Action Suggested', '%', '2012-12-25 09:40:33', '2012-12-25 09:40:33', NULL, NULL, NULL, NULL),
(54, 840, 1, 'THYRAID', 'Heading', NULL, '', '2012-12-29 10:00:15', '2012-12-29 10:00:15', '', '', '', NULL),
(55, 840, 2, 'H', 'Content', NULL, 'CELLS', '2012-12-29 10:00:15', '2012-12-29 10:00:15', '100', '100', '100', NULL),
(56, 840, 3, 'O', 'Content', NULL, 'HZ', '2012-12-29 10:00:15', '2012-12-29 10:00:15', '20', '10', '5', NULL),
(57, 840, 4, 'RBC', 'Heading', NULL, '', '2012-12-29 10:00:15', '2012-12-29 10:00:15', '', '', '', NULL),
(58, 840, 5, 'Triiodothyronine    [ T3  ]', 'Content', NULL, ' ng/mL', '2012-12-29 10:00:15', '2012-12-29 10:00:15', '100', '80', '60', NULL),
(59, 840, 6, 'Thyroxine             [ T4 ]', 'Content', NULL, 'ug/dL', '2012-12-29 10:00:15', '2012-12-29 10:00:15', '100', '80', '60', NULL),
(60, 840, 7, 'Thyroid Stimulating Hormone ( T S H )', 'Content', NULL, ' uIU/mL  ', '2012-12-29 10:00:15', '2012-12-29 10:00:15', '100', '80', '60', NULL),
(61, 266, NULL, 'Fasting blood Sugar', 'Content', '70  -  110', 'mg/dl', '2012-12-30 07:55:38', '2013-01-07 12:38:56', '70 - 110', 'mg/dl', '', NULL),
(62, 267, 1, 'Post Lunch Blood Sugar', 'Content', NULL, 'mg / dl', '2012-12-30 08:00:19', '2012-12-30 08:00:19', '110 - 160 ', '', '', NULL),
(63, 841, 1, 'HAEMOGLOBIN', 'Content', NULL, 'gm%', '2012-12-30 08:07:19', '2012-12-30 08:07:19', '13.0-18.0', '11.0 - 16.0', '11.0 - 16.0', NULL),
(64, 179, NULL, 'Haemoglobin', 'Content', 'Male:13.0-18.0;Female:11.0-16.0;children:11.0-16.0', 'gm%', '2012-12-30 08:38:40', '2013-01-07 08:57:09', '13.0 - 18.0', '11.0 - 16.0', '', NULL),
(65, 179, NULL, 'Haematocrit(PCV)', 'Content', 'Male:44-54;Female:36-47;', 'Vol%', '2012-12-30 08:38:40', '2013-01-07 08:57:09', '39.0-54.0', '35.0 - 47.0', '', NULL),
(66, 179, NULL, 'RBC Count(Erythrocytes)', 'Content', 'Male:4.5-6.5;Female:3.8-5.8', 'mill/cumm', '2012-12-30 08:38:40', '2013-01-07 08:57:09', '4.5-6.5', '3.8   - 5.8', '', NULL),
(67, 179, NULL, 'WBC Count(Leucocytes)', 'Content', '4000-11000', 'cells /cumm', '2012-12-30 08:38:40', '2013-01-07 08:57:09', '4,000-11,000', '4,000-11,000', '', NULL),
(68, 179, NULL, 'Platelet Count(Thrombocytes)', 'Content', '1.5-4.0', 'Lakhs/cumm', '2012-12-30 08:38:40', '2013-01-07 08:57:09', '1.5 - 4.5 ', '1.5  -  4.5 ', '', NULL),
(69, 179, NULL, 'DIFFERENTIAL COUNT', 'Heading', '', '', '2012-12-30 08:38:40', '2013-01-08 09:32:03', '', '', '', NULL),
(70, 179, NULL, 'Polymorphs', 'Content', '40-75', '%', '2012-12-30 08:38:40', '2013-01-07 09:09:10', '40- 75 ', '40- 75', '', NULL),
(71, 179, NULL, 'Lymphocytes', 'Content', '20-45', '%', '2012-12-30 08:38:40', '2013-01-07 09:09:10', '20-45', '20-45', '', NULL),
(72, 179, NULL, 'Eosinophils', 'Content', '01-06', '%', '2012-12-30 08:38:40', '2013-01-07 09:09:10', '01 - 6', '01- 6', '', NULL),
(73, 179, NULL, 'Monocytes', 'Content', '02-08', '%', '2012-12-30 08:38:40', '2013-01-07 09:09:10', '02-  8', '02 - 08 ', '', NULL),
(74, 179, NULL, 'Basophils', 'Content', '00-01', '%', '2012-12-30 08:38:40', '2013-01-07 09:09:10', '00-  2', '00 - 02', '', NULL),
(75, 179, NULL, 'PERIPHERAL BLOOD SMEAR', 'Heading', '', '', '2012-12-30 08:38:40', '2013-01-08 09:32:03', '', '', '', NULL),
(76, 179, NULL, 'RBC  :', 'Content', '', '', '2012-12-30 08:38:40', '2013-01-07 08:57:09', '', '', '', NULL),
(77, 179, NULL, 'WBC', 'Content', '', '', '2012-12-30 08:38:40', '2013-01-07 08:57:09', '', '', '', NULL),
(78, 179, NULL, 'PLATELET COUNT', 'Content', '', '', '2012-12-30 08:38:40', '2013-01-07 08:57:09', '', '', '', NULL),
(79, 842, 1, 'h', 'Heading', NULL, 'mm', '2013-01-04 05:33:52', '2013-01-04 06:04:11', 'Male:10', '', '', NULL),
(80, 842, NULL, '', 'Content', NULL, '', '2013-01-04 05:33:52', '2013-01-04 06:04:11', 'Female:20', '', '', NULL),
(81, 842, NULL, '', 'Content', NULL, '', '2013-01-04 05:45:21', '2013-01-04 06:04:11', 'Child:30', '', '', NULL),
(82, 842, 2, 's', 'Heading', NULL, 'ml', '2013-01-04 05:45:21', '2013-01-04 06:04:11', 'Male:40', '', '', NULL),
(83, 842, NULL, '', 'Content', NULL, '', '2013-01-04 05:45:21', '2013-01-04 06:04:11', 'Female:52', '', '', NULL),
(84, 842, NULL, '', 'Content', NULL, '', '2013-01-04 05:45:21', '2013-01-04 06:04:11', 'Child:60', '', '', NULL),
(85, 843, 1, 'h', 'Content', 'male:20-30,female:30-40,child:60-70,neonates:80-90', 'mm', '2013-01-04 06:11:16', '2013-01-04 07:45:25', 'male:20-30,child:30-40,female:50-60', '', '', NULL),
(86, 843, 2, 's', 'Content', 'adults:30-40,children:50-60', 'sl', '2013-01-04 06:11:16', '2013-01-04 07:45:25', 'males:20-30,females:30-40,child:40-50', '', '', NULL),
(87, 844, NULL, '', 'Content', '', '', '2013-01-04 12:38:41', '2013-01-04 12:38:56', NULL, NULL, NULL, NULL),
(88, 845, 1, 'brucella lgc', 'Content', '<10.0:negative;>10.0:positive', '', '2013-01-04 12:43:32', '2013-01-05 07:04:39', NULL, NULL, NULL, NULL),
(89, 845, 2, 'brucella igm', 'Content', '<10.0:negative; >10.0:positive', '', '2013-01-04 12:43:32', '2013-01-05 07:04:39', NULL, NULL, NULL, NULL),
(90, 846, 1, 'Haemoglobin', 'Content', 'Male :14.0-18.0 ; Female : 12.0-16.0', 'gm%', '2013-01-04 13:08:49', '2013-01-04 13:08:49', NULL, NULL, NULL, NULL),
(91, 846, 2, 'Haemotocrit(PCV)', 'Content', 'Male :44-54 ; Females :36-47 ', 'Vol%', '2013-01-04 13:08:49', '2013-01-04 13:08:49', NULL, NULL, NULL, NULL),
(92, 846, 3, 'RBC count', 'Content', 'Males : 4.5 -6.5 ; Female :3.8-5.8', 'mill/cumm', '2013-01-04 13:08:49', '2013-01-04 13:08:49', NULL, NULL, NULL, NULL),
(93, 846, 4, 'WBC count', 'Content', '4,000 - 11,000', 'cumm', '2013-01-04 13:08:49', '2013-01-04 13:08:49', NULL, NULL, NULL, NULL),
(94, 846, 5, 'Platelet Count', 'Content', '1.5-4.5', 'Lakhs/cumm', '2013-01-04 13:08:49', '2013-01-04 13:08:49', NULL, NULL, NULL, NULL),
(95, 846, 6, 'M C V', 'Content', '78-94', 'fl', '2013-01-04 13:08:49', '2013-01-04 13:08:49', NULL, NULL, NULL, NULL),
(96, 846, 7, 'M C H', 'Content', '27-32', 'pg', '2013-01-04 13:08:49', '2013-01-04 13:08:49', NULL, NULL, NULL, NULL),
(97, 846, 8, 'M C H C', 'Content', '32-36', 'g/dl', '2013-01-04 13:08:49', '2013-01-04 13:08:49', NULL, NULL, NULL, NULL),
(98, 846, 9, 'DIFFERENTIAL COUNT', 'Heading', '', '', '2013-01-04 13:08:49', '2013-01-04 13:08:49', NULL, NULL, NULL, NULL),
(99, 846, 10, 'Polymorphs', 'Content', '40-75', '%', '2013-01-04 13:08:49', '2013-01-04 13:08:49', NULL, NULL, NULL, NULL),
(100, 846, 11, 'Lymphocytes', 'Content', '20-45', '%', '2013-01-04 13:08:49', '2013-01-04 13:08:49', NULL, NULL, NULL, NULL),
(101, 846, 12, 'Eosinophils', 'Content', '01-06', '%', '2013-01-04 13:08:49', '2013-01-04 13:08:49', NULL, NULL, NULL, NULL),
(102, 846, 13, 'Monocytes', 'Content', '02-08', '%', '2013-01-04 13:08:49', '2013-01-04 13:08:49', NULL, NULL, NULL, NULL),
(103, 846, 14, 'Mnsocytes', 'Content', '00-02', '%', '2013-01-04 13:08:49', '2013-01-04 13:08:49', NULL, NULL, NULL, NULL),
(104, 846, 15, 'PERIPHERAL BLOOD SMEAR', 'Heading', '', '', '2013-01-04 13:08:49', '2013-01-04 13:08:49', NULL, NULL, NULL, NULL),
(105, 846, 16, 'RBC', 'Content', '', '', '2013-01-04 13:08:49', '2013-01-04 13:08:49', NULL, NULL, NULL, NULL),
(106, 846, NULL, 'WBC', 'Content', '', '', '2013-01-04 13:08:49', '2013-01-04 13:08:49', NULL, NULL, NULL, NULL),
(107, 846, NULL, 'Platelet Count', 'Content', '', '', '2013-01-04 13:08:49', '2013-01-04 13:08:49', NULL, NULL, NULL, NULL),
(108, 846, NULL, 'ESR', 'Heading', 'Male :0-15; Female :0-20', 'mm/hr', '2013-01-04 13:08:49', '2013-01-15 07:58:32', NULL, NULL, NULL, NULL),
(109, 847, 1, 'testostirone', 'Content', 'Male :241-827;Female :14-76', 'ng/dl', '2013-01-05 09:31:35', '2013-01-05 09:31:35', NULL, NULL, NULL, NULL),
(110, 268, 1, 'Random blood Sugar', 'Content', '70  -  160;', 'mg/dl', '2013-01-07 12:21:10', '2013-01-07 12:24:42', NULL, NULL, NULL, NULL),
(111, 270, 1, 'Post Lunch Blood Sugar', 'Content', '110  - 160', 'mg/dl', '2013-01-07 12:23:53', '2013-01-08 12:11:09', NULL, NULL, NULL, NULL),
(112, 192, 1, 'Serum Creatinine', 'Content', ' Male : 0.7 - 1.3; Female : 0.6 - 1.1;Children  : 0.3 - 0.7', 'mg/dl', '2013-01-07 12:37:58', '2013-01-07 12:37:58', NULL, NULL, NULL, NULL),
(113, 520, 1, 'Blood Urea', 'Content', '10 - 40 ', 'mg/dl', '2013-01-08 10:27:43', '2013-01-08 10:27:43', NULL, NULL, NULL, NULL),
(114, 814, 4, 'S.G.O.T', 'Content', 'Adult : Upto 40;New born : Upto 120', 'U/L', '2013-01-08 10:32:54', '2013-01-08 10:32:54', NULL, NULL, NULL, NULL),
(115, 814, 5, 'S.G.P.T	', 'Content', 'Adult : Upto 65;New born : Upto 90', 'U/L', '2013-01-08 10:32:54', '2013-01-08 10:34:32', NULL, NULL, NULL, NULL),
(116, 814, 6, 'Alkaline Phosphatase', 'Content', 'Adult : Upto 150;Children : < 750  ', 'U/L', '2013-01-08 10:32:54', '2013-01-08 10:34:32', NULL, NULL, NULL, NULL),
(117, 814, 7, 'Total Protein', 'Content', '6.3  8.7', '', '2013-01-08 10:32:54', '2013-01-08 10:34:32', NULL, NULL, NULL, NULL),
(118, 814, 8, 'Albumin', 'Content', '3.7  5.3', '', '2013-01-08 10:32:54', '2013-01-08 10:34:32', NULL, NULL, NULL, NULL),
(119, 814, 9, 'Globulin', 'Content', '1.8  3.6', '', '2013-01-08 10:32:54', '2013-01-08 10:34:32', NULL, NULL, NULL, NULL),
(120, 814, 10, 'A/G  Ratio', 'Content', '', '', '2013-01-08 10:32:54', '2013-01-08 10:34:32', NULL, NULL, NULL, NULL),
(121, 848, 1, 'Total Cholesterol', 'Content', 'Desirable: < 200;Moderate Risk : 200 - 239;High Risk :  > 240', 'mg/dl ', '2013-01-08 10:45:08', '2013-01-08 10:45:08', NULL, NULL, NULL, NULL),
(122, 848, 2, 'HDL Cholesterol ', 'Content', 'Desirable: > 37;Moderate Risk:25 - 37;High Risk : 12  - 18 ', 'mg/dl ', '2013-01-08 10:45:08', '2013-01-08 10:45:08', NULL, NULL, NULL, NULL),
(123, 848, 3, 'LDL Cholesterol', 'Content', 'Desirable : < 130;Moderate Risk  :  130  - 159;High Risk:>  160 ', 'mg/dl ', '2013-01-08 10:45:08', '2013-01-08 10:45:08', NULL, NULL, NULL, NULL),
(124, 848, 4, 'VLDL Cholesterol ', 'Content', '6 - 40', 'mg/dl ', '2013-01-08 10:45:08', '2013-01-08 10:45:08', NULL, NULL, NULL, NULL),
(125, 848, 5, 'Triglycerides', 'Content', 'Male: 40  - 160;Female:35  -  135 ', 'mg/dl ', '2013-01-08 10:45:08', '2013-01-08 10:45:08', NULL, NULL, NULL, NULL),
(126, 848, 6, 'Total/HDL Cholesterol Ratio', 'Content', '2.9  -  5.1', '%', '2013-01-08 10:45:08', '2013-01-08 10:45:08', NULL, NULL, NULL, NULL),
(127, 848, 7, 'Triglycerides/HDL Cholesterol Ratio', 'Content', '1.7  -  3.5', '%', '2013-01-08 10:45:08', '2013-01-08 10:45:08', NULL, NULL, NULL, NULL),
(128, 277, NULL, 'Human Growth Hormone', 'Content', 'Male : upto 3;Female:upto8', '', '2013-01-08 12:36:29', '2013-01-08 12:36:29', NULL, NULL, NULL, NULL),
(129, 479, NULL, 'PHYSICAL EXAMINATION', 'Sub-Heading', '', '', '2013-01-08 12:51:36', '2013-01-08 12:51:36', NULL, NULL, NULL, NULL),
(130, 479, NULL, 'Quantity', 'Content', '', '', '2013-01-08 12:51:36', '2013-01-08 12:51:36', NULL, NULL, NULL, NULL),
(131, 479, NULL, 'Colour', 'Content', '', '', '2013-01-08 12:51:36', '2013-01-08 12:51:36', NULL, NULL, NULL, NULL),
(132, 479, NULL, 'Reaction', 'Content', '', '', '2013-01-08 12:51:36', '2013-01-08 12:51:36', NULL, NULL, NULL, NULL),
(133, 479, NULL, 'Viscosity', 'Content', '', '', '2013-01-08 12:51:36', '2013-01-08 12:51:36', NULL, NULL, NULL, NULL),
(134, 479, NULL, 'Liquification time', 'Content', '', '', '2013-01-08 12:51:36', '2013-01-08 12:51:36', NULL, NULL, NULL, NULL),
(135, 479, NULL, 'MICROSCOPIC EXAMINATION', 'Sub-Heading', '', '', '2013-01-08 12:51:36', '2013-01-08 12:51:36', NULL, NULL, NULL, NULL),
(136, 479, NULL, 'Total Sperm count', 'Content', '60 - 120', 'millions/ml', '2013-01-08 12:51:36', '2013-01-08 12:51:36', NULL, NULL, NULL, NULL),
(137, 479, NULL, 'MOTILITY', 'Sub-Heading', '', '', '2013-01-08 12:51:36', '2013-01-08 12:51:36', NULL, NULL, NULL, NULL),
(138, 479, NULL, 'Active Motile', 'Content', '', '%', '2013-01-08 12:51:36', '2013-01-08 12:51:36', NULL, NULL, NULL, NULL),
(139, 479, NULL, 'Sluggish Motile', 'Content', '', '%', '2013-01-08 12:51:36', '2013-01-08 12:51:36', NULL, NULL, NULL, NULL),
(140, 479, NULL, 'Non Motile', 'Content', '', '%', '2013-01-08 12:51:36', '2013-01-08 12:51:36', NULL, NULL, NULL, NULL),
(141, 479, NULL, 'MORPHOLOGY', 'Sub-Heading', '', '', '2013-01-08 12:51:36', '2013-01-08 12:51:36', NULL, NULL, NULL, NULL),
(142, 479, NULL, 'Normal', 'Content', '', '%', '2013-01-08 12:51:36', '2013-01-08 12:51:36', NULL, NULL, NULL, NULL),
(143, 479, NULL, 'Abnormal', 'Content', '', '%', '2013-01-08 12:51:36', '2013-01-08 12:51:36', NULL, NULL, NULL, NULL),
(144, 479, NULL, 'Pus Cells', 'Content', '', '/HPF', '2013-01-08 12:51:36', '2013-01-08 12:51:36', NULL, NULL, NULL, NULL),
(145, 479, NULL, 'RBC''s', 'Content', '', '/HPF', '2013-01-08 12:51:36', '2013-01-08 12:51:36', NULL, NULL, NULL, NULL),
(146, 479, NULL, 'Epithelial Cells', 'Content', '', '/HPF', '2013-01-08 12:51:36', '2013-01-08 12:51:36', NULL, NULL, NULL, NULL),
(147, 479, NULL, 'IMPRESSION', 'Sub-Heading', '', '', '2013-01-08 12:51:36', '2013-01-08 12:51:36', NULL, NULL, NULL, NULL),
(148, 489, 1, 'MACROSCOPIC', 'Sub-Heading', '', '', '2013-01-08 12:55:30', '2013-01-08 12:55:30', NULL, NULL, NULL, NULL),
(149, 489, 2, 'Colour', 'Content', '', '', '2013-01-08 12:55:30', '2013-01-08 12:55:30', NULL, NULL, NULL, NULL),
(150, 489, NULL, 'Consistency', 'Content', '', '', '2013-01-08 12:55:30', '2013-01-08 12:55:30', NULL, NULL, NULL, NULL),
(151, 489, NULL, 'Mucus', 'Content', '', '', '2013-01-08 12:55:30', '2013-01-08 12:55:30', NULL, NULL, NULL, NULL),
(152, 489, NULL, 'Blood', 'Content', '', '', '2013-01-08 12:55:30', '2013-01-08 12:55:30', NULL, NULL, NULL, NULL),
(153, 489, NULL, 'Reaction', 'Content', '', '', '2013-01-08 12:55:30', '2013-01-08 12:55:30', NULL, NULL, NULL, NULL),
(154, 489, NULL, 'MICRO SCOPIC EXAMINATION', 'Content', '', '', '2013-01-08 12:55:30', '2013-01-08 12:55:30', NULL, NULL, NULL, NULL),
(155, 489, NULL, 'Ova', 'Content', '', '', '2013-01-08 12:55:30', '2013-01-08 12:55:30', NULL, NULL, NULL, NULL),
(156, 489, NULL, 'Cyst', 'Content', '', '', '2013-01-08 12:55:30', '2013-01-08 12:55:30', NULL, NULL, NULL, NULL),
(157, 489, NULL, 'Pus Cells', 'Content', '', '', '2013-01-08 12:55:30', '2013-01-08 12:55:30', NULL, NULL, NULL, NULL),
(158, 489, NULL, 'RBC', 'Content', '', '', '2013-01-08 12:55:30', '2013-01-08 12:55:30', NULL, NULL, NULL, NULL),
(159, 489, NULL, 'Epithelial Cells', 'Content', '', '', '2013-01-08 12:55:30', '2013-01-08 12:55:30', NULL, NULL, NULL, NULL),
(160, 489, NULL, 'Others', 'Content', '', '', '2013-01-08 12:55:30', '2013-01-08 12:55:30', NULL, NULL, NULL, NULL),
(161, 849, 1, 'RANDOM BLOOD SUGAR', 'Content', '70   -  110', 'mg/dl', '2013-01-10 10:03:00', '2013-01-10 10:03:00', NULL, NULL, NULL, NULL),
(162, 266, NULL, 'Corresponding Urine Sugar ', 'Content', '', '', '2013-01-10 13:19:21', '2013-01-10 13:19:21', NULL, NULL, NULL, NULL),
(163, 270, NULL, 'Corresponding Urine Sugar ', 'Content', '', '', '2013-01-10 13:20:35', '2013-01-10 13:20:35', NULL, NULL, NULL, NULL),
(164, 268, NULL, 'Corresponding Urine Sugar ', 'Content', '', '', '2013-01-10 13:22:41', '2013-01-10 13:22:41', NULL, NULL, NULL, NULL),
(165, 21, 1, '17 OH PROGESTERONE (17 OH - PROG)', 'Content', 'Male: 0.59 - 3.44;Female; Follicular : 0.11 - 1.08;Luteal:0.95 - 5.00;Pregnancy;1st Trimester :2.50 - 9.78;2nd Trimester:3.4 - 8.50;3rd Trimester:4.53 - 18.86 ', 'ng/ml', '2013-01-10 13:31:02', '2013-01-10 13:31:02', NULL, NULL, NULL, NULL),
(166, 222, 1, 'Dehydroepiandrosterone sulphate (DHEAs)', 'Content', 'Age(Yrs) Female  Male;11-14 8.60-169.8 16.6-242.7;15-19 61.2-493.6 45.1-385.0;20-24 134.2-407.4 238.4-539.3;25-34 95.8-511.7 167.9-591.9;35-44 74.8-410.2 139.7-484.4;45-54 56.2-282.9 136.2-447.6;55-64 29.7-182.2 48.6-361.8;65-70 33.6-78.9 228.5-283.6', 'ug/dl', '2013-01-10 13:36:11', '2013-01-10 14:37:42', NULL, NULL, NULL, NULL),
(167, 494, NULL, 'Testosterone - Total', 'Content', 'Male: 241  837;Female :14   76 ', 'ng/dl', '2013-01-10 15:29:10', '2013-01-10 15:29:10', NULL, NULL, NULL, NULL),
(168, 493, NULL, 'Testosterone - Free', 'Content', 'Male  : 8.9   42.50 ;Female : 0.02   3.09 ', 'pg/ml', '2013-01-10 15:31:25', '2013-01-10 15:31:25', NULL, NULL, NULL, NULL),
(169, 448, NULL, 'Prolactin', 'Content', 'Male  : 2  15 ;Female : 3.0  20.0 ', 'ng/mL', '2013-01-10 15:43:39', '2013-01-10 15:43:39', NULL, NULL, NULL, NULL),
(170, 463, NULL, 'Prothrombin Time (PT)', 'Content', '', '', '2013-01-11 08:48:56', '2013-01-11 08:48:56', NULL, NULL, NULL, NULL),
(171, 463, NULL, 'Test', 'Content', '', 'Sec', '2013-01-11 08:48:56', '2013-01-11 08:48:56', NULL, NULL, NULL, NULL),
(172, 463, NULL, 'Control', 'Content', '', 'sec', '2013-01-11 08:48:56', '2013-01-11 08:48:56', NULL, NULL, NULL, NULL),
(173, 463, NULL, 'PR', 'Content', 'Less than or Equal to 1.2', '', '2013-01-11 08:48:56', '2013-01-11 08:48:56', NULL, NULL, NULL, NULL),
(174, 463, NULL, 'INR', 'Content', '1 - 1.4', '', '2013-01-11 08:48:56', '2013-01-11 08:48:56', NULL, NULL, NULL, NULL),
(175, 463, NULL, 'THERAPEUTIC RANGES', 'Heading', '', '', '2013-01-11 08:48:56', '2013-01-11 08:48:56', NULL, NULL, NULL, NULL),
(176, 463, NULL, 'INR', 'Content', '2 - 3 ', '', '2013-01-11 08:48:56', '2013-01-11 08:48:56', NULL, NULL, NULL, NULL),
(177, 111, NULL, 'Beta human chorionic gonodotropin hormone titer', 'Content', 'Non-Pregnant Women and Men:<10', 'mIU/mL', '2013-01-11 09:22:15', '2013-01-17 12:15:03', NULL, NULL, NULL, 'Content'),
(178, 523, NULL, 'SERUM URIC ACID', 'Content', 'MALE: 3.5 - 7.0;FEMALE: 2.5 - 6.0', 'mg/dl', '2013-01-12 07:37:24', '2013-01-12 07:37:24', NULL, NULL, NULL, NULL),
(179, 850, NULL, 'SERUM CALCIUM', 'Content', '8.6 - 10.3', 'mg/dl', '2013-01-12 07:41:37', '2013-01-12 07:41:37', NULL, NULL, NULL, NULL),
(180, 242, 1, 'SODIUM        ', 'Content', '135  155 ', 'mmol/L', '2013-01-15 07:47:34', '2013-01-15 07:47:34', NULL, NULL, NULL, NULL),
(181, 242, 2, 'POTASSIUM   ', 'Content', '3.5  5.5  ', 'mmol/L', '2013-01-15 07:47:34', '2013-01-15 07:47:34', NULL, NULL, NULL, NULL),
(182, 242, 3, 'CHLORIDE ', 'Content', '94  108 ', 'mmol/L', '2013-01-15 07:47:34', '2013-01-15 07:47:34', NULL, NULL, NULL, NULL),
(183, 241, 1, 'SODIUM        ', 'Content', '40 - 220', 'mmol/L', '2013-01-15 07:56:11', '2013-01-15 07:56:11', NULL, NULL, NULL, NULL),
(184, 241, 2, 'POTASSIUM', 'Content', '', '', '2013-01-15 07:56:11', '2013-01-15 07:56:11', NULL, NULL, NULL, NULL),
(185, 241, 3, 'CHLORIDE ', 'Content', '', '', '2013-01-15 07:56:12', '2013-01-15 07:56:12', NULL, NULL, NULL, NULL),
(186, 815, 3, 'S.Paratyphi `AH`', 'Content', '', '', '2013-01-15 08:08:07', '2013-01-15 08:08:07', NULL, NULL, NULL, NULL),
(187, 815, 4, 'S.Paratyphi`BH`', 'Content', '', '', '2013-01-15 08:08:07', '2013-01-15 08:08:07', NULL, NULL, NULL, NULL),
(188, 815, NULL, 'IMPRESSION', 'Content', '', '', '2013-01-15 08:08:07', '2013-01-15 08:08:07', NULL, NULL, NULL, NULL),
(189, 813, 3, 'Sodium', 'Content', '135 - 155', 'mmol/L', '2013-01-15 08:16:59', '2013-01-15 08:16:59', NULL, NULL, NULL, NULL),
(190, 813, 4, 'Potassium', 'Content', '3.5 - 5.5', 'mmol/L', '2013-01-15 08:16:59', '2013-01-15 08:16:59', NULL, NULL, NULL, NULL),
(191, 813, 5, 'Cholrid', 'Content', '94 - 108', 'mmol/L', '2013-01-15 08:16:59', '2013-01-15 08:16:59', NULL, NULL, NULL, NULL),
(192, 529, NULL, 'VITAMIN B12', 'Content', '211  -   946', 'pg/ml', '2013-01-15 08:20:41', '2013-01-15 08:20:41', NULL, NULL, NULL, NULL),
(193, 533, 1, 'Vanillyl Mandelic Acid (VMA) - spot', 'Content', '', '', '2013-01-15 08:30:19', '2013-01-15 08:30:19', NULL, NULL, NULL, NULL),
(194, 834, 2, 'Corresponding Urine Sugar', 'Content', '', '', '2013-01-15 08:52:27', '2013-01-15 08:52:27', NULL, NULL, NULL, NULL),
(195, 834, 3, 'Post Lunch  Blood Sugar', 'Content', '110  -  160', 'mg/dl', '2013-01-15 08:52:27', '2013-01-15 08:52:27', NULL, NULL, NULL, NULL),
(196, 834, NULL, 'Corresponding Urine Sugar', 'Content', '', '', '2013-01-15 08:52:27', '2013-01-15 08:52:27', NULL, NULL, NULL, NULL),
(197, 513, 1, 'FREE T3', 'Content', 'Adults :  2.3   -  4.2;1- 15 Yrs:2.4 - 6.2;1  12 Mths  :  2.0  - 6.9;1  30  Days:   1.4  - 5.5', 'pg /ml', '2013-01-15 12:43:15', '2013-01-15 12:43:15', NULL, NULL, NULL, NULL),
(198, 498, NULL, 'FREE T4', 'Content', 'Adults    :  0.85   -   2.20;1-  15 Yrs  :  0.90  - 1.59;1  12 Mths  :  0.76  - 2.00;1  30  Days :   0.48  - 2.32 ', 'ng /dl', '2013-01-15 12:51:38', '2013-01-15 12:51:38', NULL, NULL, NULL, NULL),
(199, 78, NULL, 'Anti Thyroid Peroxidase Antibody(Anti TPO)', 'Content', '0  -  60 ', 'IU/mL', '2013-01-15 12:53:53', '2013-01-15 12:53:53', NULL, NULL, NULL, NULL),
(200, 180, 1, 'PHYSICAL EXAMINATION', 'Heading', '', '', '2013-01-16 09:35:34', '2013-01-16 09:35:34', NULL, NULL, NULL, NULL),
(201, 180, NULL, 'Colour	', 'Content', '', '', '2013-01-16 09:35:34', '2013-01-16 09:35:34', NULL, NULL, NULL, NULL),
(202, 180, NULL, 'Appearance', 'Content', '', '', '2013-01-16 09:35:34', '2013-01-16 09:35:34', NULL, NULL, NULL, NULL),
(203, 180, NULL, 'Reaction (pH)', 'Content', '', '', '2013-01-16 09:35:34', '2013-01-16 09:35:34', NULL, NULL, NULL, NULL),
(204, 180, NULL, 'Specific Gravity', 'Content', '', '', '2013-01-16 09:35:34', '2013-01-16 09:35:34', NULL, NULL, NULL, NULL),
(205, 180, NULL, 'CHEMICAL EXAMINATION', 'Heading', '', '', '2013-01-16 09:35:34', '2013-01-16 09:35:34', NULL, NULL, NULL, NULL),
(206, 180, NULL, 'Proteins', 'Content', '', '', '2013-01-16 09:35:34', '2013-01-16 09:35:34', NULL, NULL, NULL, NULL),
(207, 180, NULL, 'Sugar', 'Content', '', '', '2013-01-16 09:35:34', '2013-01-16 09:35:34', NULL, NULL, NULL, NULL),
(208, 180, NULL, 'Ketone Bodies', 'Content', '', '', '2013-01-16 09:35:34', '2013-01-16 09:35:34', NULL, NULL, NULL, NULL),
(209, 180, NULL, 'Blood', 'Content', '', '', '2013-01-16 09:35:35', '2013-01-16 09:35:35', NULL, NULL, NULL, NULL),
(210, 180, NULL, 'Bile Salts', 'Content', '', '', '2013-01-16 09:35:35', '2013-01-16 09:35:35', NULL, NULL, NULL, NULL),
(211, 180, NULL, 'Bile Pigments', 'Content', '', '', '2013-01-16 09:35:35', '2013-01-16 09:35:35', NULL, NULL, NULL, NULL),
(212, 180, NULL, 'Urobilinogen', 'Content', '', '', '2013-01-16 09:35:35', '2013-01-16 09:35:35', NULL, NULL, NULL, NULL),
(213, 180, NULL, 'MICROSCOPIC EXAMINATION', 'Heading', '', '', '2013-01-16 09:35:35', '2013-01-16 09:35:35', NULL, NULL, NULL, NULL),
(214, 180, NULL, 'Pus Cells', 'Content', '', '', '2013-01-16 09:35:35', '2013-01-16 09:35:35', NULL, NULL, NULL, NULL),
(215, 180, NULL, 'Epithelial cells', 'Content', '', '', '2013-01-16 09:35:35', '2013-01-16 09:35:35', NULL, NULL, NULL, NULL),
(216, 180, NULL, 'R.B.C', 'Content', '', '', '2013-01-16 09:35:35', '2013-01-16 09:35:35', NULL, NULL, NULL, NULL),
(217, 180, NULL, 'Casts', 'Content', '', '', '2013-01-16 09:35:35', '2013-01-16 09:35:35', NULL, NULL, NULL, NULL),
(218, 180, NULL, 'Crystals', 'Content', '', '', '2013-01-16 09:35:35', '2013-01-16 09:35:35', NULL, NULL, NULL, NULL),
(219, 180, NULL, 'Others	', 'Content', '', '', '2013-01-16 09:35:35', '2013-01-16 09:35:35', NULL, NULL, NULL, NULL),
(220, 20, NULL, '25 - Hydroxy Vitamin D3', 'Content', 'Deficiency  :  < 6.0;Insufficiency  : 6.0    20.0 ;Sufficiency      : 21   100 ;Toxicity  : > 100 ', 'ng/ml ', '2013-01-16 15:30:45', '2013-01-18 12:15:58', NULL, NULL, NULL, 'Content'),
(221, 236, NULL, 'Erythrocyte Sedimentation Rate (ESR)', 'Content', 'Male 	: 0  15;Female : 0  20 ', 'mm/hr', '2013-01-16 15:33:07', '2013-01-16 15:33:07', NULL, NULL, NULL, NULL),
(222, 87, NULL, 'Anti Nuclear Antibodies (ANA)', 'Content', 'Negative :Less Than 1.0;Equivoical  : 1.0    1.2;Positive : More Than 1.2', 'OD Ratio', '2013-01-16 15:36:59', '2013-01-16 15:36:59', NULL, NULL, NULL, NULL),
(223, 224, NULL, 'Dengue IgM', 'Content', 'Negative :Less Than 0.90;Equivoical  : 0.9    1.10;Positive : More Than 1.10', 'OD Ratio', '2013-01-16 15:39:20', '2013-01-16 15:39:20', NULL, NULL, NULL, NULL),
(224, 223, 1, 'Dengue IgG', 'Content', 'Negative :Less Than 0.90;Equivoical  : 0.9    1.10;Positive : More Than 1.10', '', '2013-01-16 15:40:44', '2013-01-16 15:40:44', NULL, NULL, NULL, NULL),
(225, 225, NULL, 'Dengue - NS1 Antigen', 'Content', '', '', '2013-01-16 15:42:45', '2013-01-16 15:42:45', NULL, NULL, NULL, NULL),
(226, 38, NULL, 'PLEURAL FLUID (ADA)', 'Content', 'NEGATIVE:Less Than 30;SUSPECT :  30  - 40; STRONG SUSPECT : 40  - 60;POSITIVE  :More Than 60', 'U/L ', '2013-01-16 15:46:46', '2013-01-16 15:46:46', NULL, NULL, NULL, NULL),
(227, 37, 1, 'Pericardial Fluid (ADA)', 'Content', 'NEGATIVE:Less Than 30;SUSPECT :  30  - 40; STRONG SUSPECT : 40  - 60;POSITIVE  :More Than 60', '', '2013-01-16 15:50:39', '2013-01-16 15:50:39', NULL, NULL, NULL, NULL),
(228, 36, 1, 'Ascitic Fluid (ADA)', 'Content', 'NEGATIVE:Less Than 30;SUSPECT :  30  - 40; STRONG SUSPECT : 40  - 60;POSITIVE  :More Than 60', '', '2013-01-16 15:52:18', '2013-01-16 15:52:18', NULL, NULL, NULL, NULL),
(229, 452, NULL, 'URINE  TOTAL  VOLUME  (24HRS)', 'Content', 'MILD PROTEINUREA  : UPTO 2.0 gm/day', 'ml', '2013-01-17 09:18:06', '2013-01-17 09:39:50', NULL, NULL, NULL, NULL),
(230, 452, NULL, 'MICROPROTEIN FOR  100 ml', 'Content', 'MODERATE  PROTEINUREA  :  2 - 4  gm/day', 'mg/dl', '2013-01-17 09:18:06', '2013-01-17 09:39:50', NULL, NULL, NULL, NULL),
(231, 452, NULL, '24 Hrs URINE PROTEIN', 'Content', 'SEVERE  PROTEINUREA  :  MORE THAN 4  gm/day', 'gm/day', '2013-01-17 09:18:06', '2013-01-17 09:39:50', NULL, NULL, NULL, NULL),
(232, 452, NULL, 'REFERENCE RANGE', 'Heading', '', '', '2013-01-17 09:18:06', '2013-01-17 09:18:06', NULL, NULL, NULL, NULL),
(233, 452, NULL, ' ', 'Content', '', '', '2013-01-17 09:18:06', '2013-01-17 09:39:50', NULL, NULL, NULL, NULL),
(234, 452, NULL, '', 'Content', '', '', '2013-01-17 09:18:06', '2013-01-17 09:39:50', NULL, NULL, NULL, NULL),
(235, 452, NULL, '', 'Content', '', '', '2013-01-17 09:18:06', '2013-01-17 09:39:50', NULL, NULL, NULL, NULL),
(236, 850, NULL, '', 'Content', '', '', '2013-01-17 10:55:00', '2013-01-17 11:24:19', NULL, NULL, NULL, NULL),
(237, 850, NULL, '', 'Content', '', '', '2013-01-17 10:56:03', '2013-01-17 11:24:19', NULL, NULL, NULL, NULL),
(238, 111, NULL, '', 'Heading', 'Pregnancy Women:', '', '2013-01-17 11:34:45', '2013-01-17 12:15:03', NULL, NULL, NULL, 'Heading'),
(239, 111, NULL, '', 'Heading', 'Week', '', '2013-01-17 11:34:45', '2013-01-17 12:15:03', NULL, NULL, NULL, 'Heading'),
(240, 111, NULL, '', 'Content', '1st-2nd:10 -94;2nd-3rd:61 - 2922;3rd-5th:666 - 18900;4th-5th:1536-49380;5th-6th:13860 - 90600;6th - 7th:16380 - 139800;7th- 11th:12540 - 174600;11th - 16th:3684 - 61800;16th-21st:2832 - 48060;21st-39th:1620-46860', 'mIU/mL', '2013-01-17 11:34:45', '2013-01-17 12:15:03', NULL, NULL, NULL, 'Content'),
(241, 322, 1, 'Insulin - Like Growth Factor(IGF-I)', 'Content', 'DURATION:FEMALE/MALE', 'mg/ul', '2013-01-18 07:53:27', '2013-01-18 14:19:17', NULL, NULL, NULL, 'Heading'),
(242, 322, NULL, '', 'Content', '02-12mon:17 - 79/17 - 79;01-03yrs:29 - 150/25 - 142;04-05yrs:43 - 212/27 - 192;06-08yrs:66 - 351/50 - 249;09-11yrs:81 - 611/55 - 339;12-15yrs:187 - 676/155 - 558;16-17yrs:143 - 613/187 - 532;17-24:128 - 488/158 - 497;25-29yrs:81 - 397/112 - 442;30-34yrs:71 -  352/89 - 350;35-39yrs:63 - 330/77 - 323;40-44yrs:58 - 318/70 - 307;45-49yrs:54 - 307/66 - 296;50-54yrs:49 - 292/61 - 225;55-59yrs:42 - 272/56 - 271;60-64yrs:35 - 248/50 - 255;65-69yrs:27 - 223/44 - 238;70-70yrs:22 - 204/38 - 223;74-97>yrs:21 - 189/35 - 213', 'mg/ul', '2013-01-18 07:53:27', '2013-01-18 09:22:35', NULL, NULL, NULL, 'Content'),
(243, 197, 1, 'Colony Count', 'Content', '>10^5', 'cfu/ml', '2013-01-18 11:46:15', '2013-01-18 11:46:15', NULL, NULL, NULL, 'Content'),
(244, 110, 1, 'BETA HCG', 'Content', 'Non Pregnant:<5.3', 'mIU/mL', '2013-01-18 12:38:47', '2013-01-18 12:38:47', NULL, NULL, NULL, 'Content'),
(245, 110, NULL, '', 'Content', 'Pregnant Woman', '', '2013-01-18 12:38:47', '2013-01-18 12:38:47', NULL, NULL, NULL, 'Heading'),
(246, 110, NULL, '', 'Content', 'Gestational        : Age(wks)', '', '2013-01-18 12:38:47', '2013-01-18 12:38:47', NULL, NULL, NULL, 'Heading'),
(247, 110, NULL, '', 'Content', '16 - 4870        :  1 - 3;1110 - 31500        :  3 - 4;2560 - 82300        :  4 - 5;2310 - 151000        :  5 - 6;27300 - 233000        :  6 - 7;20900 - 291000        :  7 - 11;6140 - 103000       :  11 - 16;2700 - 80100       :  16 - 39', '', '2013-01-18 12:38:47', '2013-01-18 12:51:35', NULL, NULL, NULL, 'Content');

-- --------------------------------------------------------

--
-- Table structure for table `test_sub_groups`
--

CREATE TABLE IF NOT EXISTS `test_sub_groups` (
  `id` int(11) NOT NULL AUTO_INCREMENT,
  `branch_code` varchar(255) COLLATE utf8_unicode_ci DEFAULT NULL,
  `branch_location` varchar(255) COLLATE utf8_unicode_ci DEFAULT NULL,
  `discontinued` varchar(255) COLLATE utf8_unicode_ci DEFAULT NULL,
  `test_group_id` int(11) NOT NULL,
  `sub_group_id` varchar(255) COLLATE utf8_unicode_ci DEFAULT NULL,
  `sub_group_name` varchar(255) COLLATE utf8_unicode_ci DEFAULT NULL,
  `created_at` datetime DEFAULT NULL,
  `updated_at` datetime DEFAULT NULL,
  PRIMARY KEY (`id`)
) ENGINE=InnoDB  DEFAULT CHARSET=utf8 COLLATE=utf8_unicode_ci AUTO_INCREMENT=20 ;

--
-- Dumping data for table `test_sub_groups`
--

INSERT INTO `test_sub_groups` (`id`, `branch_code`, `branch_location`, `discontinued`, `test_group_id`, `sub_group_id`, `sub_group_name`, `created_at`, `updated_at`) VALUES
(1, 'Exleaz Solutions', 'Pune', '0', 1, '1', 'Haematology', '2012-11-01 07:53:07', '2012-11-01 07:53:07'),
(2, 'Exleaz Solutions', 'Pune', '0', 5, '2', 'Micro Biology culture And Sensitivity', '2012-11-01 07:54:23', '2012-11-01 07:54:23'),
(3, 'Exleaz Solutions', 'Pune', '0', 3, '3', 'Serology', '2012-11-01 07:54:36', '2012-11-01 07:54:36'),
(4, 'Exleaz Solutions', 'Pune', '0', 19, '4', 'ct scan', '2012-11-17 05:07:10', '2012-11-17 05:07:10'),
(5, 'Exleaz Solutions', 'Pune', '0', 20, '5', 'x-ray', '2012-11-17 11:08:07', '2012-11-17 11:08:07'),
(6, 'Exleaz Solutions', 'Pune', '0', 21, '6', 'color doppler&ultra sound', '2012-11-17 12:05:29', '2012-11-17 12:05:29'),
(7, 'Exleaz Solutions', 'Pune', '0', 22, '7', 'mri', '2012-11-17 13:24:48', '2012-11-17 13:24:48'),
(10, 'Exleaz Solutions', 'Pune', '0', 2, '8', 'CROSS MATCH', '2012-11-22 10:16:29', '2012-11-22 10:16:29'),
(12, 'Nandi Diagnostics', 'Hyderabad', '0', 24, '10', 'qwer', '2012-12-10 13:10:56', '2012-12-10 13:10:56'),
(13, 'Nandi Diagnostics', 'Hyderabad', '0', 25, '11', 'blood', '2012-12-12 10:40:19', '2012-12-12 10:40:19'),
(15, 'Nandi Diagnostics', 'Hyderabad', '0', 28, '12', 'biochemistry', '2012-12-21 06:42:33', '2012-12-22 13:57:23'),
(16, 'Nandi Diagnostics', 'Hyderabad', '0', 9, '13', 'Haematology', '2012-12-24 12:55:23', '2012-12-24 12:55:40'),
(17, 'Nandi Diagnostics', 'Hyderabad', '0', 30, '14', 'Cytology', '2012-12-24 15:31:39', '2012-12-24 15:31:39'),
(18, 'Nandi Diagnostics', 'Hyderabad', '0', 1, '15', 'THYRAID', '2012-12-29 09:54:11', '2012-12-29 09:54:11'),
(19, 'Nandi Diagnostics', 'Hyderabad', '0', 5, '16', 'microbiology', '2013-01-18 09:48:09', '2013-01-18 09:48:09');

-- --------------------------------------------------------

--
-- Table structure for table `timings`
--

CREATE TABLE IF NOT EXISTS `timings` (
  `id` int(11) NOT NULL AUTO_INCREMENT,
  `created_at` datetime NOT NULL,
  `updated_at` datetime NOT NULL,
  PRIMARY KEY (`id`)
) ENGINE=InnoDB  DEFAULT CHARSET=utf8 COLLATE=utf8_unicode_ci AUTO_INCREMENT=2 ;

--
-- Dumping data for table `timings`
--

INSERT INTO `timings` (`id`, `created_at`, `updated_at`) VALUES
(1, '2012-12-28 07:11:10', '2012-12-28 07:11:10');

-- --------------------------------------------------------

--
-- Table structure for table `users`
--

CREATE TABLE IF NOT EXISTS `users` (
  `id` int(11) NOT NULL AUTO_INCREMENT,
  `email` varchar(255) COLLATE utf8_unicode_ci NOT NULL DEFAULT '',
  `encrypted_password` varchar(255) COLLATE utf8_unicode_ci NOT NULL DEFAULT '',
  `reset_password_token` varchar(255) COLLATE utf8_unicode_ci DEFAULT NULL,
  `reset_password_sent_at` datetime DEFAULT NULL,
  `remember_created_at` datetime DEFAULT NULL,
  `sign_in_count` int(11) DEFAULT '0',
  `current_sign_in_at` datetime DEFAULT NULL,
  `last_sign_in_at` datetime DEFAULT NULL,
  `current_sign_in_ip` varchar(255) COLLATE utf8_unicode_ci DEFAULT NULL,
  `last_sign_in_ip` varchar(255) COLLATE utf8_unicode_ci DEFAULT NULL,
  `created_at` datetime NOT NULL,
  `updated_at` datetime NOT NULL,
  `username` varchar(255) COLLATE utf8_unicode_ci DEFAULT NULL,
  PRIMARY KEY (`id`),
  UNIQUE KEY `index_users_on_email` (`email`),
  UNIQUE KEY `index_users_on_reset_password_token` (`reset_password_token`)
) ENGINE=InnoDB  DEFAULT CHARSET=utf8 COLLATE=utf8_unicode_ci AUTO_INCREMENT=2 ;

--
-- Dumping data for table `users`
--

INSERT INTO `users` (`id`, `email`, `encrypted_password`, `reset_password_token`, `reset_password_sent_at`, `remember_created_at`, `sign_in_count`, `current_sign_in_at`, `last_sign_in_at`, `current_sign_in_ip`, `last_sign_in_ip`, `created_at`, `updated_at`, `username`) VALUES
(1, 'sudheer@gmail.com', '$2a$10$eKIm8zzjBZOj243QAIWcguwZJ6a.cp8o3.e4pz9gK63Xi8pGuHXfe', NULL, NULL, NULL, 41, '2013-01-20 09:51:14', '2013-01-20 08:32:04', '127.0.0.1', '127.0.0.1', '2012-12-27 10:09:04', '2013-01-20 09:51:14', 'sudheer');

DELIMITER $$
--
-- Events
--
CREATE DEFINER=`root`@`localhost` EVENT `hostel_bed_utilization` ON SCHEDULE EVERY 1 DAY STARTS '2012-11-15 18:08:00' ON COMPLETION NOT PRESERVE ENABLE DO begin

insert into hostel_bed_status_temps select * from hostel_bed_statuses where isnull(vacate_date);

insert into `as` values();

select sleep(240) into @qq;
      
insert into c values(@qq);

insert into hostel_bed_daily_status
select 
distinct current_date - interval 1 day,a.building_master_id,a.room_master_id,a.id,case when coalesce(b.bed_id,0)!=0 then 'occupied' else 'available' end as status
from
(select 
building_master_id,room_master_id,id
from
bed_masters ) a 
left outer join 
(select  
bed_id 
from hostel_bed_statuses  
where (isnull(vacate_date) and admn_date!=current_date) or (vacate_date=current_date - interval 1 day)) b 
on a.id=b.bed_id;

delete from `as`;


insert into hostel_bed_statuses select * from hostel_bed_status_temps where admn_date=current_date or vacate_date=current_date;
delete from hostel_bed_statuses where id in(select id from hostel_bed_status_temps where admn_date!=current_date and vacate_date=current_date) and isnull(vacate_date);

delete from hostel_bed_status_temps;

       create or replace view hostel_beds_total as
       select building_master_id,room_master_id,count(*) as total from  hostel_bed_daily_status where date=current_date - interval 1 day group by building_master_id,room_master_id;

       create or replace view  hostel_bed_count_value as 
       select building_master_id,room_master_id,count(*) as total from  hostel_bed_daily_status where date=current_date - interval 1 day and status='occupied' group by building_master_id,room_master_id;

       insert into hostel_utilization_values
       select current_date - interval 1 day,a.building_master_id,a.room_master_id,a.total as total_beds,case when coalesce(b.total,0)!=0 then b.total else 0 end as occupied_beds,(case when coalesce(b.total,0)!=0 then b.total else 0 end/a.total)*100 as utilization_percentage from hostel_beds_total a left outer join hostel_bed_count_value b using(building_master_id,room_master_id);

delete from c;

end$$

DELIMITER ;

/*!40101 SET CHARACTER_SET_CLIENT=@OLD_CHARACTER_SET_CLIENT */;
/*!40101 SET CHARACTER_SET_RESULTS=@OLD_CHARACTER_SET_RESULTS */;
/*!40101 SET COLLATION_CONNECTION=@OLD_COLLATION_CONNECTION */;
